Metric,Step,Value,Wall_time
Loss/Total,0,5.41478157043457,1766241138.7901134
Loss/Total,50,4.673579216003418,1766241251.7524016
Loss/Total,100,4.4828901290893555,1766241365.1418734
Loss/Total,150,4.412378311157227,1766241479.1888256
Loss/Total,200,4.140072345733643,1766241593.0459042
Loss/Total,250,4.176163673400879,1766241707.1520014
Loss/Total,300,3.9711344242095947,1766241818.0493782
Loss/Total,350,4.162926197052002,1766241932.4334717
Loss/Total,400,4.137144088745117,1766242042.470798
Loss/Total,450,4.202171325683594,1766242155.216862
Loss/Total,500,3.8981480598449707,1766242262.022033
Loss/Total,550,4.038262844085693,1766242374.5745041
Loss/Total,600,3.9400758743286133,1766242489.8411353
Loss/Total,650,3.744325637817383,1766242605.2352133
Loss/Total,700,3.7936604022979736,1766242719.3556552
Loss/Total,750,3.775996685028076,1766242834.7381518
Loss/Total,800,3.875131607055664,1766242948.662372
Loss/Total,850,3.9474568367004395,1766243060.0456483
Loss/Total,900,3.653775453567505,1766243176.944988
Loss/Total,950,3.732832431793213,1766243290.4387689
Loss/Total,1000,3.6468098163604736,1766243404.602433
Loss/Total,1050,3.4699532985687256,1766243518.0716372
Loss/Total,1100,3.388728141784668,1766243632.3845232
Loss/Total,1150,3.4677233695983887,1766243746.7543721
Loss/Total,1200,3.3241496086120605,1766243859.9366171
Loss/Total,1250,3.3053104877471924,1766243973.6849754
Loss/Total,1300,3.295053720474243,1766244086.9945922
Loss/Total,1350,3.3871116638183594,1766244201.0660641
Loss/Total,1400,3.110180139541626,1766244314.0908
Loss/Total,1450,3.2652511596679688,1766244428.3710482
Loss/Total,1500,3.3499269485473633,1766244540.747774
Loss/Total,1550,3.345118522644043,1766244652.9100506
Loss/Total,1600,3.383967638015747,1766244765.5189726
Loss/Total,1650,3.1942949295043945,1766244875.8540726
Loss/Total,1700,3.45306658744812,1766244988.3812346
Loss/Total,1750,3.1039376258850098,1766245104.4558308
Loss/Total,1800,2.965056896209717,1766245215.1516778
Loss/Total,1850,3.209373712539673,1766245328.7003925
Loss/Total,1900,3.2849907875061035,1766245442.4780877
Loss/Total,1950,2.995138645172119,1766245554.0123565
Loss/Total,2000,3.0195093154907227,1766245670.260312
Loss/Total,2050,2.924941301345825,1766245781.3440974
Loss/Total,2100,3.1893246173858643,1766245897.0425398
Loss/Total,2150,2.9562764167785645,1766246007.9667382
Loss/Total,2200,3.0371603965759277,1766246121.3765798
Loss/Total,2250,3.0793914794921875,1766246235.0655353
Loss/Total,2300,2.8480963706970215,1766246350.9252317
Loss/Total,2350,2.7642791271209717,1766246462.062307
Loss/Total,2400,2.898937225341797,1766246577.385168
Loss/Total,2450,3.1981430053710938,1766246688.3862936
Loss/Total,2500,2.8514060974121094,1766246802.0406163
Loss/Total,2550,2.837146520614624,1766246915.7695239
Loss/Total,2600,2.945913791656494,1766247027.582527
Loss/Total,2650,2.967907667160034,1766247141.119568
Loss/Total,2700,2.813281297683716,1766247253.9087348
Loss/Total,2750,2.899263858795166,1766247365.9632087
Loss/Total,2800,2.951026678085327,1766247481.0063758
Loss/Total,2850,2.739961862564087,1766247596.6605494
Loss/Total,2900,2.7275240421295166,1766247707.946738
Loss/Total,2950,2.93501615524292,1766247820.8205402
Loss/Total,3000,2.798250913619995,1766247933.9538753
Loss/Total,3050,2.714271306991577,1766248046.0265374
Loss/Total,3100,2.8812952041625977,1766248157.4837928
Loss/Total,3150,2.663344621658325,1766248272.0480049
Loss/Total,3200,2.603952169418335,1766248380.2572143
Loss/Total,3250,2.9825823307037354,1766248487.1561432
Loss/Total,3300,2.6928281784057617,1766248597.2869174
Loss/Total,3350,2.875401258468628,1766248709.8023212
Loss/Total,3400,2.5631155967712402,1766248826.7278752
Loss/Total,3450,2.7324414253234863,1766248938.074457
Loss/Total,3500,2.6849048137664795,1766249051.7251728
Loss/Total,3550,2.645329475402832,1766249162.532365
Loss/Total,3600,2.688253402709961,1766249275.050183
Loss/Total,3650,2.6587464809417725,1766249390.2676117
Loss/Total,3700,2.659597396850586,1766249504.0260453
Loss/Total,3750,2.4955902099609375,1766249618.0615828
Loss/Total,3800,2.6660706996917725,1766249731.6794796
Loss/Total,3850,2.5992329120635986,1766249847.1322336
Loss/Total,3900,2.5173916816711426,1766249959.8850796
Loss/Total,3950,2.5765786170959473,1766250073.7374957
Loss/Total,4000,2.6936583518981934,1766250185.7983112
Loss/Total,4050,2.665045738220215,1766250299.609769
Loss/Total,4100,2.7746846675872803,1766250415.61872
Loss/Total,4150,2.482069253921509,1766250526.4078765
Loss/Total,4200,2.56626033782959,1766250640.908392
Loss/Total,4250,2.50388240814209,1766250751.950126
Loss/Total,4300,2.2861173152923584,1766250865.033614
Loss/Total,4350,2.4185945987701416,1766250978.5928488
Loss/Total,4400,2.7574572563171387,1766251093.1713145
Loss/Total,4450,2.3916068077087402,1766251206.2791536
Loss/Total,4500,2.533656358718872,1766251319.691437
Loss/Total,4550,2.5510504245758057,1766251431.8318453
Loss/Total,4600,2.70753812789917,1766251547.5790596
Loss/Total,4650,2.699136734008789,1766251663.817371
Loss/Total,4700,2.325465202331543,1766251776.9858334
Loss/Total,4750,2.4471068382263184,1766251892.4565496
Loss/Total,4800,2.4222240447998047,1766252006.9909747
Loss/Total,4850,2.505110025405884,1766252122.0913093
Loss/Total,4900,2.4815149307250977,1766252232.6558654
Loss/Total,4950,2.2829017639160156,1766252346.1699789
Loss/Total,5000,2.5309367179870605,1766252459.1342988
Loss/Total,5050,2.4382011890411377,1766252572.719954
Loss/Total,5100,2.244935989379883,1766252685.0597343
Loss/Total,5150,2.250452995300293,1766252802.0903199
Loss/Total,5200,2.353705883026123,1766252911.458154
Loss/Total,5250,2.5937609672546387,1766253025.8802774
Loss/Total,5300,2.3161489963531494,1766253135.6346729
Loss/Total,5350,2.3960936069488525,1766253250.490268
Loss/Total,5400,2.224769115447998,1766253365.2719328
Loss/Total,5450,2.482513904571533,1766253480.318746
Loss/Total,5500,2.5640437602996826,1766253597.0919678
Loss/Total,5550,2.2876713275909424,1766253707.7596285
Loss/Total,5600,2.6799330711364746,1766253821.8453574
Loss/Total,5650,2.5478811264038086,1766253935.6420255
Loss/Total,5700,2.408799648284912,1766254045.3940866
Loss/Total,5750,2.298480272293091,1766254158.1097827
Loss/Total,5800,2.3322055339813232,1766254268.8986204
Loss/Total,5850,2.240896701812744,1766254381.7021377
Loss/Total,5900,2.497750997543335,1766254494.4161687
Loss/Total,5950,2.1062867641448975,1766254606.035668
Loss/Total,6000,2.2621889114379883,1766254717.0421052
Loss/Total,6050,2.4981627464294434,1766254831.709777
Loss/Total,6100,2.3394856452941895,1766254947.8931117
Loss/Total,6150,2.407547950744629,1766255059.1289341
Loss/Total,6200,2.23882794380188,1766255172.197211
Loss/Total,6250,2.526233673095703,1766255282.2562845
Loss/Total,6300,2.0942938327789307,1766255395.0163095
Loss/Total,6350,2.1454038619995117,1766255504.4309049
Loss/Total,6400,2.2301340103149414,1766255618.556043
Loss/Total,6450,2.1630442142486572,1766255734.976676
Loss/Total,6500,2.0331859588623047,1766255847.4218028
Loss/Total,6550,2.240334987640381,1766255962.724843
Loss/Total,6600,2.111489772796631,1766256073.201174
Loss/Total,6650,2.2754344940185547,1766256185.7264693
Loss/Total,6700,1.9753202199935913,1766256299.7673697
Loss/Total,6750,2.408618211746216,1766256415.2262325
Loss/Total,6800,2.355015516281128,1766256524.1732547
Loss/Total,6850,2.268923282623291,1766256636.9438882
Loss/Total,6900,2.1726365089416504,1766256751.87094
Loss/Total,6950,2.2271745204925537,1766256863.3757946
Loss/Total,7000,2.066793441772461,1766256976.7812724
Loss/Total,7050,2.3925578594207764,1766257087.7769551
Loss/Total,7100,2.254107713699341,1766257198.591926
Loss/Total,7150,2.0696027278900146,1766257308.4486878
Loss/Total,7200,2.1301074028015137,1766257422.0027874
Loss/Total,7250,2.5299649238586426,1766257532.249355
Loss/Total,7300,2.0795748233795166,1766257642.7868178
Loss/Total,7350,2.437375545501709,1766257751.4031327
Loss/Total,7400,2.1863017082214355,1766257862.0088453
Loss/Total,7450,2.2766709327697754,1766257977.4871876
Loss/Total,7500,2.0876758098602295,1766258086.4128346
Loss/Total,7550,2.515833616256714,1766258197.4201136
Loss/Total,7600,2.2285406589508057,1766258307.1715474
Loss/Total,7650,2.545696496963501,1766258417.207705
Loss/Total,7700,2.0508172512054443,1766258528.7175033
Loss/Total,7750,2.2938528060913086,1766258640.2483997
Loss/Total,7800,2.0354835987091064,1766258756.7827418
Loss/Total,7850,2.1225717067718506,1766258869.4785182
Loss/Total,7900,2.1668589115142822,1766258983.9430103
Loss/Total,7950,2.180520534515381,1766259096.5241766
Loss/Total,8000,1.9449577331542969,1766259209.9856505
Loss/Total,8050,1.870825171470642,1766259322.3272524
Loss/Total,8100,1.9688800573349,1766259433.0505426
Loss/Total,8150,2.098599672317505,1766259543.2817373
Loss/Total,8200,1.9744949340820312,1766259655.5102565
Loss/Total,8250,2.2670176029205322,1766259767.0045156
Loss/Total,8300,2.07619047164917,1766259879.3555803
Loss/Total,8350,2.1854472160339355,1766259990.8123012
Loss/Total,8400,2.356630325317383,1766260100.6129532
Loss/Total,8450,1.9758269786834717,1766260217.000044
Loss/Total,8500,2.056952476501465,1766260328.9520285
Loss/Total,8550,1.992795705795288,1766260441.3850899
Loss/Total,8600,1.790755271911621,1766260550.6618624
Loss/Total,8650,1.984470009803772,1766260663.1664412
Loss/Total,8700,2.0857980251312256,1766260775.828363
Loss/Total,8750,1.801737904548645,1766260888.8039644
Loss/Total,8800,2.1696243286132812,1766261004.3716145
Loss/Total,8850,2.450610637664795,1766261118.1323977
Loss/Total,8900,2.1358487606048584,1766261230.3922942
Loss/Total,8950,2.1508309841156006,1766261343.7934356
Loss/Total,9000,2.1896986961364746,1766261460.8565993
Loss/Total,9050,2.0508594512939453,1766261576.0473247
Loss/Total,9100,2.1111092567443848,1766261690.9851553
Loss/Total,9150,2.000761032104492,1766261803.724251
Loss/Total,9200,2.0540716648101807,1766261917.739301
Loss/Total,9250,2.152280807495117,1766262031.4298272
Loss/Total,9300,2.4649908542633057,1766262145.698809
Loss/Total,9350,2.052546501159668,1766262260.1690364
Loss/Total,9400,1.9317834377288818,1766262371.8481746
Loss/Total,9450,2.010089874267578,1766262481.9955564
Loss/Total,9500,2.2400007247924805,1766262592.9440594
Loss/Total,9550,1.9352192878723145,1766262703.9215455
Loss/Total,9600,1.9798258543014526,1766262814.9575994
Loss/Total,9650,1.8597438335418701,1766262927.3263896
Loss/Total,9700,2.0968284606933594,1766263037.3632112
Loss/Total,9750,2.0317609310150146,1766263150.2545812
Loss/Total,9800,2.2615411281585693,1766263263.1226602
Loss/Total,9850,1.8230984210968018,1766263376.148475
Loss/Total,9900,1.9205856323242188,1766263487.406337
Loss/Total,9950,1.9230751991271973,1766263603.1657114
Loss/Total,10000,1.7631797790527344,1766263715.3953161
Loss/Total,10050,1.930498480796814,1766263823.7187614
Loss/Total,10100,1.992519736289978,1766263937.2533765
Loss/Total,10150,2.126246452331543,1766264050.7993338
Loss/Total,10200,1.8154300451278687,1766264162.2944689
Loss/Total,10250,2.0454325675964355,1766264270.717691
Loss/Total,10300,1.840749979019165,1766264386.6176312
Loss/Total,10350,1.8838402032852173,1766264501.683905
Loss/Total,10400,1.774627447128296,1766264612.700911
Loss/Total,10450,1.8543999195098877,1766264725.7346702
Loss/Total,10500,2.1550440788269043,1766264841.540385
Loss/Total,10550,1.849750280380249,1766264953.1393514
Loss/Total,10600,1.984020471572876,1766265066.0297008
Loss/Total,10650,2.3184666633605957,1766265176.0999267
Loss/Total,10700,1.898742437362671,1766265287.4468307
Loss/Total,10750,1.8532071113586426,1766265402.6402407
Loss/Total,10800,1.8685299158096313,1766265518.1843452
Loss/Total,10850,1.8361313343048096,1766265629.8661668
Loss/Total,10900,1.7619011402130127,1766265744.34188
Loss/Total,10950,1.7606604099273682,1766265857.8953195
Loss/Total,11000,1.9627008438110352,1766265968.8065994
Loss/Total,11050,1.975663661956787,1766266081.561029
Loss/Total,11100,1.89753258228302,1766266196.6299105
Loss/Total,11150,1.91556715965271,1766266307.1194255
Loss/Total,11200,1.9150946140289307,1766266424.5023544
Loss/Total,11250,1.684730052947998,1766266535.2246115
Loss/Total,11300,1.7994914054870605,1766266650.0225394
Loss/Total,11350,1.9139286279678345,1766266761.4205081
Loss/Total,11400,1.890122413635254,1766266874.5831487
Loss/Total,11450,1.9089964628219604,1766266987.7955651
Loss/Total,11500,2.056220769882202,1766267097.892136
Loss/Total,11550,1.9576994180679321,1766267212.3889415
Loss/Total,11600,1.9477672576904297,1766267326.3098123
Loss/Total,11650,1.825701117515564,1766267436.5231683
Loss/Total,11700,1.7914540767669678,1766267546.9654517
Loss/Total,11750,2.0779426097869873,1766267660.741016
Loss/Total,11800,1.8264107704162598,1766267773.1560361
Loss/Total,11850,1.9735143184661865,1766267889.2541018
Loss/Total,11900,2.1850836277008057,1766268004.680843
Loss/Total,11950,1.7641088962554932,1766268117.4775572
Loss/Total,12000,2.0003132820129395,1766268229.4081504
Loss/Total,12050,2.0531628131866455,1766268341.161256
Loss/Total,12100,1.7864445447921753,1766268455.5476208
Loss/Total,12150,1.8069846630096436,1766268568.8686388
Loss/Total,12200,1.8042116165161133,1766268684.6278114
Loss/Total,12250,2.0250985622406006,1766268798.15692
Loss/Total,12300,1.9253671169281006,1766268909.8939953
Loss/Total,12350,1.8851858377456665,1766269022.5103686
Loss/Total,12400,2.1013882160186768,1766269138.608504
Loss/Total,12450,1.861016035079956,1766269252.4342375
Loss/Total,12500,1.7368781566619873,1766269365.1436136
Loss/Total,12550,1.7416975498199463,1766269478.306319
Loss/Total,12600,1.830808162689209,1766269591.3252528
Loss/Total,12650,1.8183878660202026,1766269709.48841
Loss/Total,12700,1.8465895652770996,1766269822.2093706
Loss/Total,12750,1.8090038299560547,1766269935.2370012
Loss/Total,12800,1.9488492012023926,1766270049.1615844
Loss/Total,12850,1.9192824363708496,1766270165.2650812
Loss/Total,12900,2.119778871536255,1766270273.6213565
Loss/Total,12950,2.0319838523864746,1766270381.5598924
Loss/Total,13000,1.8460891246795654,1766270497.7043233
Loss/Total,13050,1.7184096574783325,1766270610.8384979
Loss/Total,13100,1.7055644989013672,1766270721.345972
Loss/Total,13150,1.6467177867889404,1766270834.7945704
Loss/Total,13200,1.9383798837661743,1766270948.0334594
Loss/Total,13250,1.7491531372070312,1766271062.7066467
Loss/Total,13300,1.8807671070098877,1766271173.2003665
Loss/Total,13350,1.9008315801620483,1766271289.3069384
Loss/Total,13400,1.8292443752288818,1766271399.6311476
Loss/Total,13450,1.7895655632019043,1766271511.8697793
Loss/Total,13500,1.7970472574234009,1766271621.465172
Loss/Total,13550,1.8828918933868408,1766271731.9521613
Loss/Total,13600,1.7929457426071167,1766271846.2567365
Loss/Total,13650,1.769535779953003,1766271959.755135
Loss/Total,13700,1.7932339906692505,1766272071.3735662
Loss/Total,13750,1.8018063306808472,1766272181.6380196
Loss/Total,13800,1.8125431537628174,1766272292.8257334
Loss/Total,13850,1.8382315635681152,1766272405.1971276
Loss/Total,13900,1.849043607711792,1766272513.4311504
Loss/Total,13950,1.9632833003997803,1766272627.2592719
Loss/Total,14000,1.753178596496582,1766272742.54333
Loss/Total,14050,2.189615249633789,1766272857.8697314
Loss/Total,14100,1.8690268993377686,1766272967.9688323
Loss/Total,14150,1.6304187774658203,1766273082.3260145
Loss/Total,14200,1.6553723812103271,1766273195.727101
Loss/Total,14250,1.5483427047729492,1766273308.8325095
Loss/Total,14300,1.8322410583496094,1766273420.5301838
Loss/Total,14350,1.8994231224060059,1766273532.8066967
Loss/Total,14400,1.6986966133117676,1766273645.7784712
Loss/Total,14450,1.8415133953094482,1766273757.099621
Loss/Total,14500,1.8278493881225586,1766273867.5448062
Loss/Total,14550,1.7956092357635498,1766273981.2909386
Loss/Total,14600,1.8272299766540527,1766274094.8842466
Loss/Total,14650,1.6480724811553955,1766274207.0430593
Loss/Total,14700,1.6424155235290527,1766274318.9020085
Loss/Total,14750,1.662949800491333,1766274436.1099312
Loss/Total,14800,1.8919764757156372,1766274550.34408
Loss/Total,14850,1.6269865036010742,1766274662.7483785
Loss/Total,14900,1.8155899047851562,1766274776.30665
Loss/Total,14950,1.682335615158081,1766274891.8722525
Loss/Total,15000,1.8391309976577759,1766275007.6659586
Loss/Total,15050,1.75945246219635,1766275119.9804308
Loss/Total,15100,1.6302728652954102,1766275230.5993953
Loss/Total,15150,1.724661111831665,1766275341.7506945
Loss/Total,15200,1.6245626211166382,1766275455.849342
Loss/Total,15250,1.8735764026641846,1766275570.5238335
Loss/Total,15300,1.733898401260376,1766275682.1779273
Loss/Total,15350,1.6991238594055176,1766275797.44172
Loss/Total,15400,1.8399872779846191,1766275909.1007345
Loss/Total,15450,1.6573688983917236,1766276023.548492
Loss/Total,15500,1.666598916053772,1766276131.6978488
Loss/Total,15550,1.7142655849456787,1766276246.1968808
Loss/Total,15600,1.8993834257125854,1766276359.785377
Loss/Total,15650,1.5737481117248535,1766276472.3000538
Loss/Total,15700,1.8232804536819458,1766276586.3342283
Loss/Total,15750,1.8203892707824707,1766276698.332473
Loss/Total,15800,1.9830496311187744,1766276808.9325058
Loss/Total,15850,1.6756858825683594,1766276919.1952817
Loss/Total,15900,1.9118385314941406,1766277033.8119931
Loss/Total,15950,1.8091635704040527,1766277145.0230536
Loss/Total,16000,1.7101898193359375,1766277257.9416096
Loss/Total,16050,1.5939902067184448,1766277370.3142948
Loss/Total,16100,1.78826904296875,1766277484.7903135
Loss/Total,16150,1.6925159692764282,1766277598.4955347
Loss/Total,16200,1.7504582405090332,1766277711.5363524
Loss/Total,16250,1.7483774423599243,1766277825.904941
Loss/Total,16300,1.8826617002487183,1766277939.5514565
Loss/Total,16350,1.7783312797546387,1766278053.201912
Loss/Total,16400,1.93841552734375,1766278165.5232017
Loss/Total,16450,1.828321933746338,1766278278.7790604
Loss/Total,16500,1.934833288192749,1766278391.8321185
Loss/Total,16550,1.5875732898712158,1766278506.335831
Loss/Total,16600,1.804538607597351,1766278622.9902413
Loss/Total,16650,1.754048228263855,1766278734.8217602
Loss/Total,16700,1.7668838500976562,1766278851.2951343
Loss/Total,16750,1.7429828643798828,1766278963.3775773
Loss/Total,16800,1.5975106954574585,1766279075.8794422
Loss/Total,16850,1.638168454170227,1766279189.7785168
Loss/Total,16900,1.7636395692825317,1766279305.6352115
Loss/Total,16950,1.9439728260040283,1766279417.561001
Loss/Total,17000,1.6568474769592285,1766279531.5442371
Loss/Total,17050,1.6601238250732422,1766279642.017474
Loss/Total,17100,1.815335988998413,1766279754.2862103
Loss/Total,17150,1.6925179958343506,1766279868.4889894
Loss/Total,17200,1.6269612312316895,1766279980.9367483
Loss/Total,17250,1.845041036605835,1766280093.5908306
Loss/Total,17300,1.5384272336959839,1766280208.3303616
Loss/Total,17350,1.6580649614334106,1766280317.126896
Loss/Total,17400,1.6890430450439453,1766280426.2837145
Loss/Total,17450,1.6030713319778442,1766280543.8699582
Loss/Total,17500,1.9056434631347656,1766280659.5755682
Loss/Total,17550,1.7472164630889893,1766280770.2986274
Loss/Total,17600,1.9650262594223022,1766280882.9460568
Loss/Total,17650,1.7791783809661865,1766280996.0780852
Loss/Total,17700,1.6130707263946533,1766281114.1185126
Loss/Total,17750,1.6845002174377441,1766281227.3426554
Loss/Total,17800,1.7907731533050537,1766281339.0117283
Loss/Total,17850,1.7089571952819824,1766281452.8948812
Loss/Total,17900,1.7470171451568604,1766281569.915441
Loss/Total,17950,1.6911283731460571,1766281679.3793633
Loss/Total,18000,1.814600944519043,1766281798.499035
Loss/Total,18050,1.8051586151123047,1766281909.6811893
Loss/Total,18100,1.5606343746185303,1766282023.5018828
Loss/Total,18150,1.6608290672302246,1766282136.9404147
Loss/Total,18200,1.711960792541504,1766282251.2737339
Loss/Total,18250,1.7680637836456299,1766282359.4457986
Loss/Total,18300,1.5489532947540283,1766282473.0060494
Loss/Total,18350,1.7168151140213013,1766282587.7430797
Loss/Total,18400,1.8877294063568115,1766282704.8048937
Loss/Total,18450,1.567753791809082,1766282814.7467313
Loss/Total,18500,1.84649658203125,1766282926.4483314
Loss/Total,18550,1.7291932106018066,1766283042.6350102
Loss/Total,18600,1.7734512090682983,1766283156.0410118
Loss/Total,18650,1.7199574708938599,1766283267.6370413
Loss/Total,18700,1.8103032112121582,1766283377.7810216
Loss/Total,18750,1.6757919788360596,1766283491.750816
Loss/Total,18800,1.7561060190200806,1766283606.1817458
Loss/Total,18850,1.5871529579162598,1766283716.7412727
Loss/Total,18900,1.6413161754608154,1766283830.9561744
Loss/Total,18950,1.749196171760559,1766283942.5890393
Loss/Total,19000,1.7714200019836426,1766284054.0877588
Loss/Total,19050,1.5292788743972778,1766284165.9045908
Loss/Total,19100,1.7446956634521484,1766284275.0512192
Loss/Total,19150,1.5146534442901611,1766284386.8800566
Loss/Total,19200,1.5665165185928345,1766284496.2509522
Loss/Total,19250,1.735640525817871,1766284608.4976692
Loss/Total,19300,1.6312421560287476,1766284723.7161763
Loss/Total,19350,1.7131954431533813,1766284836.7323318
Loss/Total,19400,1.6800440549850464,1766284951.459062
Loss/Total,19450,1.5592832565307617,1766285066.5364864
Loss/Total,19500,1.8561451435089111,1766285175.9101374
Loss/Total,19550,1.4614742994308472,1766285289.5836623
Loss/Total,19600,1.6679069995880127,1766285405.0796692
Loss/Total,19650,1.6711748838424683,1766285519.8506289
Loss/Total,19700,1.7488276958465576,1766285632.7040176
Loss/Total,19750,1.6772968769073486,1766285747.5792756
Loss/Total,19800,1.650627613067627,1766285860.325731
Loss/Total,19850,1.7213804721832275,1766285972.2359195
Loss/Total,19900,1.7246956825256348,1766286081.269168
Loss/Total,19950,1.8428730964660645,1766286196.5761538
Loss/Total,20000,1.6563245058059692,1766286308.964407
Loss/Total,20050,1.9030894041061401,1766286423.5691335
Loss/Total,20100,1.7425838708877563,1766286535.8202765
Loss/Total,20150,1.58192777633667,1766286649.9009151
Loss/Total,20200,1.885822057723999,1766286763.110726
Loss/Total,20250,1.6869730949401855,1766286871.6822212
Loss/Total,20300,1.4250574111938477,1766286986.8021433
Loss/Total,20350,1.5024583339691162,1766287102.0708086
Loss/Total,20400,1.5428547859191895,1766287216.449668
Loss/Total,20450,1.844728946685791,1766287327.3035922
Loss/Total,20500,1.5623230934143066,1766287438.6493878
Loss/Total,20550,1.7171504497528076,1766287552.9915771
Loss/Total,20600,1.799991488456726,1766287668.4455202
Loss/Total,20650,1.5583950281143188,1766287782.653159
Loss/Total,20700,1.6592562198638916,1766287894.644964
Loss/Total,20750,1.6881625652313232,1766288007.6779518
Loss/Total,20800,1.5597835779190063,1766288120.4694722
Loss/Total,20850,1.5946638584136963,1766288230.8906655
Loss/Total,20900,1.5231784582138062,1766288346.2395177
Loss/Total,20950,1.5258914232254028,1766288459.8623362
Loss/Total,21000,1.6569817066192627,1766288573.9809587
Loss/Total,21050,1.7501132488250732,1766288687.6623085
Loss/Total,21100,1.6433144807815552,1766288800.7773328
Loss/Total,21150,1.6879994869232178,1766288911.5559978
Loss/Total,21200,1.6682415008544922,1766289021.4578507
Loss/Total,21250,1.749623417854309,1766289133.9532075
Loss/Total,21300,1.703599452972412,1766289247.076693
Loss/Total,21350,1.7861263751983643,1766289357.9511685
Loss/Total,21400,1.5628403425216675,1766289466.7269933
Loss/Total,21450,1.6707963943481445,1766289579.9443102
Loss/Total,21500,1.4462053775787354,1766289696.1935992
Loss/Total,21550,1.5727479457855225,1766289807.4996173
Loss/Total,21600,1.5474154949188232,1766289920.8035583
Loss/Total,21650,1.6735584735870361,1766290034.377311
Loss/Total,21700,1.5736258029937744,1766290147.92886
Loss/Total,21750,1.5468389987945557,1766290257.0655496
Loss/Total,21800,1.544138789176941,1766290368.1980364
Loss/Total,21850,1.7449727058410645,1766290478.7995946
Loss/Total,21900,1.579400658607483,1766290593.329673
Loss/Total,21950,1.5456290245056152,1766290706.6101274
Loss/Total,22000,1.6307461261749268,1766290820.4021876
Loss/Total,22050,1.767086148262024,1766290936.0114868
Loss/Total,22100,1.7292590141296387,1766291051.6335733
Loss/Total,22150,1.8320677280426025,1766291165.8618948
Loss/Total,22200,1.6896835565567017,1766291278.6644025
Loss/Total,22250,1.6585819721221924,1766291390.1676376
Loss/Total,22300,1.6725749969482422,1766291507.2524712
Loss/Total,22350,1.4360170364379883,1766291619.2628634
Loss/Total,22400,1.4522639513015747,1766291729.8590488
Loss/Total,22450,1.5462126731872559,1766291845.8359134
Loss/Total,22500,1.7591882944107056,1766291956.7488246
Loss/Total,22550,1.511383295059204,1766292071.8253036
Loss/Total,22600,1.4408984184265137,1766292184.8986678
Loss/Total,22650,1.5608232021331787,1766292295.1195464
Loss/Total,22700,1.7791321277618408,1766292410.6003742
Loss/Total,22750,1.7625921964645386,1766292523.2576482
Loss/Total,22800,1.806206226348877,1766292637.4229941
Loss/Total,22850,1.614837646484375,1766292749.258582
Loss/Total,22900,1.4768610000610352,1766292862.6728473
Loss/Total,22950,1.5132372379302979,1766292975.2769015
Loss/Total,23000,1.6425154209136963,1766293087.3657758
Loss/Total,23050,1.515601634979248,1766293195.5762358
Loss/Total,23100,1.7414765357971191,1766293310.9554815
Loss/Total,23150,1.414044737815857,1766293422.4308004
Loss/Total,23200,1.6324210166931152,1766293536.7924936
Loss/Total,23250,1.6880297660827637,1766293651.8745852
Loss/Total,23300,1.7893123626708984,1766293763.364649
Loss/Total,23350,1.4726660251617432,1766293878.8876674
Loss/Total,23400,1.4716542959213257,1766293992.615992
Loss/Total,23450,1.4866455793380737,1766294108.8020244
Loss/Total,23500,1.6302285194396973,1766294225.4438777
Loss/Total,23550,1.7504405975341797,1766294336.556602
Loss/Total,23600,1.6273528337478638,1766294449.5669174
Loss/Total,23650,1.8426371812820435,1766294562.256809
Loss/Total,23700,1.6488914489746094,1766294673.8178384
Loss/Total,23750,1.4715063571929932,1766294785.476517
Loss/Total,23800,1.7101788520812988,1766294893.9038596
Loss/Total,23850,1.5685399770736694,1766295005.800197
Loss/Total,23900,1.812034010887146,1766295118.2251651
Loss/Total,23950,1.499230146408081,1766295234.4734583
Loss/Total,24000,1.47870671749115,1766295346.4705896
Loss/Total,24050,1.526285171508789,1766295461.3757641
Loss/Total,24100,1.5958662033081055,1766295575.8251204
Loss/Total,24150,1.6171720027923584,1766295687.2766237
Loss/Total,24200,1.829810619354248,1766295799.7450995
Loss/Total,24250,1.5560317039489746,1766295912.3188818
Loss/Total,24300,1.832296371459961,1766296026.0278833
Loss/Total,24350,1.7166929244995117,1766296139.1993573
Loss/Total,24400,1.4447768926620483,1766296252.1484084
Loss/Total,24450,1.618091344833374,1766296360.516477
Loss/Total,24500,1.6151552200317383,1766296475.0520692
Loss/Total,24550,1.4190335273742676,1766296584.0087168
Loss/Total,24600,1.7271910905838013,1766296700.6679358
Loss/Total,24650,1.3628164529800415,1766296811.933286
Loss/Total,24700,1.7779457569122314,1766296923.62124
Loss/Total,24750,1.6222633123397827,1766297036.0104241
Loss/Total,24800,1.4423953294754028,1766297148.9403234
Loss/Total,24850,1.5490922927856445,1766297263.5029066
Loss/Total,24900,1.5555399656295776,1766297376.3970916
Loss/Total,24950,1.719416618347168,1766297489.2335382
Loss/Total,25000,1.7356308698654175,1766297600.082861
Loss/Total,25050,1.5692296028137207,1766297709.452676
Loss/Total,25100,1.7016222476959229,1766297821.297306
Loss/Total,25150,1.6249048709869385,1766297936.6159518
Loss/Total,25200,1.6067556142807007,1766298044.895463
Loss/Total,25250,1.4707525968551636,1766298156.5173953
Loss/Total,25300,1.537395715713501,1766298266.0715854
Loss/Total,25350,1.6984448432922363,1766298377.469339
Loss/Total,25400,1.6134979724884033,1766298493.4559412
Loss/Total,25450,1.6483497619628906,1766298605.8219175
Loss/Total,25500,1.576324462890625,1766298717.287101
Loss/Total,25550,1.4567451477050781,1766298829.2334704
Loss/Total,25600,1.6185722351074219,1766298938.2644446
Loss/Total,25650,1.4588665962219238,1766299050.9659245
Loss/Total,25700,1.828416109085083,1766299166.1931987
Loss/Total,25750,1.549089789390564,1766299278.208307
Loss/Total,25800,1.6353495121002197,1766299390.6318188
Loss/Total,25850,1.6049132347106934,1766299506.1671145
Loss/Total,25900,1.729582667350769,1766299618.180481
Loss/Total,25950,1.4686617851257324,1766299728.3642573
Loss/Total,26000,1.559931755065918,1766299843.0749528
Loss/Total,26050,1.5725727081298828,1766299953.00101
Loss/Total,26100,1.4026308059692383,1766300067.239008
Loss/Total,26150,1.664520502090454,1766300180.3389862
Loss/Total,26200,1.5410494804382324,1766300293.9341824
Loss/Total,26250,1.5350855588912964,1766300404.6680775
Loss/Total,26300,1.5437425374984741,1766300518.2179623
Loss/Total,26350,1.6283416748046875,1766300629.517276
Loss/Total,26400,1.7077151536941528,1766300740.4469485
Loss/Total,26450,1.6659125089645386,1766300853.951573
Loss/Total,26500,1.4117152690887451,1766300965.7477634
Loss/Total,26550,1.6412193775177002,1766301080.0010169
Loss/Total,26600,1.7030154466629028,1766301193.788059
Loss/Total,26650,1.518483281135559,1766301304.2846317
Loss/Total,26700,1.68684983253479,1766301419.3746564
Loss/Total,26750,1.616723895072937,1766301532.379053
Loss/Total,26800,1.7252843379974365,1766301648.1598015
Loss/Total,26850,1.8392525911331177,1766301760.6757834
Loss/Total,26900,1.8020861148834229,1766301871.520075
Loss/Total,26950,1.8446334600448608,1766301984.7256281
Loss/Total,27000,1.48729407787323,1766302095.2454555
Loss/Total,27050,1.4468953609466553,1766302204.5451758
Loss/Total,27100,1.560431718826294,1766302319.1772132
Loss/Total,27150,1.5342360734939575,1766302430.1700459
Loss/Total,27200,1.6532829999923706,1766302541.9749084
Loss/Total,27250,1.609218955039978,1766302657.6459098
Loss/Total,27300,1.6193790435791016,1766302769.716995
Loss/Total,27350,1.568552017211914,1766302884.5285127
Loss/Total,27400,1.4966495037078857,1766302997.5322177
Loss/Total,27450,1.5554033517837524,1766303110.8503184
Loss/Total,27500,1.5396367311477661,1766303219.0713484
Loss/Total,27550,1.5146520137786865,1766303334.4890716
Loss/Total,27600,1.5663727521896362,1766303450.674537
Loss/Total,27650,1.5683094263076782,1766303564.9008396
Loss/Total,27700,1.6450560092926025,1766303677.6471162
Loss/Total,27750,1.3969646692276,1766303790.2386422
Loss/Total,27800,1.6954543590545654,1766303903.646411
Loss/Total,27850,1.423118233680725,1766304013.976366
Loss/Total,27900,1.5173931121826172,1766304125.9613137
Loss/Total,27950,1.6424596309661865,1766304240.8080301
Loss/Total,28000,1.4697333574295044,1766304348.0138474
Loss/Total,28050,1.5204271078109741,1766304459.1888845
Loss/Total,28100,1.4329866170883179,1766304570.2466247
Loss/Total,28150,1.4748902320861816,1766304683.4749749
Loss/Total,28200,1.424247145652771,1766304796.4464574
Loss/Total,28250,1.46474027633667,1766304908.5576303
Loss/Total,28300,1.4382612705230713,1766305022.6996257
Loss/Total,28350,1.5093748569488525,1766305128.438511
Loss/Total,28400,1.5045597553253174,1766305241.0216873
Loss/Total,28450,1.5212899446487427,1766305354.8510907
Loss/Total,28500,1.585811734199524,1766305468.9324126
Loss/Total,28550,1.4186015129089355,1766305577.7756855
Loss/Total,28600,1.640315294265747,1766305689.6382618
Loss/Total,28650,1.7572009563446045,1766305802.5658844
Loss/Total,28700,1.573124885559082,1766305917.0435474
Loss/Total,28750,1.4500058889389038,1766306031.6706743
Loss/Total,28800,1.6216471195220947,1766306145.5808704
Loss/Total,28850,1.4437168836593628,1766306255.9599175
Loss/Total,28900,1.5610543489456177,1766306368.874064
Loss/Total,28950,1.4933857917785645,1766306483.2403092
Loss/Total,29000,1.5896707773208618,1766306596.7903488
Loss/Total,29050,1.6182782649993896,1766306709.9644096
Loss/Total,29100,1.4606070518493652,1766306820.248354
Loss/Total,29150,1.6952215433120728,1766306932.0989292
Loss/Total,29200,1.5294934511184692,1766307047.0359297
Loss/Total,29250,1.9283742904663086,1766307158.0782392
Loss/Total,29300,1.6929256916046143,1766307272.6547441
Loss/Total,29350,1.6468045711517334,1766307388.547021
Loss/Total,29400,1.4504892826080322,1766307505.164413
Loss/Total,29450,1.6316239833831787,1766307617.5083153
Loss/Total,29500,1.5917471647262573,1766307730.6721823
Loss/Total,29550,1.3850977420806885,1766307840.9815722
Loss/Total,29600,1.3108437061309814,1766307954.957106
Loss/Total,29650,1.4518638849258423,1766308065.45709
Loss/Total,29700,1.522073745727539,1766308178.8669188
Loss/Total,29750,1.552849292755127,1766308292.2650952
Loss/Total,29800,1.6213696002960205,1766308405.1954243
Loss/Total,29850,1.5932115316390991,1766308516.8526108
Loss/Total,29900,1.4935152530670166,1766308623.6582475
Loss/Total,29950,1.4403998851776123,1766308735.709328
Loss/Total,30000,1.5477759838104248,1766308852.6403742
Loss/Total,30050,1.4004292488098145,1766308966.9856324
Loss/Total,30100,1.5630477666854858,1766309081.3506224
Loss/Total,30150,1.5593774318695068,1766309193.939389
Loss/Total,30200,1.4292356967926025,1766309311.2103474
Loss/Total,30250,1.4434973001480103,1766309425.5314927
Loss/Total,30300,1.333601474761963,1766309538.0356035
Loss/Total,30350,1.5768123865127563,1766309652.4342356
Loss/Total,30400,1.4795963764190674,1766309762.0689023
Loss/Total,30450,1.456360936164856,1766309874.0173502
Loss/Total,30500,1.4975439310073853,1766309984.9235117
Loss/Total,30550,1.4011576175689697,1766310099.78334
Loss/Total,30600,1.4322528839111328,1766310213.567875
Loss/Total,30650,1.443346619606018,1766310326.786821
Loss/Total,30700,1.505401611328125,1766310441.3396053
Loss/Total,30750,1.6448169946670532,1766310553.8657482
Loss/Total,30800,1.4986062049865723,1766310664.3318682
Loss/Total,30850,1.421689510345459,1766310775.330148
Loss/Total,30900,1.5297844409942627,1766310884.3553925
Loss/Total,30950,1.5070139169692993,1766310996.1314802
Loss/Total,31000,1.599518060684204,1766311110.9192176
Loss/Total,31050,1.508773922920227,1766311226.552315
Loss/Total,31100,1.5654892921447754,1766311335.7775095
Loss/Total,31150,1.3635666370391846,1766311449.8822832
Loss/Total,31200,1.3602052927017212,1766311563.1508923
Loss/Total,31250,1.890244483947754,1766311674.6099925
Loss/Total,31300,1.6188255548477173,1766311787.2320457
Loss/Total,31350,1.602960228919983,1766311898.9009235
Loss/Total,31400,1.374556064605713,1766312011.2027228
Loss/Total,31450,1.4621403217315674,1766312128.530217
Loss/Total,31500,1.4250860214233398,1766312244.1071618
Loss/Total,31550,1.5855883359909058,1766312355.9845054
Loss/Total,31600,1.2887030839920044,1766312464.8466506
Loss/Total,31650,1.5573997497558594,1766312577.7754672
Loss/Total,31700,1.5115811824798584,1766312691.7144794
Loss/Total,31750,1.4759289026260376,1766312801.7358613
Loss/Total,31800,1.3658256530761719,1766312917.298083
Loss/Total,31850,1.4933332204818726,1766313023.6851275
Loss/Total,31900,1.4386787414550781,1766313135.4120014
Loss/Total,31950,1.271234393119812,1766313249.6123881
Loss/Total,32000,1.5749754905700684,1766313364.3736663
Loss/Total,32050,1.2857202291488647,1766313479.2849064
Loss/Total,32100,1.5333925485610962,1766313588.7346976
Loss/Total,32150,1.5769286155700684,1766313698.4059136
Loss/Total,32200,1.6211466789245605,1766313812.8817763
Loss/Total,32250,1.4836156368255615,1766313928.4709363
Loss/Total,32300,1.4911564588546753,1766314041.1347535
Loss/Total,32350,1.3153010606765747,1766314153.290987
Loss/Total,32400,1.1802558898925781,1766314269.549632
Loss/Total,32450,1.4604071378707886,1766314378.9520543
Loss/Total,32500,1.4622679948806763,1766314493.7676919
Loss/Total,32550,1.3668220043182373,1766314608.1353903
Loss/Total,32600,1.5651648044586182,1766314722.6851344
Loss/Total,32650,1.4335293769836426,1766314838.334645
Loss/Total,32700,1.570172905921936,1766314949.8564487
Loss/Total,32750,1.6788731813430786,1766315063.3104172
Loss/Total,32800,1.5687960386276245,1766315172.593587
Loss/Total,32850,1.6241545677185059,1766315285.2897534
Loss/Total,32900,1.6181055307388306,1766315399.954076
Loss/Total,32950,1.5924946069717407,1766315513.9983234
Loss/Total,33000,1.7445611953735352,1766315626.2448645
Loss/Total,33050,1.5856776237487793,1766315742.3807
Loss/Total,33100,1.3691494464874268,1766315856.0550537
Loss/Total,33150,1.2980306148529053,1766315970.6122172
Loss/Total,33200,1.626564383506775,1766316085.3909798
Loss/Total,33250,1.6458990573883057,1766316199.6939058
Loss/Total,33300,1.3844099044799805,1766316314.408895
Loss/Total,33350,1.513474941253662,1766316429.5429027
Loss/Total,33400,1.5289783477783203,1766316543.821138
Loss/Total,33450,1.3787829875946045,1766316657.1764307
Loss/Total,33500,1.5256544351577759,1766316771.278904
Loss/Total,33550,1.3911147117614746,1766316884.560722
Loss/Total,33600,1.5053436756134033,1766316999.9242442
Loss/Total,33650,1.4912893772125244,1766317113.551521
Loss/Total,33700,1.2288613319396973,1766317230.659205
Loss/Total,33750,1.4111133813858032,1766317347.1667478
Loss/Total,33800,1.3779394626617432,1766317459.3932536
Loss/Total,33850,1.3442466259002686,1766317574.2883885
Loss/Total,33900,1.5273127555847168,1766317684.0230224
Loss/Total,33950,1.8490291833877563,1766317793.7015688
Loss/Total,34000,1.6429152488708496,1766317907.040139
Loss/Total,34050,1.403244137763977,1766318021.080412
Loss/Total,34100,1.7186253070831299,1766318131.5910058
Loss/Total,34150,1.5638835430145264,1766318243.9106133
Loss/Total,34200,1.4167630672454834,1766318359.0717068
Loss/Total,34250,1.4483919143676758,1766318471.6642091
Loss/Total,34300,1.4105302095413208,1766318582.3131125
Loss/Total,34350,1.548820972442627,1766318692.891799
Loss/Total,34400,1.3360778093338013,1766318802.5226912
Loss/Total,34450,1.2824491262435913,1766318915.7892594
Loss/Total,34500,1.3464425802230835,1766319027.5526872
Loss/Total,34550,1.2729008197784424,1766319138.930393
Loss/Total,34600,1.350125789642334,1766319252.6388013
Loss/Total,34650,1.2566328048706055,1766319366.5151358
Loss/Total,34700,1.5233179330825806,1766319481.8101597
Loss/Total,34750,1.3490617275238037,1766319595.3627722
Loss/Total,34800,1.393674612045288,1766319703.4952781
Loss/Total,34850,1.49905264377594,1766319815.9498956
Loss/Total,34900,1.392914056777954,1766319927.7048297
Loss/Total,34950,1.4992974996566772,1766320041.3672445
Loss/Total,35000,1.5071816444396973,1766320152.2386746
Loss/Total,35050,1.3484324216842651,1766320266.5962448
Loss/Total,35100,1.3143908977508545,1766320379.8732238
Loss/Total,35150,1.361803412437439,1766320496.2394397
Loss/Total,35200,1.6385247707366943,1766320606.2356384
Loss/Total,35250,1.9816447496414185,1766320715.327772
Loss/Total,35300,1.4255636930465698,1766320831.2709312
Loss/Total,35350,1.5234997272491455,1766320940.8075075
Loss/Total,35400,1.5450867414474487,1766321060.1171517
Loss/Total,35450,1.5689518451690674,1766321170.2063556
Loss/Total,35500,1.4581170082092285,1766321281.9539194
Loss/Total,35550,1.3753840923309326,1766321395.591405
Loss/Total,35600,1.810011625289917,1766321510.4955246
Loss/Total,35650,1.4677715301513672,1766321623.7928722
Loss/Total,35700,1.596733570098877,1766321734.7465522
Loss/Total,35750,1.6279478073120117,1766321849.9684918
Loss/Total,35800,1.547459363937378,1766321960.4291008
Loss/Total,35850,1.8285901546478271,1766322074.4362473
Loss/Total,35900,1.5623953342437744,1766322186.8229039
Loss/Total,35950,1.20889151096344,1766322300.7857563
Loss/Total,36000,1.2668282985687256,1766322421.2160854
Loss/Total,36050,1.4825668334960938,1766322532.873006
Loss/Total,36100,1.362022042274475,1766322648.5032985
Loss/Total,36150,1.7315351963043213,1766322758.4922051
Loss/Total,36200,1.461838722229004,1766322873.4784071
Loss/Total,36250,1.3557275533676147,1766322985.5265079
Loss/Total,36300,1.5300571918487549,1766323098.4082665
Loss/Total,36350,1.6880178451538086,1766323207.300003
Loss/Total,36400,1.5393457412719727,1766323319.4736893
Loss/Total,36450,1.1630388498306274,1766323432.984725
Loss/Total,36500,1.5377241373062134,1766323546.0828238
Loss/Total,36550,1.4345066547393799,1766323662.0285187
Loss/Total,36600,1.4357885122299194,1766323775.942187
Loss/Total,36650,1.341321349143982,1766323888.4657817
Loss/Total,36700,1.6851305961608887,1766324000.323148
Loss/Total,36750,1.5616633892059326,1766324115.6095607
Loss/Total,36800,1.359055519104004,1766324225.6438835
Loss/Total,36850,1.4299007654190063,1766324340.6329176
Loss/Total,36900,1.3875410556793213,1766324451.1077092
Loss/Total,36950,1.4386780261993408,1766324564.5192745
Loss/Total,37000,1.6736032962799072,1766324679.886222
Loss/Total,37050,1.4747562408447266,1766324793.6599486
Loss/Total,37100,1.4632377624511719,1766324906.329014
Loss/Total,37150,1.4768916368484497,1766325016.842663
Loss/Total,37200,1.483081340789795,1766325127.8566372
Loss/Total,37250,1.2736597061157227,1766325241.3668747
Loss/Total,37300,1.61143958568573,1766325353.126402
Loss/Total,37350,1.5717933177947998,1766325468.6261487
Loss/Total,37400,1.2459924221038818,1766325581.9275756
Loss/Total,37450,1.429232120513916,1766325698.5567245
Loss/Total,37500,1.348928689956665,1766325811.714068
Loss/Total,37550,1.3296246528625488,1766325924.2869089
Loss/Total,37600,1.4552925825119019,1766326036.9987495
Loss/Total,37650,1.4616539478302002,1766326150.526452
Loss/Total,37700,1.4946506023406982,1766326267.388526
Loss/Total,37750,1.4533758163452148,1766326382.2117336
Loss/Total,37800,1.5979652404785156,1766326493.8657072
Loss/Total,37850,1.4865636825561523,1766326608.524592
Loss/Total,37900,1.606482744216919,1766326721.216816
Loss/Total,37950,1.5006356239318848,1766326832.8284457
Loss/Total,38000,1.3400592803955078,1766326947.723704
Loss/Total,38050,1.391405463218689,1766327061.810623
Loss/Total,38100,1.490691065788269,1766327175.9086173
Loss/Total,38150,1.511083960533142,1766327285.2863703
Loss/Total,38200,1.4934332370758057,1766327406.1586132
Loss/Total,38250,1.6243319511413574,1766327515.3685768
Loss/Total,38300,1.5430259704589844,1766327626.384419
Loss/Total,38350,1.5781364440917969,1766327736.573936
Loss/Total,38400,1.3371974229812622,1766327852.4431584
Loss/Total,38450,1.4137904644012451,1766327965.8668609
Loss/Total,38500,1.4275002479553223,1766328077.95933
Loss/Total,38550,1.4426484107971191,1766328188.367535
Loss/Total,38600,1.5117814540863037,1766328297.5587296
Loss/Total,38650,1.7932007312774658,1766328407.6342208
Loss/Total,38700,1.4708269834518433,1766328517.7617958
Loss/Total,38750,1.5388933420181274,1766328629.3913321
Loss/Total,38800,1.441606044769287,1766328741.9173553
Loss/Total,38850,1.53532874584198,1766328855.1729143
Loss/Total,38900,1.3435053825378418,1766328969.4163423
Loss/Total,38950,1.3463491201400757,1766329081.372129
Loss/Total,39000,1.6121892929077148,1766329194.7148561
Loss/Total,39050,1.402020812034607,1766329306.5149674
Loss/Total,39100,1.3678956031799316,1766329419.777671
Loss/Total,39150,1.3734054565429688,1766329533.4158063
Loss/Total,39200,1.3184787034988403,1766329643.150313
Loss/Total,39250,1.327751874923706,1766329753.411194
Loss/Total,39300,1.1116952896118164,1766329861.2134142
Loss/Total,39350,1.4230129718780518,1766329971.2536547
Loss/Total,39400,1.5007438659667969,1766330084.2279286
Loss/Total,39450,1.7333388328552246,1766330198.4768097
Loss/Total,39500,1.4442747831344604,1766330311.8363557
Loss/Total,39550,1.5460796356201172,1766330425.7534554
Loss/Total,39600,1.4708211421966553,1766330537.6987605
Loss/Total,39650,1.3761394023895264,1766330649.2409284
Loss/Total,39700,1.4393559694290161,1766330760.468787
Loss/Total,39750,1.5823370218276978,1766330874.3689852
Loss/Total,39800,1.2606768608093262,1766330990.0485902
Loss/Total,39850,1.3569358587265015,1766331102.0294907
Loss/Total,39900,1.3397216796875,1766331213.474426
Loss/Total,39950,1.3552109003067017,1766331328.077518
Loss/Total,40000,1.4257686138153076,1766331440.428526
Loss/Total,40050,1.3846545219421387,1766331552.359954
Loss/Total,40100,1.4796545505523682,1766331666.4304092
Loss/Total,40150,1.4338797330856323,1766331777.446884
Loss/Total,40200,1.8831876516342163,1766331890.2179894
Loss/Total,40250,1.5520460605621338,1766332001.6152802
Loss/Total,40300,1.7118265628814697,1766332114.9148781
Loss/Total,40350,1.454089879989624,1766332225.6211746
Loss/Total,40400,1.316241979598999,1766332336.8746517
Loss/Total,40450,1.5690973997116089,1766332448.8105567
Loss/Total,40500,1.4225730895996094,1766332560.200361
Loss/Total,40550,1.313665509223938,1766332674.5312126
Loss/Total,40600,1.3756725788116455,1766332788.6281776
Loss/Total,40650,1.3382951021194458,1766332900.0857058
Loss/Total,40700,1.4335073232650757,1766333017.0418742
Loss/Total,40750,1.7526721954345703,1766333128.9361458
Loss/Total,40800,1.4309149980545044,1766333242.1576226
Loss/Total,40850,1.3909633159637451,1766333351.4950228
Loss/Total,40900,1.246915340423584,1766333463.161647
Loss/Total,40950,1.3775591850280762,1766333572.8193502
Loss/Total,41000,1.499211311340332,1766333680.8459816
Loss/Total,41050,1.3285493850708008,1766333795.4612405
Loss/Total,41100,1.3384450674057007,1766333910.0210977
Loss/Total,41150,1.4326308965682983,1766334023.8008056
Loss/Total,41200,1.463550329208374,1766334138.0980523
Loss/Total,41250,1.42312490940094,1766334251.3225064
Loss/Total,41300,1.5233231782913208,1766334364.5686357
Loss/Total,41350,1.7317030429840088,1766334479.1159189
Loss/Total,41400,1.3990063667297363,1766334590.630087
Loss/Total,41450,1.3526628017425537,1766334703.1390982
Loss/Total,41500,1.4189220666885376,1766334815.6673195
Loss/Total,41550,1.3314993381500244,1766334928.6304076
Loss/Total,41600,1.474589467048645,1766335039.0401008
Loss/Total,41650,1.3503097295761108,1766335156.0930824
Loss/Total,41700,1.3836183547973633,1766335269.251988
Loss/Total,41750,1.3587664365768433,1766335381.098704
Loss/Total,41800,1.3684921264648438,1766335491.7776825
Loss/Total,41850,1.3128061294555664,1766335605.6041815
Loss/Total,41900,1.2966668605804443,1766335719.597786
Loss/Total,41950,1.3561906814575195,1766335836.837481
Loss/Total,42000,1.5283827781677246,1766335950.380513
Loss/Total,42050,1.5095531940460205,1766336058.73391
Loss/Total,42100,1.3459514379501343,1766336173.0789282
Loss/Total,42150,1.3978132009506226,1766336284.9033277
Loss/Total,42200,1.5882093906402588,1766336397.6865664
Loss/Total,42250,1.295302391052246,1766336511.9657912
Loss/Total,42300,1.2483930587768555,1766336625.3256612
Loss/Total,42350,1.3708162307739258,1766336738.4849913
Loss/Total,42400,1.307844877243042,1766336851.9755344
Loss/Total,42450,1.2889723777770996,1766336965.6794927
Loss/Total,42500,1.5017415285110474,1766337079.9868104
Loss/Total,42550,1.4330964088439941,1766337194.6101718
Loss/Total,42600,1.436760425567627,1766337303.0279872
Loss/Total,42650,1.3856737613677979,1766337413.0318096
Loss/Total,42700,1.4013795852661133,1766337528.0585432
Loss/Total,42750,1.477309226989746,1766337639.6288896
Loss/Total,42800,1.3001835346221924,1766337751.5176258
Loss/Total,42850,1.2846698760986328,1766337861.848161
Loss/Total,42900,1.3004380464553833,1766337975.9778192
Loss/Total,42950,1.467718482017517,1766338089.0250928
Loss/Total,43000,1.4061641693115234,1766338204.941936
Loss/Total,43050,1.4523000717163086,1766338320.3121037
Loss/Total,43100,1.390176773071289,1766338435.115622
Loss/Total,43150,1.8401672840118408,1766338547.5712957
Loss/Total,43200,1.7219215631484985,1766338661.5172672
Loss/Total,43250,1.634719729423523,1766338772.3802311
Loss/Total,43300,1.566178321838379,1766338885.8527398
Loss/Total,43350,1.7753868103027344,1766338998.5303059
Loss/Total,43400,1.580342411994934,1766339109.3087866
Loss/Total,43450,1.4393067359924316,1766339219.760518
Loss/Total,43500,1.4720408916473389,1766339331.6452048
Loss/Total,43550,1.5306808948516846,1766339445.501997
Loss/Total,43600,1.5020556449890137,1766339560.205994
Loss/Total,43650,1.9118924140930176,1766339670.960332
Loss/Total,43700,1.3928680419921875,1766339785.2082367
Loss/Total,43750,1.5855714082717896,1766339894.7421017
Loss/Total,43800,1.5049326419830322,1766340009.2610533
Loss/Total,43850,1.5996603965759277,1766340122.2712977
Loss/Total,43900,1.5389151573181152,1766340230.3372433
Loss/Total,43950,1.4524140357971191,1766340342.2306068
Loss/Total,44000,1.326673150062561,1766340452.9152908
Loss/Total,44050,1.5272237062454224,1766340567.5013194
Loss/Total,44100,1.4696359634399414,1766340679.1207876
Loss/Total,44150,1.633624792098999,1766340788.7589042
Loss/Total,44200,1.4145724773406982,1766340900.914038
Loss/Total,44250,1.529002070426941,1766341014.6259036
Loss/Total,44300,1.4064666032791138,1766341127.191056
Loss/Total,44350,1.4728319644927979,1766341241.4250417
Loss/Total,44400,1.5950560569763184,1766341356.6233497
Loss/Total,44450,1.2177374362945557,1766341470.1658819
Loss/Total,44500,1.5945708751678467,1766341580.2582738
Loss/Total,44550,1.3522905111312866,1766341694.2481244
Loss/Total,44600,1.4940893650054932,1766341807.7691987
Loss/Total,44650,1.4245320558547974,1766341920.244164
Loss/Total,44700,1.3780186176300049,1766342034.7427495
Loss/Total,44750,1.4794409275054932,1766342147.553296
Loss/Total,44800,1.4801723957061768,1766342260.5101767
Loss/Total,44850,1.3995981216430664,1766342374.7359674
Loss/Total,44900,1.345611810684204,1766342492.6109588
Loss/Total,44950,1.5024317502975464,1766342608.2426546
Loss/Total,45000,1.889837622642517,1766342723.464718
Loss/Total,45050,1.321807861328125,1766342835.724092
Loss/Total,45100,1.3585929870605469,1766342946.93011
Loss/Total,45150,1.4820351600646973,1766343059.4487624
Loss/Total,45200,1.5376183986663818,1766343173.3239946
Loss/Total,45250,1.4761066436767578,1766343287.962411
Loss/Total,45300,1.3189888000488281,1766343398.8291428
Loss/Total,45350,1.4212945699691772,1766343511.3547747
Loss/Total,45400,1.1076449155807495,1766343619.4615474
Loss/Total,45450,1.3498477935791016,1766343727.2896788
Loss/Total,45500,1.3327176570892334,1766343837.9830933
Loss/Total,45550,1.357601284980774,1766343952.871922
Loss/Total,45600,1.3469197750091553,1766344064.1660657
Loss/Total,45650,1.303423285484314,1766344175.238456
Loss/Total,45700,1.2773864269256592,1766344289.1947508
Loss/Total,45750,1.3860876560211182,1766344401.7727385
Loss/Total,45800,1.337990403175354,1766344513.4961698
Loss/Total,45850,1.568894386291504,1766344627.3997962
Loss/Total,45900,1.5499082803726196,1766344740.4075902
Loss/Total,45950,1.2700308561325073,1766344855.8512821
Loss/Total,46000,1.4448764324188232,1766344969.1140742
Loss/Total,46050,1.3384993076324463,1766345081.4374776
Loss/Total,46100,1.4766910076141357,1766345193.715962
Loss/Total,46150,1.4187469482421875,1766345308.8413894
Loss/Total,46200,1.3718712329864502,1766345419.982039
Loss/Total,46250,1.418926477432251,1766345530.675234
Loss/Total,46300,1.339194893836975,1766345643.0848494
Loss/Total,46350,1.259728193283081,1766345757.1923409
Loss/Total,46400,1.6359829902648926,1766345871.5499344
Loss/Total,46450,1.7324274778366089,1766345980.703622
Loss/Total,46500,1.4314630031585693,1766346093.601655
Loss/Total,46550,1.4882183074951172,1766346206.4691634
Loss/Total,46600,1.2060436010360718,1766346317.4060814
Loss/Total,46650,1.4918501377105713,1766346430.3619757
Loss/Total,46700,1.3310596942901611,1766346539.8783567
Loss/Total,46750,1.2723934650421143,1766346652.6315103
Loss/Total,46800,1.1498472690582275,1766346767.7193103
Loss/Total,46850,1.3125689029693604,1766346877.5739703
Loss/Total,46900,1.390899896621704,1766346988.6702666
Loss/Total,46950,1.4493587017059326,1766347103.265781
Loss/Total,47000,1.6228578090667725,1766347218.024828
Loss/Total,47050,1.317407250404358,1766347332.3858535
Loss/Total,47100,1.4175562858581543,1766347440.035656
Loss/Total,47150,1.264432668685913,1766347551.185273
Loss/Total,47200,1.4732682704925537,1766347666.0339077
Loss/Total,47250,1.288743495941162,1766347777.790845
Loss/Total,47300,1.3175122737884521,1766347886.575824
Loss/Total,47350,1.3165887594223022,1766348000.6231382
Loss/Total,47400,1.3053255081176758,1766348111.1250288
Loss/Total,47450,1.2747139930725098,1766348222.8329952
Loss/Total,47500,1.370818018913269,1766348334.692985
Loss/Total,47550,1.4657576084136963,1766348446.7892675
Loss/Total,47600,1.4975684881210327,1766348561.034357
Loss/Total,47650,1.2904739379882812,1766348676.2615871
Loss/Total,47700,1.2206826210021973,1766348784.358844
Loss/Total,47750,1.2348723411560059,1766348896.7640724
Loss/Total,47800,1.5190839767456055,1766349004.5727122
Loss/Total,47850,1.3691027164459229,1766349118.0063033
Loss/Total,47900,1.3680801391601562,1766349227.6883166
Loss/Total,47950,1.4379732608795166,1766349344.7451658
Loss/Total,48000,1.2374861240386963,1766349460.5815566
Loss/Total,48050,1.317430019378662,1766349574.1662095
Loss/Total,48100,1.5314843654632568,1766349685.7306447
Loss/Total,48150,1.2454620599746704,1766349795.139406
Loss/Total,48200,1.3235056400299072,1766349902.9027584
Loss/Total,48250,1.3415520191192627,1766350016.4916031
Loss/Total,48300,1.3879549503326416,1766350130.9340458
Loss/Total,48350,1.31204354763031,1766350247.3931198
Loss/Total,48400,1.4965577125549316,1766350357.4209785
Loss/Total,48450,1.2010829448699951,1766350469.2583787
Loss/Total,48500,1.262775182723999,1766350579.6179357
Loss/Total,48550,1.2360870838165283,1766350692.9037821
Loss/Total,48600,1.479266881942749,1766350806.3802214
Loss/Total,48650,1.354905128479004,1766350915.4886932
Loss/Total,48700,1.2639765739440918,1766351032.7190697
Loss/Total,48750,1.4813374280929565,1766351142.88623
Loss/Total,48800,1.2693461179733276,1766351257.3092086
Loss/Total,48850,1.4760088920593262,1766351369.856735
Loss/Total,48900,1.5781593322753906,1766351482.5111482
Loss/Total,48950,1.3673030138015747,1766351596.889818
Loss/Total,49000,1.318080186843872,1766351710.6678271
Loss/Total,49050,1.5176595449447632,1766351825.584027
Loss/Total,49100,1.5082017183303833,1766351937.6879306
Loss/Total,49150,1.4367283582687378,1766352050.9222977
Loss/Total,49200,1.1545970439910889,1766352161.9532998
Loss/Total,49250,1.3962522745132446,1766352272.3033786
Loss/Total,49300,1.3667125701904297,1766352386.9123049
Loss/Total,49350,1.203601360321045,1766352498.3693023
Loss/Total,49400,1.5038373470306396,1766352608.7470112
Loss/Total,49450,1.2549707889556885,1766352721.2420428
Loss/Total,49500,1.9725860357284546,1766352831.1177914
Loss/Total,49550,1.5147007703781128,1766352944.0204823
Loss/Total,49600,1.2122341394424438,1766353055.4018543
Loss/Total,49650,1.4904139041900635,1766353169.577865
Loss/Total,49700,1.4270881414413452,1766353281.640197
Loss/Total,49750,1.2763671875,1766353396.8383894
Loss/Total,49800,1.2909436225891113,1766353509.456043
Loss/Total,49850,1.3621948957443237,1766353618.7687314
Loss/Total,49900,1.3158501386642456,1766353730.9885857
Loss/Total,49950,1.2239511013031006,1766353842.598323
Loss/Total,50000,1.3721951246261597,1766353955.4832127
Loss/Total,50050,1.3661835193634033,1766354067.7734094
Loss/Total,50100,1.5792622566223145,1766354177.4681704
Loss/Total,50150,1.3712198734283447,1766354292.1445227
Loss/Total,50200,1.5289311408996582,1766354403.7758114
Loss/Total,50250,1.3059744834899902,1766354517.3690393
Loss/Total,50300,1.4398798942565918,1766354627.9936132
Loss/Total,50350,1.3680906295776367,1766354740.4023447
Loss/Total,50400,1.4760138988494873,1766354852.7726014
Loss/Total,50450,1.313967227935791,1766354964.799841
Loss/Total,50500,1.145469307899475,1766355071.3280327
Loss/Total,50550,1.2357852458953857,1766355182.9392097
Loss/Total,50600,1.282922625541687,1766355298.1880732
Loss/Total,50650,1.2198305130004883,1766355408.9809282
Loss/Total,50700,1.2414348125457764,1766355520.8712606
Loss/Total,50750,1.3716092109680176,1766355631.8644319
Loss/Total,50800,1.397365927696228,1766355746.3041747
Loss/Total,50850,1.2661056518554688,1766355857.6937969
Loss/Total,50900,1.2033566236495972,1766355970.4186647
Loss/Total,50950,1.4415903091430664,1766356082.1345487
Loss/Total,51000,1.3657162189483643,1766356191.7151978
Loss/Total,51050,1.4289367198944092,1766356302.8561413
Loss/Total,51100,1.323476791381836,1766356418.6082408
Loss/Total,51150,1.45822274684906,1766356533.543666
Loss/Total,51200,1.6772525310516357,1766356644.4581153
Loss/Total,51250,1.3465986251831055,1766356758.9428327
Loss/Total,51300,1.2833298444747925,1766356870.7690506
Loss/Total,51350,1.2912936210632324,1766356981.7840757
Loss/Total,51400,1.138528823852539,1766357090.1171427
Loss/Total,51450,1.3372186422348022,1766357198.445917
Loss/Total,51500,1.3115730285644531,1766357316.1035852
Loss/Total,51550,1.342226505279541,1766357428.03029
Loss/Total,51600,1.24322509765625,1766357538.867687
Loss/Total,51650,1.417148470878601,1766357653.1469557
Loss/Total,51700,1.4604377746582031,1766357770.3447974
Loss/Total,51750,1.3320322036743164,1766357885.7736883
Loss/Total,51800,1.5379385948181152,1766357997.734036
Loss/Total,51850,1.473764181137085,1766358110.0053532
Loss/Total,51900,1.2815923690795898,1766358227.756101
Loss/Total,51950,1.3385701179504395,1766358341.2872663
Loss/Total,52000,1.3060431480407715,1766358456.0078485
Loss/Total,52050,1.4077634811401367,1766358571.9681025
Loss/Total,52100,1.2396520376205444,1766358683.2162974
Loss/Total,52150,1.4352242946624756,1766358799.3185213
Loss/Total,52200,1.2453138828277588,1766358912.183122
Loss/Total,52250,1.388226866722107,1766359025.0195136
Loss/Total,52300,1.3961777687072754,1766359134.873153
Loss/Total,52350,1.3227791786193848,1766359249.6569664
Loss/Total,52400,1.235978364944458,1766359362.7006514
Loss/Total,52450,1.3733083009719849,1766359475.7028809
Loss/Total,52500,1.3028247356414795,1766359587.9593952
Loss/Total,52550,1.2312382459640503,1766359699.8645086
Loss/Total,52600,1.1688694953918457,1766359811.8770494
Loss/Total,52650,1.3523411750793457,1766359924.4065068
Loss/Total,52700,1.4300482273101807,1766360034.0121439
Loss/Total,52750,1.361825704574585,1766360145.3700514
Loss/Total,52800,1.4467741250991821,1766360258.7749646
Loss/Total,52850,1.3921083211898804,1766360372.8044667
Loss/Total,52900,1.1949151754379272,1766360483.6963682
Loss/Total,52950,1.5074191093444824,1766360595.5065393
Loss/Total,53000,1.512247920036316,1766360705.5158627
Loss/Total,53050,1.3385926485061646,1766360816.0583158
Loss/Total,53100,1.2908905744552612,1766360928.0987897
Loss/Total,53150,1.3986833095550537,1766361043.4808946
Loss/Total,53200,1.2361019849777222,1766361156.9399793
Loss/Total,53250,1.1201574802398682,1766361264.1683335
Loss/Total,53300,1.2703590393066406,1766361376.7612472
Loss/Total,53350,1.4215914011001587,1766361489.9292746
Loss/Total,53400,1.280271053314209,1766361605.4207385
Loss/Total,53450,1.0732126235961914,1766361717.6991444
Loss/Total,53500,1.2673835754394531,1766361827.2348351
Loss/Total,53550,1.3717854022979736,1766361940.5546184
Loss/Total,53600,1.3451495170593262,1766362055.896487
Loss/Total,53650,1.4965810775756836,1766362172.3542342
Loss/Total,53700,1.5089168548583984,1766362282.9768999
Loss/Total,53750,1.232853889465332,1766362397.371236
Loss/Total,53800,1.4229673147201538,1766362511.086342
Loss/Total,53850,1.3045337200164795,1766362622.6455135
Loss/Total,53900,1.1603261232376099,1766362739.3520055
Loss/Total,53950,1.1869611740112305,1766362857.582553
Loss/Total,54000,1.2859885692596436,1766362971.5160801
Loss/Total,54050,1.2592025995254517,1766363083.9188159
Loss/Total,54100,1.3332606554031372,1766363194.770197
Loss/Total,54150,1.4132626056671143,1766363307.4795551
Loss/Total,54200,1.3493459224700928,1766363414.3390746
Loss/Total,54250,1.4134414196014404,1766363525.0252523
Loss/Total,54300,1.279983401298523,1766363638.716684
Loss/Total,54350,1.3303302526474,1766363752.3939755
Loss/Total,54400,1.290817379951477,1766363867.7448018
Loss/Total,54450,1.4290993213653564,1766363982.3810952
Loss/Total,54500,1.3640986680984497,1766364095.0829496
Loss/Total,54550,1.2695543766021729,1766364207.9909766
Loss/Total,54600,1.3370550870895386,1766364323.8641233
Loss/Total,54650,1.3670381307601929,1766364434.8353782
Loss/Total,54700,1.2931478023529053,1766364549.1910098
Loss/Total,54750,1.299174427986145,1766364663.5599926
Loss/Total,54800,1.3630189895629883,1766364775.7398534
Loss/Total,54850,1.328184962272644,1766364886.4690335
Loss/Total,54900,1.0744438171386719,1766364998.317566
Loss/Total,54950,1.2825841903686523,1766365106.907892
Loss/Total,55000,1.3930306434631348,1766365216.996138
Loss/Total,55050,1.3634564876556396,1766365327.6302054
Loss/Total,55100,1.2955948114395142,1766365438.7684221
Loss/Total,55150,1.3549473285675049,1766365552.7820535
Loss/Total,55200,1.3448355197906494,1766365667.258315
Loss/Total,55250,1.2868140935897827,1766365780.8613052
Loss/Total,55300,1.5982561111450195,1766365895.0453298
Loss/Total,55350,1.395048975944519,1766366009.158563
Loss/Total,55400,1.189772605895996,1766366120.8948243
Loss/Total,55450,1.316152811050415,1766366234.5358303
Loss/Total,55500,1.2441216707229614,1766366349.4655836
Loss/Total,55550,1.5371489524841309,1766366459.7795022
Loss/Total,55600,1.5618317127227783,1766366572.861413
Loss/Total,55650,1.2004510164260864,1766366686.4154854
Loss/Total,55700,1.3696330785751343,1766366801.790131
Loss/Total,55750,1.2495412826538086,1766366916.5452318
Loss/Total,55800,1.2900183200836182,1766367029.6429236
Loss/Total,55850,1.3959407806396484,1766367145.505365
Loss/Total,55900,1.448024034500122,1766367257.501806
Loss/Total,55950,1.2114620208740234,1766367370.9720745
Loss/Total,56000,1.3902475833892822,1766367479.6143892
Loss/Total,56050,1.2677143812179565,1766367592.7042532
Loss/Total,56100,1.325768232345581,1766367706.5524309
Loss/Total,56150,1.322829008102417,1766367821.9392889
Loss/Total,56200,1.2527817487716675,1766367935.6868544
Loss/Total,56250,1.3619400262832642,1766368048.508311
Loss/Total,56300,1.3487193584442139,1766368157.7703629
Loss/Total,56350,1.4437708854675293,1766368268.834587
Loss/Total,56400,1.5061582326889038,1766368386.1485755
Loss/Total,56450,1.3304446935653687,1766368498.0153039
Loss/Total,56500,1.2094638347625732,1766368613.835224
Loss/Total,56550,1.3909214735031128,1766368725.0494015
Loss/Total,56600,1.3781018257141113,1766368839.4224005
Loss/Total,56650,1.738222360610962,1766368951.8020723
Loss/Total,56700,1.3052704334259033,1766369067.785283
Loss/Total,56750,1.312711477279663,1766369183.088333
Loss/Total,56800,1.7258260250091553,1766369294.8844323
Loss/Total,56850,1.3087608814239502,1766369411.3637052
Loss/Total,56900,1.3937660455703735,1766369522.2377956
Loss/Total,56950,1.2551954984664917,1766369635.4014897
Loss/Total,57000,1.446966290473938,1766369746.4151123
Loss/Total,57050,1.2805134057998657,1766369862.0984142
Loss/Total,57100,1.3774492740631104,1766369977.1629248
Loss/Total,57150,1.514418125152588,1766370092.3720925
Loss/Total,57200,1.3264374732971191,1766370203.2182674
Loss/Total,57250,1.3023170232772827,1766370314.1752903
Loss/Total,57300,1.4142571687698364,1766370428.3768833
Loss/Total,57350,1.3734287023544312,1766370544.3440733
Loss/Total,57400,1.138636589050293,1766370655.6051397
Loss/Total,57450,1.3555999994277954,1766370767.4964807
Loss/Total,57500,1.386418104171753,1766370878.5483797
Loss/Total,57550,1.300574779510498,1766370990.959597
Loss/Total,57600,1.2310950756072998,1766371103.512199
Loss/Total,57650,1.4416413307189941,1766371216.3267214
Loss/Total,57700,1.4696478843688965,1766371327.4405851
Loss/Total,57750,1.3060743808746338,1766371440.9175189
Loss/Total,57800,1.3274259567260742,1766371553.714371
Loss/Total,57850,1.2285144329071045,1766371668.3409832
Loss/Total,57900,1.3860864639282227,1766371783.2099128
Loss/Total,57950,1.4189863204956055,1766371894.03553
Loss/Total,58000,1.3766709566116333,1766372009.2920308
Loss/Total,58050,1.362654209136963,1766372123.7016103
Loss/Total,58100,1.5736732482910156,1766372240.344309
Loss/Total,58150,1.4791841506958008,1766372352.7519758
Loss/Total,58200,1.369468092918396,1766372465.0208008
Loss/Total,58250,1.402669072151184,1766372579.4079142
Loss/Total,58300,1.5731092691421509,1766372693.2133281
Loss/Total,58350,1.220255970954895,1766372807.0828009
Loss/Total,58400,1.2542929649353027,1766372919.794441
Loss/Total,58450,1.5975614786148071,1766373033.4764323
Loss/Total,58500,1.4521315097808838,1766373149.6338391
Loss/Total,58550,1.3042020797729492,1766373261.6445596
Loss/Total,58600,1.4579153060913086,1766373374.3058095
Loss/Total,58650,1.4083716869354248,1766373488.396189
Loss/Total,58700,1.3756673336029053,1766373599.9583373
Loss/Total,58750,1.3975591659545898,1766373713.1079912
Loss/Total,58800,1.3023152351379395,1766373826.4681265
Loss/Total,58850,1.3333696126937866,1766373938.6597676
Loss/Total,58900,1.3078162670135498,1766374054.371282
Loss/Total,58950,1.3574306964874268,1766374170.993576
Loss/Total,59000,1.533961534500122,1766374280.733497
Loss/Total,59050,1.4031126499176025,1766374390.591732
Loss/Total,59100,1.4082510471343994,1766374509.6755385
Loss/Total,59150,1.2978549003601074,1766374623.2200263
Loss/Total,59200,1.3599497079849243,1766374731.9739459
Loss/Total,59250,1.276473879814148,1766374847.0475645
Loss/Total,59300,1.292259931564331,1766374962.7459667
Loss/Total,59350,1.4567791223526,1766375077.322939
Loss/Total,59400,1.457467794418335,1766375191.5487077
Loss/Total,59450,1.3513147830963135,1766375301.6953845
Loss/Total,59500,1.4713828563690186,1766375419.145447
Loss/Total,59550,1.3965473175048828,1766375528.981486
Loss/Total,59600,1.2579196691513062,1766375637.618058
Loss/Total,59650,1.4110370874404907,1766375751.2849805
Loss/Total,59700,1.2421326637268066,1766375867.5972378
Loss/Total,59750,1.1812736988067627,1766375985.8663974
Loss/Total,59800,1.3261282444000244,1766376101.4699097
Loss/Total,59850,1.2227222919464111,1766376213.5320532
Loss/Total,59900,1.3934246301651,1766376325.3854551
Loss/Total,59950,1.3697972297668457,1766376436.3819413
Loss/Total,60000,1.3002833127975464,1766376549.375454
Loss/Total,60050,1.229833960533142,1766376661.6597283
Loss/Total,60100,1.300111174583435,1766376773.928206
Loss/Total,60150,1.484572172164917,1766376885.9857516
Loss/Total,60200,1.3153609037399292,1766376996.5675569
Loss/Total,60250,1.3184667825698853,1766377109.036181
Loss/Total,60300,1.176011323928833,1766377218.8027856
Loss/Total,60350,1.3606374263763428,1766377329.608165
Loss/Total,60400,1.4080955982208252,1766377443.414447
Loss/Total,60450,1.3717689514160156,1766377553.7003706
Loss/Total,60500,1.3925071954727173,1766377669.4416137
Loss/Total,60550,1.3815597295761108,1766377783.1637294
Loss/Total,60600,1.2523748874664307,1766377897.074901
Loss/Total,60650,1.5445990562438965,1766378013.089953
Loss/Total,60700,1.4395267963409424,1766378125.052945
Loss/Total,60750,1.5912575721740723,1766378235.5778677
Loss/Total,60800,1.4445676803588867,1766378347.6572595
Loss/Total,60850,1.3715354204177856,1766378458.9147952
Loss/Total,60900,1.2779422998428345,1766378571.1223385
Loss/Total,60950,1.284522294998169,1766378687.3726702
Loss/Total,61000,1.269409418106079,1766378805.4522738
Loss/Total,61050,1.3532334566116333,1766378918.2020364
Loss/Total,61100,1.2788841724395752,1766379031.9612663
Loss/Total,61150,1.2378754615783691,1766379147.3687236
Loss/Total,61200,1.4261175394058228,1766379261.313848
Loss/Total,61250,1.378285527229309,1766379375.3529787
Loss/Total,61300,1.2596724033355713,1766379486.2586737
Loss/Total,61350,1.3339227437973022,1766379601.665028
Loss/Total,61400,1.4092867374420166,1766379713.7116034
Loss/Total,61450,1.2727453708648682,1766379826.7979476
Loss/Total,61500,1.3703930377960205,1766379939.6836572
Loss/Total,61550,1.38698148727417,1766380054.9794064
Loss/Total,61600,1.3049622774124146,1766380166.0079713
Loss/Total,61650,1.45218026638031,1766380279.3057556
Loss/Total,61700,1.1531574726104736,1766380389.850301
Loss/Total,61750,1.3966015577316284,1766380504.8921201
Loss/Total,61800,1.3166247606277466,1766380619.542998
Loss/Total,61850,1.3084800243377686,1766380726.1222515
Loss/Total,61900,1.3315619230270386,1766380841.6547952
Loss/Total,61950,1.5657421350479126,1766380950.110169
Loss/Total,62000,1.4009439945220947,1766381063.8677528
Loss/Total,62050,1.2580536603927612,1766381174.0980163
Loss/Total,62100,1.3413918018341064,1766381287.9046283
Loss/Total,62150,1.4556424617767334,1766381399.3550398
Loss/Total,62200,1.2390625476837158,1766381515.099323
Loss/Total,62250,1.7680952548980713,1766381630.689197
Loss/Total,62300,1.493762731552124,1766381743.8771307
Loss/Total,62350,1.3498872518539429,1766381860.519573
Loss/Total,62400,1.3325154781341553,1766381976.8446085
Loss/Total,62450,1.1971502304077148,1766382089.5069358
Loss/Total,62500,1.4682440757751465,1766382203.6467564
Loss/Total,62550,1.6838314533233643,1766382318.4168587
Loss/Total,62600,1.5955376625061035,1766382428.8018084
Loss/Total,62650,1.3877003192901611,1766382542.054968
Loss/Total,62700,1.5149482488632202,1766382651.2501442
Loss/Total,62750,1.313429355621338,1766382765.9055452
Loss/Total,62800,1.3099279403686523,1766382873.7514048
Loss/Total,62850,1.4798882007598877,1766382985.2566643
Loss/Total,62900,1.4208729267120361,1766383093.9606829
Loss/Total,62950,1.1297796964645386,1766383209.2958958
Loss/Total,63000,1.2637463808059692,1766383322.8147578
Loss/Total,63050,1.8114752769470215,1766383433.2306256
Loss/Total,63100,1.448865294456482,1766383543.4809754
Loss/Total,63150,1.3504754304885864,1766383658.5668316
Loss/Total,63200,1.482953667640686,1766383772.5032384
Loss/Total,63250,1.3116726875305176,1766383885.0949364
Loss/Total,63300,1.3669898509979248,1766383995.9213467
Loss/Total,63350,1.3904865980148315,1766384104.3103976
Loss/Total,63400,1.3847062587738037,1766384218.663345
Loss/Total,63450,1.2678323984146118,1766384327.4715593
Loss/Total,63500,1.366173267364502,1766384442.1517315
Loss/Total,63550,1.522882342338562,1766384555.9781923
Loss/Total,63600,1.326234221458435,1766384669.1920714
Loss/Total,63650,1.2223682403564453,1766384782.4300573
Loss/Total,63700,1.4964649677276611,1766384893.953806
Loss/Total,63750,1.4630837440490723,1766385005.114572
Loss/Total,63800,1.4477646350860596,1766385119.2723892
Loss/Total,63850,1.5809910297393799,1766385233.6150255
Loss/Total,63900,1.268682837486267,1766385349.3377485
Loss/Total,63950,1.6096327304840088,1766385460.9782574
Loss/Total,64000,1.4191017150878906,1766385569.6194224
Loss/Total,64050,1.3971693515777588,1766385682.8847568
Loss/Total,64100,1.5284996032714844,1766385794.6383154
Loss/Total,64150,1.4427220821380615,1766385911.7145848
Loss/Total,64200,1.3448941707611084,1766386029.185774
Loss/Total,64250,1.4527791738510132,1766386148.0011845
Loss/Total,64300,1.2634105682373047,1766386263.831366
Loss/Total,64350,1.2888057231903076,1766386377.7360573
Loss/Total,64400,1.2638593912124634,1766386495.1216347
Loss/Total,64450,1.339640736579895,1766386608.3627117
Loss/Total,64500,1.4404572248458862,1766386720.1183186
Loss/Total,64550,1.3147326707839966,1766386832.81477
Loss/Total,64600,1.2871806621551514,1766386945.31215
Loss/Total,64650,1.366175651550293,1766387058.643019
Loss/Total,64700,1.5032840967178345,1766387168.6515794
Loss/Total,64750,1.481224775314331,1766387279.2390738
Loss/Total,64800,1.5283507108688354,1766387389.9345326
Loss/Total,64850,1.5691946744918823,1766387504.1392488
Loss/Total,64900,1.504394292831421,1766387613.7224154
Loss/Total,64950,1.3222154378890991,1766387727.7600632
Loss/Total,65000,1.3486448526382446,1766387838.1512306
Loss/Total,65050,1.4293832778930664,1766387952.1847463
Loss/Total,65100,1.4030930995941162,1766388064.8676372
Loss/Total,65150,1.2126984596252441,1766388176.857671
Loss/Total,65200,1.4161494970321655,1766388291.4929686
Loss/Total,65250,1.3108633756637573,1766388403.3913884
Loss/Total,65300,1.3780725002288818,1766388517.4756722
Loss/Total,65350,1.3524469137191772,1766388627.8514965
Loss/Total,65400,1.4664511680603027,1766388737.6918006
Loss/Total,65450,1.3930678367614746,1766388854.8720448
Loss/Total,65500,1.4401062726974487,1766388967.9269881
Loss/Total,65550,1.4542040824890137,1766389086.2010381
Loss/Total,65600,1.2921664714813232,1766389203.046876
Loss/Total,65650,1.3261737823486328,1766389316.8375304
Loss/Total,65700,1.248654842376709,1766389435.051422
Loss/Total,65750,1.304818034172058,1766389548.2629817
Loss/Total,65800,1.2883226871490479,1766389661.1483023
Loss/Total,65850,1.3570449352264404,1766389773.9551697
Loss/Total,65900,1.550565481185913,1766389888.4063568
Loss/Total,65950,1.3542649745941162,1766390002.4276884
Loss/Total,66000,1.3833985328674316,1766390114.0053904
Loss/Total,66050,1.3381022214889526,1766390231.1001494
Loss/Total,66100,1.475393295288086,1766390343.3274527
Loss/Total,66150,1.346538782119751,1766390455.0405192
Loss/Total,66200,1.4486544132232666,1766390566.5381558
Loss/Total,66250,1.2788722515106201,1766390679.9061737
Loss/Total,66300,1.414506435394287,1766390793.6144161
Loss/Total,66350,1.3813556432724,1766390905.26738
Loss/Total,66400,1.5379235744476318,1766391019.201503
Loss/Total,66450,1.3480652570724487,1766391132.5111983
Loss/Total,66500,1.397849678993225,1766391244.1661172
Loss/Total,66550,1.4110054969787598,1766391358.396881
Loss/Total,66600,1.4444124698638916,1766391469.6635377
Loss/Total,66650,1.3620948791503906,1766391582.751932
Loss/Total,66700,1.50559663772583,1766391698.1373482
Loss/Total,66750,1.8290908336639404,1766391805.901654
Loss/Total,66800,1.3665895462036133,1766391919.3002563
Loss/Total,66850,1.5099503993988037,1766392031.7835038
Loss/Total,66900,1.3461984395980835,1766392145.935999
Loss/Total,66950,1.3638954162597656,1766392257.7088892
Loss/Total,67000,1.4838666915893555,1766392370.6486115
Loss/Total,67050,1.4718849658966064,1766392479.0995238
Loss/Total,67100,1.6088188886642456,1766392592.1422908
Loss/Total,67150,1.3183107376098633,1766392703.7158072
Loss/Total,67200,1.4753066301345825,1766392816.6892574
Loss/Total,67250,1.5389249324798584,1766392929.010294
Loss/Total,67300,1.2899792194366455,1766393043.2602382
Loss/Total,67350,1.2797071933746338,1766393156.6724534
Loss/Total,67400,1.5522313117980957,1766393269.863034
Loss/Total,67450,1.2016358375549316,1766393382.9067984
Loss/Total,67500,1.5009875297546387,1766393498.6565983
Loss/Total,67550,1.4464337825775146,1766393609.8690026
Loss/Total,67600,1.2311809062957764,1766393725.8145027
Loss/Total,67650,1.4703015089035034,1766393836.837877
Loss/Total,67700,1.7191866636276245,1766393950.93825
Loss/Total,67750,1.3931423425674438,1766394061.8160877
Loss/Total,67800,1.3504363298416138,1766394170.591622
Loss/Total,67850,1.4417810440063477,1766394282.0854297
Loss/Total,67900,1.3997817039489746,1766394396.83289
Loss/Total,67950,1.1323248147964478,1766394513.7404764
Loss/Total,68000,1.2694655656814575,1766394625.307623
Loss/Total,68050,1.4366753101348877,1766394736.4339259
Loss/Total,68100,1.3772315979003906,1766394850.2110465
Loss/Total,68150,1.5076909065246582,1766394960.3465574
Loss/Total,68200,1.3329792022705078,1766395071.9704807
Loss/Total,68250,1.5276479721069336,1766395188.798242
Loss/Total,68300,1.3431090116500854,1766395302.717516
Loss/Total,68350,1.3181064128875732,1766395415.6244018
Loss/Total,68400,1.3352077007293701,1766395530.410398
Loss/Total,68450,1.6296367645263672,1766395644.2170775
Loss/Total,68500,1.3963696956634521,1766395757.9668329
Loss/Total,68550,1.3351789712905884,1766395870.8844569
Loss/Total,68600,1.7423137426376343,1766395982.9046233
Loss/Total,68650,1.677324891090393,1766396094.2331245
Loss/Total,68700,1.354491114616394,1766396207.7418008
Loss/Total,68750,1.417242407798767,1766396321.9659054
Loss/Total,68800,1.3403135538101196,1766396436.2718904
Loss/Total,68850,1.5312609672546387,1766396546.8089015
Loss/Total,68900,1.3744374513626099,1766396661.3891768
Loss/Total,68950,1.4274662733078003,1766396775.649349
Loss/Total,69000,1.2250699996948242,1766396886.6518598
Loss/Total,69050,1.5143969058990479,1766396999.1513534
Loss/Total,69100,1.3108162879943848,1766397109.2447762
Loss/Total,69150,1.3811920881271362,1766397222.6184072
Loss/Total,69200,1.585536003112793,1766397337.8779905
Loss/Total,69250,1.468465805053711,1766397449.3203037
Loss/Total,69300,1.3337385654449463,1766397561.0487971
Loss/Total,69350,1.5017590522766113,1766397671.685698
Loss/Total,69400,1.2828470468521118,1766397783.453547
Loss/Total,69450,1.564052700996399,1766397895.9560843
Loss/Total,69500,1.3635677099227905,1766398006.1608381
Loss/Total,69550,1.4611904621124268,1766398121.7151723
Loss/Total,69600,1.4760478734970093,1766398235.572393
Loss/Total,69650,1.4700284004211426,1766398357.5083725
Loss/Total,69700,1.419137954711914,1766398471.3684878
Loss/Total,69750,1.351879596710205,1766398581.4222658
Loss/Total,69800,1.4975941181182861,1766398695.9955885
Loss/Total,69850,1.5345896482467651,1766398815.2458138
Loss/Total,69900,1.3197808265686035,1766398931.216728
Loss/Total,69950,1.3595441579818726,1766399041.6245763
Loss/Total,70000,1.4472324848175049,1766399153.2448146
Loss/Total,70050,1.3255375623703003,1766399265.5855849
Loss/Total,70100,1.313046932220459,1766399381.401139
Loss/Total,70150,1.5149879455566406,1766399493.4820023
Loss/Total,70200,1.3668326139450073,1766399605.090111
Loss/Total,70250,1.396768569946289,1766399717.812631
Loss/Total,70300,1.4625622034072876,1766399829.029909
Loss/Total,70350,1.3501440286636353,1766399944.600516
Loss/Total,70400,1.3496143817901611,1766400058.9460366
Loss/Total,70450,1.5064865350723267,1766400172.7014422
Loss/Total,70500,1.3853833675384521,1766400283.943399
Loss/Total,70550,1.3211036920547485,1766400397.2437677
Loss/Total,70600,1.5308204889297485,1766400509.5074573
Loss/Total,70650,1.3292051553726196,1766400622.7373588
Loss/Total,70700,1.303547978401184,1766400736.0629578
Loss/Total,70750,1.6214892864227295,1766400847.909846
Loss/Total,70800,1.4776031970977783,1766400961.7338672
Loss/Total,70850,1.3398182392120361,1766401070.5301237
Loss/Total,70900,1.3829929828643799,1766401186.1548746
Loss/Total,70950,1.4835917949676514,1766401302.8807795
Loss/Total,71000,1.4960849285125732,1766401414.513978
Loss/Total,71050,1.400739312171936,1766401525.1004696
Loss/Total,71100,1.2898039817810059,1766401636.7642157
Loss/Total,71150,1.3296496868133545,1766401746.770059
Loss/Total,71200,1.7031203508377075,1766401856.652488
Loss/Total,71250,1.1834641695022583,1766401969.275933
Loss/Total,71300,1.3999736309051514,1766402079.391315
Loss/Total,71350,1.372033953666687,1766402192.743443
Loss/Total,71400,1.3244774341583252,1766402305.8474681
Loss/Total,71450,1.4194456338882446,1766402415.6891813
Loss/Total,71500,1.6911017894744873,1766402524.7932699
Loss/Total,71550,1.3667253255844116,1766402637.1980531
Loss/Total,71600,1.3291690349578857,1766402752.3941066
Loss/Total,71650,1.6854982376098633,1766402864.5689936
Loss/Total,71700,1.4062118530273438,1766402980.0960085
Loss/Total,71750,1.2789174318313599,1766403093.0360942
Loss/Total,71800,1.4015111923217773,1766403203.4739387
Loss/Total,71850,1.358829379081726,1766403311.6025493
Loss/Total,71900,1.307084560394287,1766403421.7959135
Loss/Total,71950,1.2221312522888184,1766403532.9626138
Loss/Total,72000,1.3285280466079712,1766403643.1936076
Loss/Total,72050,1.3836700916290283,1766403760.1665406
Loss/Total,72100,1.4791280031204224,1766403873.5147483
Loss/Total,72150,1.347754955291748,1766403986.289322
Loss/Total,72200,1.3402156829833984,1766404095.9277174
Loss/Total,72250,1.4571561813354492,1766404210.6761973
Loss/Total,72300,1.568933367729187,1766404323.7505538
Loss/Total,72350,1.3329837322235107,1766404434.4303937
Loss/Total,72400,1.5148682594299316,1766404543.872709
Loss/Total,72450,1.4432225227355957,1766404654.7051792
Loss/Total,72500,1.315415859222412,1766404765.567674
Loss/Total,72550,1.285378098487854,1766404877.1111047
Loss/Total,72600,1.3900500535964966,1766404987.7791853
Loss/Total,72650,1.5010782480239868,1766405102.695415
Loss/Total,72700,1.4368587732315063,1766405214.7019694
Loss/Total,72750,1.607414960861206,1766405328.9096017
Loss/Total,72800,1.3665523529052734,1766405438.6442637
Loss/Total,72850,1.43385648727417,1766405552.2934809
Loss/Total,72900,1.683868408203125,1766405664.911209
Loss/Total,72950,1.3198747634887695,1766405776.0897377
Loss/Total,73000,1.4420585632324219,1766405888.0571399
Loss/Total,73050,1.529557228088379,1766405998.7550232
Loss/Total,73100,1.4178212881088257,1766406113.6251478
Loss/Total,73150,1.3997154235839844,1766406226.729262
Loss/Total,73200,1.626177191734314,1766406339.3065379
Loss/Total,73250,1.326899766921997,1766406449.3739762
Loss/Total,73300,1.4438084363937378,1766406557.3311334
Loss/Total,73350,1.6032578945159912,1766406670.3283122
Loss/Total,73400,1.4311115741729736,1766406784.0953531
Loss/Total,73450,1.413465142250061,1766406898.2633398
Loss/Total,73500,1.4084376096725464,1766407010.2160418
Loss/Total,73550,1.630763053894043,1766407123.8575842
Loss/Total,73600,1.543228030204773,1766407235.9385438
Loss/Total,73650,1.3925949335098267,1766407350.2513046
Loss/Total,73700,1.4950411319732666,1766407460.8005466
Loss/Total,73750,1.5845600366592407,1766407570.829012
Loss/Total,73800,1.4013148546218872,1766407684.3314972
Loss/Total,73850,1.4241489171981812,1766407798.690977
Loss/Total,73900,1.3144232034683228,1766407912.6707323
Loss/Total,73950,1.5373082160949707,1766408023.8824992
Loss/Total,74000,1.4523100852966309,1766408136.5424042
Loss/Total,74050,1.4300040006637573,1766408251.2083478
Loss/Total,74100,1.5955965518951416,1766408367.207907
Loss/Total,74150,1.349339485168457,1766408479.7470121
Loss/Total,74200,1.2606031894683838,1766408591.999417
Loss/Total,74250,1.5688676834106445,1766408706.3650074
Loss/Total,74300,1.324925422668457,1766408818.6925886
Loss/Total,74350,1.43900728225708,1766408932.214903
Loss/Total,74400,1.5457450151443481,1766409043.418213
Loss/Total,74450,1.2534685134887695,1766409158.1873097
Loss/Total,74500,1.3371925354003906,1766409270.695776
Loss/Total,74550,1.446056604385376,1766409386.983448
Loss/Total,74600,1.3220341205596924,1766409498.7046237
Loss/Total,74650,1.405543565750122,1766409612.7290492
Loss/Total,74700,1.3629865646362305,1766409720.3206797
Loss/Total,74750,1.57805335521698,1766409834.0849335
Loss/Total,74800,1.4427435398101807,1766409946.6192477
Loss/Total,74850,1.5513218641281128,1766410063.6836112
Loss/Total,74900,1.6441283226013184,1766410177.3719363
Loss/Total,74950,1.2889728546142578,1766410290.1850297
Loss/Total,75000,1.497238039970398,1766410400.9831054
Loss/Total,75050,1.3675248622894287,1766410511.5013664
Loss/Total,75100,1.2754501104354858,1766410622.1350796
Loss/Total,75150,1.6838855743408203,1766410732.3237827
Loss/Total,75200,1.4506040811538696,1766410845.8903637
Loss/Total,75250,1.3396974802017212,1766410958.421376
Loss/Total,75300,1.4814221858978271,1766411071.268421
Loss/Total,75350,1.396408200263977,1766411188.2128134
Loss/Total,75400,1.4923012256622314,1766411303.6872942
Loss/Total,75450,1.5426057577133179,1766411415.260171
Loss/Total,75500,1.609696865081787,1766411528.6067164
Loss/Total,75550,1.3387575149536133,1766411642.5803218
Loss/Total,75600,1.5361721515655518,1766411753.7288334
Loss/Total,75650,1.3675727844238281,1766411869.2946494
Loss/Total,75700,1.2377691268920898,1766411983.3265555
Loss/Total,75750,1.4367690086364746,1766412095.3687668
Loss/Total,75800,1.4078631401062012,1766412206.9545496
Loss/Total,75850,1.3704406023025513,1766412317.1032465
Loss/Total,75900,1.3507379293441772,1766412432.0712967
Loss/Total,75950,1.2483599185943604,1766412544.741233
Loss/Total,76000,1.266547441482544,1766412654.7972205
Loss/Total,76050,1.5063068866729736,1766412762.6181216
Loss/Total,76100,1.5107665061950684,1766412875.6666017
Loss/Total,76150,1.5131888389587402,1766412987.2859602
Loss/Total,76200,1.2843444347381592,1766413099.676108
Loss/Total,76250,1.2875277996063232,1766413212.6402743
Loss/Total,76300,1.271869421005249,1766413325.8728614
Loss/Total,76350,1.3539445400238037,1766413438.3503416
Loss/Total,76400,1.5562570095062256,1766413553.5281124
Loss/Total,76450,1.3149197101593018,1766413667.7806816
Loss/Total,76500,2.059786796569824,1766413780.8550608
Loss/Total,76550,1.3917044401168823,1766413894.5092602
Loss/Total,76600,1.3664947748184204,1766414008.5853214
Loss/Total,76650,1.3018865585327148,1766414121.0897682
Loss/Total,76700,1.2018601894378662,1766414234.024521
Loss/Total,76750,1.5352253913879395,1766414341.69386
Loss/Total,76800,1.3159594535827637,1766414452.22524
Loss/Total,76850,1.316232442855835,1766414566.4088607
Loss/Total,76900,1.4333093166351318,1766414676.5644596
Loss/Total,76950,1.5835288763046265,1766414789.1851633
Loss/Total,77000,1.3824862241744995,1766414902.544222
Loss/Total,77050,1.5281291007995605,1766415014.5214202
Loss/Total,77100,1.5206191539764404,1766415126.820551
Loss/Total,77150,1.3150427341461182,1766415237.3028207
Loss/Total,77200,1.3713300228118896,1766415348.4701693
Loss/Total,77250,1.337915301322937,1766415461.3711224
Loss/Total,77300,1.4191395044326782,1766415573.8358917
Loss/Total,77350,1.4567807912826538,1766415684.7204447
Loss/Total,77400,1.3761513233184814,1766415798.4180899
Loss/Total,77450,1.342969536781311,1766415911.4515135
Loss/Total,77500,1.2972416877746582,1766416021.9334617
Loss/Total,77550,1.2012195587158203,1766416134.338932
Loss/Total,77600,1.4687817096710205,1766416246.7783623
Loss/Total,77650,1.6575167179107666,1766416356.6280751
Loss/Total,77700,1.2888455390930176,1766416470.652687
Loss/Total,77750,1.7114641666412354,1766416586.5795364
Loss/Total,77800,1.4240015745162964,1766416704.528646
Loss/Total,77850,1.5301847457885742,1766416821.5802717
Loss/Total,77900,1.4627151489257812,1766416936.2877126
Loss/Total,77950,1.4859566688537598,1766417048.158196
Loss/Total,78000,2.111973762512207,1766417160.2258909
Loss/Total,78050,1.5506806373596191,1766417266.6295755
Loss/Total,78100,1.5225014686584473,1766417379.7637079
Loss/Total,78150,1.6128661632537842,1766417493.0481918
Loss/Total,78200,1.4399139881134033,1766417607.895941
Loss/Total,78250,1.4328110218048096,1766417717.3793604
Loss/Total,78300,1.4927458763122559,1766417831.318487
Loss/Total,78350,1.5054737329483032,1766417944.4110975
Loss/Total,78400,1.541500449180603,1766418058.4369075
Loss/Total,78450,1.38334059715271,1766418173.335166
Loss/Total,78500,1.4970228672027588,1766418286.5742133
Loss/Total,78550,1.458358883857727,1766418402.6392095
Loss/Total,78600,1.3874684572219849,1766418512.3710957
Loss/Total,78650,1.3671133518218994,1766418625.707716
Loss/Total,78700,1.378777027130127,1766418738.303545
Loss/Total,78750,1.5946431159973145,1766418852.2129576
Loss/Total,78800,1.5558197498321533,1766418965.2808607
Loss/Total,78850,1.4502226114273071,1766419078.3958273
Loss/Total,78900,1.300780177116394,1766419191.679841
Loss/Total,78950,1.4046460390090942,1766419305.8849595
Loss/Total,79000,1.4503278732299805,1766419419.56666
Loss/Total,79050,1.3774335384368896,1766419533.414921
Loss/Total,79100,1.5293172597885132,1766419648.8803904
Loss/Total,79150,1.5576146841049194,1766419762.315808
Loss/Total,79200,1.3391356468200684,1766419878.937012
Loss/Total,79250,1.432672381401062,1766419990.7949529
Loss/Total,79300,1.5780575275421143,1766420103.7546144
Loss/Total,79350,1.638709306716919,1766420218.9372575
Loss/Total,79400,1.5843993425369263,1766420333.1721296
Loss/Total,79450,1.382957100868225,1766420442.7088802
Loss/Total,79500,1.3361481428146362,1766420556.8186357
Loss/Total,79550,1.529929757118225,1766420667.3130915
Loss/Total,79600,1.5138550996780396,1766420779.9346318
Loss/Total,79650,1.4991614818572998,1766420893.0143385
Loss/Total,79700,1.548535943031311,1766421005.4915175
Loss/Total,79750,1.4399263858795166,1766421113.2959151
Loss/Total,79800,1.5913636684417725,1766421227.3918676
Loss/Total,79850,1.411687970161438,1766421343.1032891
Loss/Total,79900,1.5175501108169556,1766421456.3741493
Loss/Total,79950,1.3408230543136597,1766421568.7413359
Loss/Total,80000,1.2978918552398682,1766421680.214679
Loss/Total,80050,1.4429655075073242,1766421789.438431
Loss/Total,80100,1.2372254133224487,1766421900.7564032
Loss/Total,80150,1.3380355834960938,1766422010.297684
Loss/Total,80200,1.3773608207702637,1766422120.8051968
Loss/Total,80250,1.3305569887161255,1766422232.4279275
Loss/Total,80300,1.6408426761627197,1766422348.521237
Loss/Total,80350,1.3747340440750122,1766422460.8938777
Loss/Total,80400,1.4571421146392822,1766422576.7959259
Loss/Total,80450,1.4169367551803589,1766422689.4745162
Loss/Total,80500,1.3024890422821045,1766422799.3665218
Loss/Total,80550,1.303775668144226,1766422912.845778
Loss/Total,80600,1.4205735921859741,1766423025.2212198
Loss/Total,80650,1.29144287109375,1766423134.489947
Loss/Total,80700,1.397113561630249,1766423248.1648123
Loss/Total,80750,1.382326602935791,1766423360.3350496
Loss/Total,80800,1.3714368343353271,1766423471.501054
Loss/Total,80850,1.310699462890625,1766423584.9046028
Loss/Total,80900,1.3089286088943481,1766423698.9583755
Loss/Total,80950,1.3912250995635986,1766423810.6200078
Loss/Total,81000,1.3804566860198975,1766423925.1798112
Loss/Total,81050,1.387235403060913,1766424034.582534
Loss/Total,81100,1.5186290740966797,1766424141.3578823
Loss/Total,81150,1.4562712907791138,1766424253.5032322
Loss/Total,81200,1.2746925354003906,1766424364.3564842
Loss/Total,81250,1.598142147064209,1766424470.6180384
Loss/Total,81300,1.3713269233703613,1766424587.2495985
Loss/Total,81350,1.3587207794189453,1766424697.510735
Loss/Total,81400,1.3247926235198975,1766424810.7126858
Loss/Total,81450,1.3375535011291504,1766424923.3488858
Loss/Total,81500,1.5556925535202026,1766425035.7307901
Loss/Total,81550,1.4516880512237549,1766425146.3211806
Loss/Total,81600,1.3867602348327637,1766425260.1901596
Loss/Total,81650,1.5185019969940186,1766425374.7735364
Loss/Total,81700,1.343878984451294,1766425487.0652444
Loss/Total,81750,1.6420714855194092,1766425601.8833869
Loss/Total,81800,1.368039846420288,1766425714.0270455
Loss/Total,81850,1.4411700963974,1766425826.579991
Loss/Total,81900,1.3701515197753906,1766425938.039492
Loss/Total,81950,1.2890474796295166,1766426052.073568
Loss/Total,82000,1.2869834899902344,1766426164.652065
Loss/Total,82050,1.389098882675171,1766426275.2095838
Loss/Total,82100,1.282206654548645,1766426387.8556662
Loss/Total,82150,1.2049425840377808,1766426497.812351
Loss/Total,82200,1.5393896102905273,1766426612.2019918
Loss/Total,82250,1.4186460971832275,1766426726.5451775
Loss/Total,82300,1.261329174041748,1766426838.756121
Loss/Total,82350,1.375967264175415,1766426950.7770774
Loss/Total,82400,1.3629639148712158,1766427062.7227468
Loss/Total,82450,1.3411840200424194,1766427173.4682782
Loss/Total,82500,1.3983612060546875,1766427284.4977548
Loss/Total,82550,1.2944388389587402,1766427401.9638798
Loss/Total,82600,1.547610878944397,1766427514.5558019
Loss/Total,82650,1.4181236028671265,1766427628.4977562
Loss/Total,82700,1.3027304410934448,1766427738.7777529
Loss/Total,82750,1.2858240604400635,1766427850.4162862
Loss/Total,82800,1.339450716972351,1766427965.3778338
Loss/Total,82850,1.42341148853302,1766428076.427399
Loss/Total,82900,1.4190298318862915,1766428189.3403347
Loss/Total,82950,1.5820021629333496,1766428301.8718665
Loss/Total,83000,1.4496830701828003,1766428409.336989
Loss/Total,83050,1.4285006523132324,1766428521.461629
Loss/Total,83100,1.3598201274871826,1766428631.6817133
Loss/Total,83150,1.3494091033935547,1766428747.1707747
Loss/Total,83200,1.1497650146484375,1766428859.148557
Loss/Total,83250,1.4987961053848267,1766428974.1512418
Loss/Total,83300,1.3947688341140747,1766429084.7697506
Loss/Total,83350,1.2305552959442139,1766429194.7991114
Loss/Total,83400,1.3381397724151611,1766429308.239295
Loss/Total,83450,1.314661979675293,1766429423.1545475
Loss/Total,83500,1.2594026327133179,1766429536.4635344
Loss/Total,83550,1.4906375408172607,1766429650.5477734
Loss/Total,83600,1.3607921600341797,1766429765.0164385
Loss/Total,83650,1.3372206687927246,1766429879.3094902
Loss/Total,83700,1.3843011856079102,1766429991.5751677
Loss/Total,83750,1.9344336986541748,1766430106.8919544
Loss/Total,83800,1.3640408515930176,1766430221.6641226
Loss/Total,83850,1.2380316257476807,1766430333.7383685
Loss/Total,83900,1.5246880054473877,1766430447.46914
Loss/Total,83950,1.3094087839126587,1766430557.930732
Loss/Total,84000,1.2394006252288818,1766430671.949346
Loss/Total,84050,1.5463125705718994,1766430783.5283375
Loss/Total,84100,1.4545179605484009,1766430897.8912644
Loss/Total,84150,1.5169880390167236,1766431010.8127282
Loss/Total,84200,1.4004030227661133,1766431125.6082597
Loss/Total,84250,1.3934123516082764,1766431238.127656
Loss/Total,84300,1.489372730255127,1766431350.2769783
Loss/Total,84350,1.412893533706665,1766431462.468816
Loss/Total,84400,1.3194693326950073,1766431577.3670561
Loss/Total,84450,1.3749858140945435,1766431689.0841198
Loss/Total,84500,1.3768211603164673,1766431805.0007737
Loss/Total,84550,1.3872566223144531,1766431921.544334
Loss/Total,84600,1.3287239074707031,1766432034.729249
Loss/Total,84650,1.252795696258545,1766432144.9202375
Loss/Total,84700,1.5098551511764526,1766432254.5077927
Loss/Total,84750,1.3085801601409912,1766432364.998596
Loss/Total,84800,1.4192769527435303,1766432479.7337525
Loss/Total,84850,1.395154595375061,1766432590.1441908
Loss/Total,84900,1.293897032737732,1766432703.278727
Loss/Total,84950,1.6262712478637695,1766432816.3292289
Loss/Total,85000,1.5499070882797241,1766432931.0284505
Loss/Total,85050,1.4821224212646484,1766433044.1719084
Loss/Total,85100,1.296738624572754,1766433154.8603067
Loss/Total,85150,1.3610087633132935,1766433269.0542557
Loss/Total,85200,1.3087793588638306,1766433378.6026385
Loss/Total,85250,1.432685375213623,1766433492.683739
Loss/Total,85300,1.4346723556518555,1766433605.7612484
Loss/Total,85350,1.3152753114700317,1766433720.6400728
Loss/Total,85400,1.3716905117034912,1766433833.9452345
Loss/Total,85450,1.374619483947754,1766433948.2643244
Loss/Total,85500,1.380242943763733,1766434060.4265764
Loss/Total,85550,1.2648491859436035,1766434172.7843819
Loss/Total,85600,1.2693955898284912,1766434283.0725422
Loss/Total,85650,1.410344123840332,1766434395.0570002
Loss/Total,85700,1.4107617139816284,1766434508.4944284
Loss/Total,85750,1.4938175678253174,1766434617.0196238
Loss/Total,85800,1.35499906539917,1766434729.3656385
Loss/Total,85850,1.3188055753707886,1766434841.8951378
Loss/Total,85900,1.372164249420166,1766434957.4665196
Loss/Total,85950,1.502007246017456,1766435069.7811248
Loss/Total,86000,1.3291535377502441,1766435176.958516
Loss/Total,86050,1.2617321014404297,1766435290.9547894
Loss/Total,86100,1.3780300617218018,1766435402.7985294
Loss/Total,86150,1.4384980201721191,1766435515.4102411
Loss/Total,86200,1.5750749111175537,1766435628.9283686
Loss/Total,86250,1.3244996070861816,1766435738.4150987
Loss/Total,86300,1.3702306747436523,1766435851.3693278
Loss/Total,86350,1.3068232536315918,1766435967.1161766
Loss/Total,86400,1.2746775150299072,1766436080.2519863
Loss/Total,86450,1.3125975131988525,1766436191.638072
Loss/Total,86500,1.6317020654678345,1766436300.8222039
Loss/Total,86550,1.470207929611206,1766436412.745985
Loss/Total,86600,1.503615140914917,1766436526.7887652
Loss/Total,86650,1.3252242803573608,1766436640.1403048
Loss/Total,86700,1.4344779253005981,1766436756.5325484
Loss/Total,86750,1.4359662532806396,1766436868.0282423
Loss/Total,86800,1.2669587135314941,1766436981.7296975
Loss/Total,86850,1.3857653141021729,1766437095.055989
Loss/Total,86900,1.2977876663208008,1766437207.7500017
Loss/Total,86950,1.4961602687835693,1766437321.97553
Loss/Total,87000,1.3716033697128296,1766437436.3277497
Loss/Total,87050,1.4670641422271729,1766437548.293131
Loss/Total,87100,1.3672776222229004,1766437661.1203902
Loss/Total,87150,1.2292221784591675,1766437771.8951862
Loss/Total,87200,1.3543615341186523,1766437882.6328452
Loss/Total,87250,1.3992722034454346,1766437996.69362
Loss/Total,87300,1.3423912525177002,1766438107.6587014
Loss/Total,87350,1.3297549486160278,1766438222.6973968
Loss/Total,87400,1.1605618000030518,1766438333.703755
Loss/Total,87450,1.5982195138931274,1766438448.4587963
Loss/Total,87500,1.3879430294036865,1766438557.2279782
Loss/Total,87550,1.404289960861206,1766438667.8074918
Loss/Total,87600,1.4946730136871338,1766438782.0399897
Loss/Total,87650,1.2480292320251465,1766438894.7840855
Loss/Total,87700,1.2677280902862549,1766439013.59168
Loss/Total,87750,1.2980940341949463,1766439130.6184475
Loss/Total,87800,1.20344877243042,1766439242.184423
Loss/Total,87850,1.4364396333694458,1766439354.961034
Loss/Total,87900,1.1875489950180054,1766439471.245139
Loss/Total,87950,1.322862148284912,1766439585.0818906
Loss/Total,88000,1.4361518621444702,1766439702.4213839
Loss/Total,88050,1.2832221984863281,1766439809.878805
Loss/Total,88100,1.3449047803878784,1766439919.511111
Loss/Total,88150,1.4443142414093018,1766440027.3214452
Loss/Total,88200,1.3671211004257202,1766440139.705033
Loss/Total,88250,1.569667100906372,1766440252.2934544
Loss/Total,88300,1.260661005973816,1766440366.712168
Loss/Total,88350,1.242405652999878,1766440481.0858004
Loss/Total,88400,1.3341337442398071,1766440593.4123433
Loss/Total,88450,1.2569658756256104,1766440710.0148957
Loss/Total,88500,1.299288034439087,1766440821.50508
Loss/Total,88550,1.367191195487976,1766440934.4802022
Loss/Total,88600,1.1976584196090698,1766441045.4519901
Loss/Total,88650,1.3760569095611572,1766441163.1508162
Loss/Total,88700,1.3735427856445312,1766441276.6287994
Loss/Total,88750,1.2710731029510498,1766441387.9410071
Loss/Total,88800,1.4404475688934326,1766441500.2588716
Loss/Total,88850,1.2396007776260376,1766441612.9882793
Loss/Total,88900,1.4687299728393555,1766441727.5772924
Loss/Total,88950,1.47993004322052,1766441833.3589199
Loss/Total,89000,1.3796401023864746,1766441946.72407
Loss/Total,89050,1.2823429107666016,1766442060.985655
Loss/Total,89100,1.4679787158966064,1766442175.2704203
Loss/Total,89150,1.4476184844970703,1766442289.6506112
Loss/Total,89200,1.6520744562149048,1766442403.056447
Loss/Total,89250,1.3701304197311401,1766442512.8628745
Loss/Total,89300,1.3100961446762085,1766442627.008239
Loss/Total,89350,1.6530920267105103,1766442742.0624976
Loss/Total,89400,1.5172131061553955,1766442853.9283752
Loss/Total,89450,1.5392086505889893,1766442968.1569166
Loss/Total,89500,1.2742615938186646,1766443079.0343335
Loss/Total,89550,1.246463418006897,1766443191.778121
Loss/Total,89600,1.3303565979003906,1766443301.7775092
Loss/Total,89650,1.2750561237335205,1766443417.1683805
Loss/Total,89700,1.2279208898544312,1766443529.408907
Loss/Total,89750,1.257207989692688,1766443641.7157314
Loss/Total,89800,1.3435653448104858,1766443754.455806
Loss/Total,89850,1.2624995708465576,1766443866.0501509
Loss/Total,89900,1.2042081356048584,1766443975.9095368
Loss/Total,89950,1.1615381240844727,1766444087.0126011
Loss/Total,90000,1.4103574752807617,1766444199.9356923
Loss/Total,90050,1.3411178588867188,1766444315.8364162
Loss/Total,90100,1.1823577880859375,1766444430.6844552
Loss/Total,90150,1.2660229206085205,1766444543.0567906
Loss/Total,90200,1.5881221294403076,1766444657.6938498
Loss/Total,90250,1.270601511001587,1766444773.5816047
Loss/Total,90300,1.334120512008667,1766444886.1333442
Loss/Total,90350,1.3458435535430908,1766444997.2783196
Loss/Total,90400,1.2514798641204834,1766445110.8006876
Loss/Total,90450,1.219757318496704,1766445220.021315
Loss/Total,90500,1.3685846328735352,1766445332.6984532
Loss/Total,90550,1.3287389278411865,1766445445.3429673
Loss/Total,90600,1.2596580982208252,1766445557.739805
Loss/Total,90650,1.3137569427490234,1766445670.958713
Loss/Total,90700,1.3115646839141846,1766445780.4430614
Loss/Total,90750,1.547804355621338,1766445894.1078491
Loss/Total,90800,1.3666679859161377,1766446005.2036295
Loss/Total,90850,1.4561847448349,1766446116.9994512
Loss/Total,90900,1.2234113216400146,1766446230.2114058
Loss/Total,90950,1.3639717102050781,1766446340.2766688
Loss/Total,91000,1.2704395055770874,1766446455.4868999
Loss/Total,91050,1.216884732246399,1766446568.2660613
Loss/Total,91100,1.3432941436767578,1766446681.3457165
Loss/Total,91150,1.3519816398620605,1766446794.8468783
Loss/Total,91200,1.3704818487167358,1766446908.883121
Loss/Total,91250,1.2558207511901855,1766447022.0481853
Loss/Total,91300,1.3763679265975952,1766447133.3559356
Loss/Total,91350,1.1593855619430542,1766447244.3064785
Loss/Total,91400,1.390480637550354,1766447356.753313
Loss/Total,91450,1.6931617259979248,1766447466.2509942
Loss/Total,91500,1.3780860900878906,1766447576.522085
Loss/Total,91550,1.3153215646743774,1766447684.6027272
Loss/Total,91600,1.6254180669784546,1766447799.4803503
Loss/Total,91650,1.302393913269043,1766447914.0191898
Loss/Total,91700,1.337011694908142,1766448029.4178798
Loss/Total,91750,1.3393651247024536,1766448141.915545
Loss/Total,91800,1.2977945804595947,1766448252.7313504
Loss/Total,91850,1.4526889324188232,1766448366.8465407
Loss/Total,91900,1.4710549116134644,1766448476.5606413
Loss/Total,91950,1.3840190172195435,1766448587.8025744
Loss/Total,92000,1.556504487991333,1766448697.331473
Loss/Total,92050,1.201479434967041,1766448812.1136599
Loss/Total,92100,1.3693041801452637,1766448925.2315724
Loss/Total,92150,1.5526360273361206,1766449042.2991242
Loss/Total,92200,1.4019017219543457,1766449152.205088
Loss/Total,92250,1.3483045101165771,1766449262.3075805
Loss/Total,92300,1.1291369199752808,1766449374.1372788
Loss/Total,92350,1.3064796924591064,1766449485.0983734
Loss/Total,92400,1.3113598823547363,1766449599.0160382
Loss/Total,92450,1.3139418363571167,1766449711.3719318
Loss/Total,92500,1.3737366199493408,1766449821.7933474
Loss/Total,92550,1.413741946220398,1766449931.2773368
Loss/Total,92600,1.233175277709961,1766450044.9153516
Loss/Total,92650,1.4874451160430908,1766450156.7836561
Loss/Total,92700,1.625758171081543,1766450271.241705
Loss/Total,92750,1.3867932558059692,1766450380.0094473
Loss/Total,92800,1.262946367263794,1766450493.6833022
Loss/Total,92850,1.4032326936721802,1766450609.002217
Loss/Total,92900,1.3347980976104736,1766450722.7631104
Loss/Total,92950,1.2424722909927368,1766450832.403814
Loss/Total,93000,1.3032252788543701,1766450941.3531396
Loss/Total,93050,1.477426528930664,1766451054.409861
Loss/Total,93100,1.2789437770843506,1766451166.7827778
Loss/Total,93150,1.2052085399627686,1766451278.3959682
Loss/Total,93200,1.3769371509552002,1766451390.412528
Loss/Total,93250,1.2997064590454102,1766451507.3139262
Loss/Total,93300,1.4525326490402222,1766451618.9640133
Loss/Total,93350,1.4255235195159912,1766451730.2620904
Loss/Total,93400,1.2800664901733398,1766451845.1461658
Loss/Total,93450,1.4260637760162354,1766451960.5576532
Loss/Total,93500,1.4484386444091797,1766452072.9522321
Loss/Total,93550,1.25789475440979,1766452184.9922895
Loss/Total,93600,1.3624241352081299,1766452302.7443635
Loss/Total,93650,1.4856873750686646,1766452410.7585654
Loss/Total,93700,1.2657310962677002,1766452519.3341112
Loss/Total,93750,1.3254096508026123,1766452629.3290792
Loss/Total,93800,1.1807243824005127,1766452743.6421983
Loss/Total,93850,1.3668010234832764,1766452857.207597
Loss/Total,93900,1.3061217069625854,1766452971.5110695
Loss/Total,93950,1.452371597290039,1766453084.0893717
Loss/Total,94000,1.411331295967102,1766453194.516559
Loss/Total,94050,1.6055253744125366,1766453308.6227891
Loss/Total,94100,1.270958423614502,1766453419.451518
Loss/Total,94150,1.3668724298477173,1766453533.6652758
Loss/Total,94200,1.3482218980789185,1766453644.6801744
Loss/Total,94250,1.3097965717315674,1766453758.7650335
Loss/Total,94300,1.4721906185150146,1766453870.6901104
Loss/Total,94350,1.4130326509475708,1766453984.7424827
Loss/Total,94400,1.4161547422409058,1766454098.195714
Loss/Total,94450,1.8024704456329346,1766454211.933176
Loss/Total,94500,1.4467734098434448,1766454325.8778934
Loss/Total,94550,1.4052417278289795,1766454436.5230625
Loss/Total,94600,1.3063344955444336,1766454546.3548424
Loss/Total,94650,1.3543133735656738,1766454658.831126
Loss/Total,94700,1.548304557800293,1766454772.728498
Loss/Total,94750,1.5265085697174072,1766454884.650106
Loss/Total,94800,1.4497253894805908,1766454995.2415948
Loss/Total,94850,1.7160437107086182,1766455108.4843967
Loss/Total,94900,1.2202997207641602,1766455218.7677095
Loss/Total,94950,1.440751314163208,1766455330.9535825
Loss/Total,95000,1.339971899986267,1766455442.804943
Loss/Total,95050,1.285799264907837,1766455553.7195444
Loss/Total,95100,1.2575021982192993,1766455665.9016454
Loss/Total,95150,1.2968107461929321,1766455778.6534312
Loss/Total,95200,1.4080753326416016,1766455890.9898078
Loss/Total,95250,1.412346363067627,1766456000.6875076
Loss/Total,95300,1.293410301208496,1766456116.1622365
Loss/Total,95350,1.3405630588531494,1766456224.4249022
Loss/Total,95400,1.3458014726638794,1766456339.5239062
Loss/Total,95450,1.4143120050430298,1766456451.4963455
Loss/Total,95500,1.240112543106079,1766456562.5841196
Loss/Total,95550,1.4027690887451172,1766456675.4677293
Loss/Total,95600,1.3088852167129517,1766456788.2480884
Loss/Total,95650,1.2236638069152832,1766456901.9751253
Loss/Total,95700,1.382021427154541,1766457018.1813867
Loss/Total,95750,1.3299622535705566,1766457130.409083
Loss/Total,95800,1.2687947750091553,1766457244.8135731
Loss/Total,95850,1.2352843284606934,1766457356.1297774
Loss/Total,95900,1.3125075101852417,1766457466.3884342
Loss/Total,95950,1.3396730422973633,1766457574.0685592
Loss/Total,96000,1.5007485151290894,1766457689.6092634
Loss/Total,96050,1.1761455535888672,1766457802.050335
Loss/Total,96100,1.4405922889709473,1766457914.6342733
Loss/Total,96150,1.2383198738098145,1766458029.2089107
Loss/Total,96200,1.1893928050994873,1766458145.517323
Loss/Total,96250,1.2839393615722656,1766458256.3724637
Loss/Total,96300,1.386233925819397,1766458368.5851321
Loss/Total,96350,1.3713486194610596,1766458481.861532
Loss/Total,96400,1.604613184928894,1766458593.3645475
Loss/Total,96450,1.3885421752929688,1766458704.977686
Loss/Total,96500,1.375427007675171,1766458816.6940534
Loss/Total,96550,1.1692982912063599,1766458927.371287
Loss/Total,96600,1.334394931793213,1766459040.8872406
Loss/Total,96650,1.497241735458374,1766459153.8010955
Loss/Total,96700,1.3272385597229004,1766459267.6336653
Loss/Total,96750,1.546258807182312,1766459378.198501
Loss/Total,96800,1.1843936443328857,1766459486.399056
Loss/Total,96850,1.2877802848815918,1766459602.0204062
Loss/Total,96900,1.2165892124176025,1766459716.8210847
Loss/Total,96950,1.341847538948059,1766459824.953559
Loss/Total,97000,1.369702935218811,1766459936.3570747
Loss/Total,97050,1.2964026927947998,1766460049.541162
Loss/Total,97100,1.3647828102111816,1766460161.324138
Loss/Total,97150,1.3231196403503418,1766460272.0176392
Loss/Total,97200,1.4362280368804932,1766460387.2263603
Loss/Total,97250,1.1806962490081787,1766460500.4993222
Loss/Total,97300,1.3362929821014404,1766460612.0178218
Loss/Total,97350,1.2455229759216309,1766460720.4014194
Loss/Total,97400,1.4343078136444092,1766460834.1772087
Loss/Total,97450,1.3878376483917236,1766460946.5565555
Loss/Total,97500,1.2664563655853271,1766461060.677279
Loss/Total,97550,1.3628674745559692,1766461167.8050416
Loss/Total,97600,1.231093168258667,1766461279.2975829
Loss/Total,97650,1.3659895658493042,1766461392.320041
Loss/Total,97700,1.2906074523925781,1766461503.7453148
Loss/Total,97750,1.1803736686706543,1766461617.8309798
Loss/Total,97800,1.4649171829223633,1766461729.5840414
Loss/Total,97850,1.37944495677948,1766461842.0470684
Loss/Total,97900,1.3092743158340454,1766461957.554526
Loss/Total,97950,1.110324740409851,1766462075.5231254
Loss/Total,98000,1.283304214477539,1766462187.7214665
Loss/Total,98050,1.163500428199768,1766462302.1684303
Loss/Total,98100,1.560784935951233,1766462414.9855857
Loss/Total,98150,1.3765997886657715,1766462524.887044
Loss/Total,98200,1.377013087272644,1766462634.5646656
Loss/Total,98250,1.2899696826934814,1766462746.5140688
Loss/Total,98300,1.22100031375885,1766462860.4535527
Loss/Total,98350,1.1874021291732788,1766462973.283805
Loss/Total,98400,1.5310139656066895,1766463086.4020147
Loss/Total,98450,1.4224807024002075,1766463201.5859537
Loss/Total,98500,1.3631209135055542,1766463314.7444384
Loss/Total,98550,1.3813468217849731,1766463427.300445
Loss/Total,98600,1.1818889379501343,1766463539.5688229
Loss/Total,98650,1.199961543083191,1766463653.1818244
Loss/Total,98700,1.3814971446990967,1766463764.3366082
Loss/Total,98750,1.3375756740570068,1766463879.5814493
Loss/Total,98800,1.2578574419021606,1766463992.8327584
Loss/Total,98850,1.3159149885177612,1766464103.4155335
Loss/Total,98900,1.735811710357666,1766464216.9635298
Loss/Total,98950,1.3060086965560913,1766464325.5954528
Loss/Total,99000,1.4094970226287842,1766464437.602199
Loss/Total,99050,1.4819514751434326,1766464553.1282787
Loss/Total,99100,1.2160754203796387,1766464667.4513848
Loss/Total,99150,1.510735273361206,1766464779.1761782
Loss/Total,99200,1.5216951370239258,1766464890.361107
Loss/Total,99250,1.4693918228149414,1766465003.76608
Loss/Total,99300,1.2026042938232422,1766465118.3183458
Loss/Total,99350,1.2293797731399536,1766465234.2207024
Loss/Total,99400,1.3637890815734863,1766465343.0106497
Loss/Total,99450,1.3349132537841797,1766465452.5315092
Loss/Total,99500,1.2474406957626343,1766465566.4123614
Loss/Total,99550,1.3852156400680542,1766465682.3518717
Loss/Total,99600,1.4326932430267334,1766465794.2606928
Loss/Total,99650,1.3988691568374634,1766465902.5064483
Loss/Total,99700,1.3266639709472656,1766466016.4753003
Loss/Total,99750,1.27134370803833,1766466130.0612988
Loss/Total,99800,1.3702201843261719,1766466240.107962
Loss/Total,99850,1.2382361888885498,1766466353.9669602
Loss/Total,99900,1.3154329061508179,1766466466.5608974
Loss/Total,99950,1.2796800136566162,1766466581.0310473
Loss/Total,100000,1.3279924392700195,1766466692.971408
Loss/Total,100050,1.3872060775756836,1766466806.5629017
Loss/Total,100100,1.4936680793762207,1766466923.568009
Loss/Total,100150,1.4508469104766846,1766467035.987874
Loss/Total,100200,1.3889551162719727,1766467146.5977676
Loss/Total,100250,1.3084797859191895,1766467260.798435
Loss/Total,100300,1.3123832941055298,1766467377.5259578
Loss/Total,100350,1.21902596950531,1766467489.9431744
Loss/Total,100400,1.2826766967773438,1766467604.5460804
Loss/Total,100450,1.251143217086792,1766467719.1945026
Loss/Total,100500,1.3616907596588135,1766467832.6637185
Loss/Total,100550,1.361806869506836,1766467943.3521414
Loss/Total,100600,1.2308335304260254,1766468058.805406
Loss/Total,100650,1.3554446697235107,1766468175.4799802
Loss/Total,100700,1.3707938194274902,1766468290.521443
Loss/Total,100750,1.6015291213989258,1766468403.8009775
Loss/Total,100800,1.4476311206817627,1766468516.0031252
Loss/Total,100850,1.2940579652786255,1766468626.4294279
Loss/Total,100900,1.399769902229309,1766468740.1195102
Loss/Total,100950,1.3390926122665405,1766468855.0389626
Loss/Total,101000,1.3036808967590332,1766468966.629868
Loss/Total,101050,1.456931710243225,1766469080.5047367
Loss/Total,101100,1.2588411569595337,1766469192.2134416
Loss/Total,101150,1.432253122329712,1766469302.5307674
Loss/Total,101200,1.338213324546814,1766469413.8441684
Loss/Total,101250,1.1990816593170166,1766469528.775524
Loss/Total,101300,1.4814033508300781,1766469642.0632825
Loss/Total,101350,1.2337870597839355,1766469751.351409
Loss/Total,101400,1.2246968746185303,1766469862.4519029
Loss/Total,101450,1.3666598796844482,1766469973.4384725
Loss/Total,101500,1.525402307510376,1766470084.3397207
Loss/Total,101550,1.266364336013794,1766470194.1702368
Loss/Total,101600,1.3054254055023193,1766470307.9262276
Loss/Total,101650,1.3615100383758545,1766470420.9880106
Loss/Total,101700,1.5352146625518799,1766470534.0420804
Loss/Total,101750,1.365427017211914,1766470652.2917957
Loss/Total,101800,1.1414331197738647,1766470761.3457155
Loss/Total,101850,1.328690528869629,1766470874.0817285
Loss/Total,101900,1.2404115200042725,1766470990.5657141
Loss/Total,101950,1.2378623485565186,1766471107.148627
Loss/Total,102000,1.244210958480835,1766471219.282501
Loss/Total,102050,1.2894096374511719,1766471331.0762048
Loss/Total,102100,1.1038888692855835,1766471441.2213855
Loss/Total,102150,1.5873668193817139,1766471554.1848266
Loss/Total,102200,1.197930932044983,1766471667.4414163
Loss/Total,102250,1.291555643081665,1766471782.2803857
Loss/Total,102300,1.2330524921417236,1766471892.2400186
Loss/Total,102350,1.4495429992675781,1766472005.5528882
Loss/Total,102400,1.2258068323135376,1766472118.9149456
Loss/Total,102450,1.5359697341918945,1766472232.6577713
Loss/Total,102500,1.370807409286499,1766472344.20509
Loss/Total,102550,1.5490050315856934,1766472451.7485168
Loss/Total,102600,1.5184614658355713,1766472558.387292
Loss/Total,102650,1.303135871887207,1766472669.5895965
Loss/Total,102700,1.3117234706878662,1766472781.5837836
Loss/Total,102750,1.2730247974395752,1766472890.4761612
Loss/Total,102800,1.2474911212921143,1766473003.325769
Loss/Total,102850,1.1197667121887207,1766473114.4072006
Loss/Total,102900,1.6408777236938477,1766473228.2353258
Loss/Total,102950,1.2245266437530518,1766473342.9939327
Loss/Total,103000,1.3326311111450195,1766473455.2798002
Loss/Total,103050,1.0919078588485718,1766473568.1457193
Loss/Total,103100,1.354794979095459,1766473680.8574705
Loss/Total,103150,1.2185349464416504,1766473795.8514369
Loss/Total,103200,1.1740648746490479,1766473907.5192103
Loss/Total,103250,1.3114317655563354,1766474020.0648272
Loss/Total,103300,1.2735238075256348,1766474135.6013978
Loss/Total,103350,1.2039180994033813,1766474247.3819864
Loss/Total,103400,1.368422269821167,1766474358.68577
Loss/Total,103450,1.3285877704620361,1766474468.305084
Loss/Total,103500,1.4705233573913574,1766474587.4921
Loss/Total,103550,1.238080382347107,1766474700.3187647
Loss/Total,103600,1.3111238479614258,1766474810.9774222
Loss/Total,103650,1.1933526992797852,1766474922.386301
Loss/Total,103700,1.2701525688171387,1766475035.5637794
Loss/Total,103750,1.2614632844924927,1766475150.330464
Loss/Total,103800,1.18990159034729,1766475262.0932925
Loss/Total,103850,1.374506950378418,1766475373.8275626
Loss/Total,103900,1.3135812282562256,1766475487.1331563
Loss/Total,103950,1.502970814704895,1766475600.35559
Loss/Total,104000,1.258021593093872,1766475714.162996
Loss/Total,104050,1.403740406036377,1766475828.2409508
Loss/Total,104100,1.3384249210357666,1766475937.874466
Loss/Total,104150,1.347520351409912,1766476047.7625556
Loss/Total,104200,1.3899575471878052,1766476161.6526475
Loss/Total,104250,1.491692066192627,1766476276.902807
Loss/Total,104300,1.4595942497253418,1766476387.0406625
Loss/Total,104350,1.6276572942733765,1766476500.3853974
Loss/Total,104400,1.2642810344696045,1766476614.143765
Loss/Total,104450,1.2682344913482666,1766476724.7198086
Loss/Total,104500,1.14555025100708,1766476838.583672
Loss/Total,104550,1.1855448484420776,1766476951.8834212
Loss/Total,104600,1.3896552324295044,1766477061.612263
Loss/Total,104650,1.3746732473373413,1766477176.3934886
Loss/Total,104700,1.1287243366241455,1766477286.6048715
Loss/Total,104750,1.136216640472412,1766477400.2617466
Loss/Total,104800,1.3547070026397705,1766477515.9612858
Loss/Total,104850,1.2089790105819702,1766477625.9455252
Loss/Total,104900,1.1764140129089355,1766477743.0706098
Loss/Total,104950,1.212505578994751,1766477856.7171896
Loss/Total,105000,1.3537417650222778,1766477972.5001779
Loss/Total,105050,1.3890528678894043,1766478084.792776
Loss/Total,105100,1.4233384132385254,1766478201.551009
Loss/Total,105150,1.374184250831604,1766478314.504901
Loss/Total,105200,1.3957746028900146,1766478426.778415
Loss/Total,105250,1.1926898956298828,1766478535.7452188
Loss/Total,105300,1.4207264184951782,1766478648.2056515
Loss/Total,105350,1.3922975063323975,1766478762.0728128
Loss/Total,105400,1.4184794425964355,1766478877.9098413
Loss/Total,105450,1.388565182685852,1766478990.2788253
Loss/Total,105500,1.3849316835403442,1766479101.1025372
Loss/Total,105550,1.3775895833969116,1766479210.461044
Loss/Total,105600,1.3616207838058472,1766479322.3871882
Loss/Total,105650,1.2130718231201172,1766479435.8100848
Loss/Total,105700,1.4353904724121094,1766479550.5710485
Loss/Total,105750,1.357277512550354,1766479662.6882653
Loss/Total,105800,1.195794939994812,1766479778.826692
Loss/Total,105850,1.3130981922149658,1766479893.6982565
Loss/Total,105900,1.2683417797088623,1766480006.669187
Loss/Total,105950,1.2423076629638672,1766480117.9508848
Loss/Total,106000,1.2938189506530762,1766480232.1563473
Loss/Total,106050,1.283144474029541,1766480348.250846
Loss/Total,106100,1.3723137378692627,1766480464.4689977
Loss/Total,106150,1.4892679452896118,1766480579.033636
Loss/Total,106200,1.2388601303100586,1766480688.179311
Loss/Total,106250,1.3734354972839355,1766480804.626535
Loss/Total,106300,1.270094394683838,1766480919.0268586
Loss/Total,106350,1.245705246925354,1766481032.431933
Loss/Total,106400,1.6241321563720703,1766481142.5658333
Loss/Total,106450,1.279587745666504,1766481256.702633
Loss/Total,106500,1.1784355640411377,1766481367.5117955
Loss/Total,106550,1.611459493637085,1766481485.2969298
Loss/Total,106600,1.348073959350586,1766481596.70886
Loss/Total,106650,1.3354167938232422,1766481706.8632014
Loss/Total,106700,1.250938057899475,1766481817.215874
Loss/Total,106750,1.3493505716323853,1766481929.8614886
Loss/Total,106800,1.3044096231460571,1766482040.9751961
Loss/Total,106850,1.2714581489562988,1766482154.4144213
Loss/Total,106900,1.3458091020584106,1766482270.263036
Loss/Total,106950,1.2744343280792236,1766482382.551349
Loss/Total,107000,1.126406192779541,1766482493.7711406
Loss/Total,107050,1.4531422853469849,1766482608.2587767
Loss/Total,107100,1.354099988937378,1766482724.4246528
Loss/Total,107150,1.2861090898513794,1766482840.712495
Loss/Total,107200,1.4490299224853516,1766482953.7626472
Loss/Total,107250,1.3556352853775024,1766483068.7128386
Loss/Total,107300,1.3473985195159912,1766483180.1532454
Loss/Total,107350,1.368624210357666,1766483290.9340231
Loss/Total,107400,1.3489844799041748,1766483402.6587813
Loss/Total,107450,1.480276107788086,1766483517.0339391
Loss/Total,107500,1.3209511041641235,1766483634.8965743
Loss/Total,107550,1.3640832901000977,1766483749.0635269
Loss/Total,107600,1.346038818359375,1766483865.327556
Loss/Total,107650,1.2432726621627808,1766483980.2504044
Loss/Total,107700,1.2981492280960083,1766484085.3057945
Loss/Total,107750,1.318534255027771,1766484198.550562
Loss/Total,107800,1.4351783990859985,1766484311.062285
Loss/Total,107850,1.4169666767120361,1766484420.6608558
Loss/Total,107900,1.3195034265518188,1766484530.520953
Loss/Total,107950,1.5160926580429077,1766484646.5044956
Loss/Total,108000,1.1937580108642578,1766484762.9039268
Loss/Total,108050,1.266369104385376,1766484873.6853328
Loss/Total,108100,1.3764677047729492,1766484991.624165
Loss/Total,108150,1.4155200719833374,1766485107.5162127
Loss/Total,108200,1.2567410469055176,1766485221.9143987
Loss/Total,108250,1.0788207054138184,1766485336.3281884
Loss/Total,108300,1.5555185079574585,1766485451.0990016
Loss/Total,108350,1.2727530002593994,1766485565.8876944
Loss/Total,108400,1.2369716167449951,1766485679.136482
Loss/Total,108450,1.3679418563842773,1766485789.0668702
Loss/Total,108500,1.261115550994873,1766485900.1103172
Loss/Total,108550,1.5731629133224487,1766486009.8414657
Loss/Total,108600,1.2435070276260376,1766486124.6586347
Loss/Total,108650,1.275354027748108,1766486237.544409
Loss/Total,108700,1.2915583848953247,1766486350.9513009
Loss/Total,108750,1.2428113222122192,1766486462.573329
Loss/Total,108800,1.3600027561187744,1766486573.6963556
Loss/Total,108850,1.335693359375,1766486690.924676
Loss/Total,108900,1.34806227684021,1766486803.1596544
Loss/Total,108950,1.3263700008392334,1766486913.378385
Loss/Total,109000,1.408431887626648,1766487024.8459804
Loss/Total,109050,1.3266565799713135,1766487136.9714608
Loss/Total,109100,1.5367745161056519,1766487250.1411984
Loss/Total,109150,1.5717713832855225,1766487363.5527415
Loss/Total,109200,1.2530038356781006,1766487475.4071846
Loss/Total,109250,1.1501115560531616,1766487587.2578828
Loss/Total,109300,1.3337898254394531,1766487699.747528
Loss/Total,109350,1.3397870063781738,1766487811.8702946
Loss/Total,109400,1.337906837463379,1766487925.041142
Loss/Total,109450,1.264603614807129,1766488037.358279
Loss/Total,109500,1.1914159059524536,1766488148.929006
Loss/Total,109550,1.2849904298782349,1766488259.5255706
Loss/Total,109600,1.1971522569656372,1766488374.6314802
Loss/Total,109650,1.651921272277832,1766488488.2911115
Loss/Total,109700,1.4070587158203125,1766488599.0848114
Loss/Total,109750,1.2324918508529663,1766488708.0134938
Loss/Total,109800,1.1069066524505615,1766488821.7136323
Loss/Total,109850,1.2643067836761475,1766488931.1592882
Loss/Total,109900,1.3919823169708252,1766489041.623247
Loss/Total,109950,1.399870753288269,1766489152.6879642
Loss/Total,110000,1.3787260055541992,1766489267.3933337
Loss/Total,110050,1.5531601905822754,1766489381.8711703
Loss/Total,110100,1.35457181930542,1766489490.8705072
Loss/Total,110150,1.1950548887252808,1766489602.099089
Loss/Total,110200,1.4795353412628174,1766489715.1113741
Loss/Total,110250,1.2334445714950562,1766489827.7853408
Loss/Total,110300,1.3182597160339355,1766489940.3816588
Loss/Total,110350,1.2523607015609741,1766490053.3220954
Loss/Total,110400,1.4671876430511475,1766490163.5118535
Loss/Total,110450,1.257380485534668,1766490275.656798
Loss/Total,110500,1.221338152885437,1766490389.33084
Loss/Total,110550,1.2294535636901855,1766490503.5126297
Loss/Total,110600,1.2130305767059326,1766490613.2212265
Loss/Total,110650,1.1965910196304321,1766490726.8808594
Loss/Total,110700,1.2493802309036255,1766490837.7906756
Loss/Total,110750,1.3419488668441772,1766490950.0875936
Loss/Total,110800,1.4298847913742065,1766491061.5691414
Loss/Total,110850,1.3941984176635742,1766491173.311061
Loss/Total,110900,1.4402265548706055,1766491289.8523357
Loss/Total,110950,1.2215676307678223,1766491406.2204914
Loss/Total,111000,1.221571683883667,1766491520.7679706
Loss/Total,111050,1.4617767333984375,1766491634.4116888
Loss/Total,111100,1.393478274345398,1766491746.974847
Loss/Total,111150,1.2562170028686523,1766491860.247737
Loss/Total,111200,1.20993971824646,1766491974.6436427
Loss/Total,111250,1.3603206872940063,1766492083.0731764
Loss/Total,111300,1.5472255945205688,1766492193.3707528
Loss/Total,111350,1.22871732711792,1766492305.3088217
Loss/Total,111400,1.1757322549819946,1766492415.8679032
Loss/Total,111450,1.4021728038787842,1766492526.1830282
Loss/Total,111500,1.3432793617248535,1766492640.7864037
Loss/Total,111550,1.422457218170166,1766492755.69036
Loss/Total,111600,1.2315651178359985,1766492870.8162103
Loss/Total,111650,1.155440330505371,1766492982.1091604
Loss/Total,111700,1.408402919769287,1766493097.7682908
Loss/Total,111750,1.3341419696807861,1766493208.982457
Loss/Total,111800,1.3335028886795044,1766493325.027377
Loss/Total,111850,1.4320101737976074,1766493436.2485156
Loss/Total,111900,1.0451922416687012,1766493546.860285
Loss/Total,111950,1.2991743087768555,1766493659.474213
Loss/Total,112000,1.3566052913665771,1766493771.2567263
Loss/Total,112050,1.3171080350875854,1766493883.1903539
Loss/Total,112100,1.3028569221496582,1766493998.5452466
Loss/Total,112150,1.2501901388168335,1766494109.4594686
Loss/Total,112200,1.3194637298583984,1766494220.2757416
Loss/Total,112250,1.3176311254501343,1766494329.4730496
Loss/Total,112300,1.5045385360717773,1766494439.8387394
Loss/Total,112350,1.3786609172821045,1766494553.012637
Loss/Total,112400,1.2151176929473877,1766494664.9833212
Loss/Total,112450,1.3599066734313965,1766494776.729282
Loss/Total,112500,1.1226118803024292,1766494890.2573352
Loss/Total,112550,1.256648063659668,1766495003.0240347
Loss/Total,112600,1.426455020904541,1766495113.6292937
Loss/Total,112650,1.3559343814849854,1766495221.9371831
Loss/Total,112700,1.3101136684417725,1766495333.9909797
Loss/Total,112750,1.2471091747283936,1766495448.1332736
Loss/Total,112800,1.2174056768417358,1766495559.4174147
Loss/Total,112850,1.388948917388916,1766495672.9113185
Loss/Total,112900,1.5790989398956299,1766495780.8061335
Loss/Total,112950,1.3413069248199463,1766495891.694043
Loss/Total,113000,1.449105143547058,1766496004.8155584
Loss/Total,113050,1.1299525499343872,1766496118.1448379
Loss/Total,113100,1.3422319889068604,1766496233.0807836
Loss/Total,113150,1.4640659093856812,1766496342.8300204
Loss/Total,113200,1.272688865661621,1766496455.7163236
Loss/Total,113250,1.5011134147644043,1766496569.227548
Loss/Total,113300,1.1632418632507324,1766496683.177369
Loss/Total,113350,1.2822178602218628,1766496795.6404135
Loss/Total,113400,1.3394432067871094,1766496909.082214
Loss/Total,113450,1.2494418621063232,1766497020.3905299
Loss/Total,113500,1.1479066610336304,1766497131.1261554
Loss/Total,113550,1.3333147764205933,1766497241.758403
Loss/Total,113600,1.3404080867767334,1766497354.9976263
Loss/Total,113650,1.4313591718673706,1766497465.3485415
Loss/Total,113700,1.469457745552063,1766497579.1391947
Loss/Total,113750,1.3849331140518188,1766497696.6594145
Loss/Total,113800,1.3783237934112549,1766497806.3557172
Loss/Total,113850,1.1954100131988525,1766497918.8911893
Loss/Total,113900,1.4800288677215576,1766498033.146676
Loss/Total,113950,1.1152898073196411,1766498144.8980563
Loss/Total,114000,1.2636924982070923,1766498254.0071874
Loss/Total,114050,1.2038257122039795,1766498365.8377843
Loss/Total,114100,1.1710853576660156,1766498478.0279953
Loss/Total,114150,1.2132610082626343,1766498590.3278098
Loss/Total,114200,1.1916933059692383,1766498707.0064309
Loss/Total,114250,1.3767958879470825,1766498816.8386097
Loss/Total,114300,1.4436020851135254,1766498925.880238
Loss/Total,114350,1.4035451412200928,1766499034.7523904
Loss/Total,114400,1.1702287197113037,1766499149.6195352
Loss/Total,114450,1.3943614959716797,1766499263.2288911
Loss/Total,114500,1.261695146560669,1766499376.958076
Loss/Total,114550,1.2597153186798096,1766499488.6612606
Loss/Total,114600,1.1630206108093262,1766499598.998038
Loss/Total,114650,1.3318159580230713,1766499712.8435307
Loss/Total,114700,1.0510239601135254,1766499822.3058033
Loss/Total,114750,1.2952173948287964,1766499932.1437628
Loss/Total,114800,1.2765153646469116,1766500048.4545095
Loss/Total,114850,1.3156583309173584,1766500161.1997113
Loss/Total,114900,1.4959516525268555,1766500274.8696609
Loss/Total,114950,1.4021204710006714,1766500387.9880786
Loss/Total,115000,1.3135852813720703,1766500501.2636886
Loss/Total,115050,1.1700491905212402,1766500615.0907724
Loss/Total,115100,1.3055990934371948,1766500729.8604953
Loss/Total,115150,1.2093607187271118,1766500844.0286183
Loss/Total,115200,1.3898284435272217,1766500956.2605417
Loss/Total,115250,1.189551830291748,1766501068.1142383
Loss/Total,115300,1.2064718008041382,1766501181.0003672
Loss/Total,115350,1.4344743490219116,1766501290.5800822
Loss/Total,115400,1.183332085609436,1766501404.2696602
Loss/Total,115450,1.194949746131897,1766501512.6283104
Loss/Total,115500,1.2534973621368408,1766501622.7573593
Loss/Total,115550,1.3287596702575684,1766501735.7605696
Loss/Total,115600,1.392132043838501,1766501842.1641557
Loss/Total,115650,1.5379157066345215,1766501953.6873198
Loss/Total,115700,1.3662132024765015,1766502068.3607237
Loss/Total,115750,1.3882514238357544,1766502177.294894
Loss/Total,115800,1.23154616355896,1766502290.2798464
Loss/Total,115850,1.2712236642837524,1766502402.9541748
Loss/Total,115900,1.3254120349884033,1766502515.7454777
Loss/Total,115950,1.264822244644165,1766502628.456091
Loss/Total,116000,1.3086023330688477,1766502739.1821582
Loss/Total,116050,1.2570840120315552,1766502854.4543293
Loss/Total,116100,1.263800024986267,1766502965.3456328
Loss/Total,116150,1.546762228012085,1766503075.3078496
Loss/Total,116200,1.5927345752716064,1766503189.8236165
Loss/Total,116250,1.2407220602035522,1766503307.448172
Loss/Total,116300,1.498711109161377,1766503421.854147
Loss/Total,116350,1.237730860710144,1766503535.566658
Loss/Total,116400,1.3130613565444946,1766503649.1895647
Loss/Total,116450,1.1908884048461914,1766503763.5046382
Loss/Total,116500,1.2620468139648438,1766503872.3609529
Loss/Total,116550,1.2417182922363281,1766503984.3068445
Loss/Total,116600,1.4154821634292603,1766504098.9184434
Loss/Total,116650,1.4613947868347168,1766504213.0298922
Loss/Total,116700,1.2277288436889648,1766504327.9928372
Loss/Total,116750,1.1264269351959229,1766504441.425034
Loss/Total,116800,1.3236747980117798,1766504553.3181517
Loss/Total,116850,1.5337389707565308,1766504665.4166613
Loss/Total,116900,1.2119433879852295,1766504776.862271
Loss/Total,116950,1.3152992725372314,1766504890.2801104
Loss/Total,117000,1.1859462261199951,1766505002.1983242
Loss/Total,117050,1.139599084854126,1766505116.0051858
Loss/Total,117100,1.1852678060531616,1766505226.1136487
Loss/Total,117150,1.3448486328125,1766505336.7164764
Loss/Total,117200,1.3822214603424072,1766505447.3256896
Loss/Total,117250,1.2049975395202637,1766505558.7873118
Loss/Total,117300,1.2081849575042725,1766505670.1079283
Loss/Total,117350,1.1180676221847534,1766505780.7228167
Loss/Total,117400,1.3111168146133423,1766505892.8164263
Loss/Total,117450,1.1405470371246338,1766506001.8433096
Loss/Total,117500,1.427353024482727,1766506114.668511
Loss/Total,117550,1.1304771900177002,1766506229.1091037
Loss/Total,117600,1.157759189605713,1766506342.5173712
Loss/Total,117650,1.2173452377319336,1766506456.1105661
Loss/Total,117700,1.2107679843902588,1766506567.1624527
Loss/Total,117750,1.3609930276870728,1766506675.8939953
Loss/Total,117800,1.2660988569259644,1766506788.6266847
Loss/Total,117850,1.174012541770935,1766506901.4999828
Loss/Total,117900,1.1987627744674683,1766507016.7188659
Loss/Total,117950,1.2226663827896118,1766507127.422115
Loss/Total,118000,1.2504678964614868,1766507240.476784
Loss/Total,118050,1.191372275352478,1766507353.6151836
Loss/Total,118100,1.5182656049728394,1766507467.6494582
Loss/Total,118150,1.4313210248947144,1766507579.9492393
Loss/Total,118200,1.2513340711593628,1766507691.1958954
Loss/Total,118250,1.201831340789795,1766507800.939423
Loss/Total,118300,1.3191219568252563,1766507914.6719303
Loss/Total,118350,1.3066145181655884,1766508025.3807607
Loss/Total,118400,1.1717907190322876,1766508137.9082408
Loss/Total,118450,1.3073872327804565,1766508248.0183544
Loss/Total,118500,1.0360277891159058,1766508361.582083
Loss/Total,118550,1.198493242263794,1766508471.7111163
Loss/Total,118600,1.2442036867141724,1766508585.4102402
Loss/Total,118650,1.2925615310668945,1766508700.972283
Loss/Total,118700,1.3801145553588867,1766508815.7095232
Loss/Total,118750,1.4369163513183594,1766508928.8122408
Loss/Total,118800,1.286506175994873,1766509039.2305424
Loss/Total,118850,1.2241146564483643,1766509152.0551577
Loss/Total,118900,1.1721434593200684,1766509262.6157932
Loss/Total,118950,1.3219717741012573,1766509377.1822367
Loss/Total,119000,1.2422561645507812,1766509491.0289354
Loss/Total,119050,1.3162635564804077,1766509606.5533442
Loss/Total,119100,1.1382911205291748,1766509718.266224
Loss/Total,119150,1.2794373035430908,1766509828.6792834
Loss/Total,119200,1.2888673543930054,1766509939.9822805
Loss/Total,119250,1.2833912372589111,1766510051.9702623
Loss/Total,119300,1.3877665996551514,1766510162.9754124
Loss/Total,119350,1.1443660259246826,1766510273.9137185
Loss/Total,119400,1.1416045427322388,1766510385.6299696
Loss/Total,119450,1.291063904762268,1766510498.1520696
Loss/Total,119500,1.2409008741378784,1766510611.3732688
Loss/Total,119550,1.2985798120498657,1766510725.729094
Loss/Total,119600,1.2184031009674072,1766510837.657185
Loss/Total,119650,1.3908281326293945,1766510950.2256536
Loss/Total,119700,1.4938985109329224,1766511061.4880755
Loss/Total,119750,1.3498555421829224,1766511174.3501606
Loss/Total,119800,1.0683037042617798,1766511283.6546419
Loss/Total,119850,1.2933449745178223,1766511399.2477155
Loss/Total,119900,1.1877937316894531,1766511513.4826276
Loss/Total,119950,1.3178881406784058,1766511627.043826
Loss/Total,120000,1.425832986831665,1766511739.8611934
Loss/Total,120050,1.0755598545074463,1766511853.5979269
Loss/Total,120100,1.2830073833465576,1766511967.7266102
Loss/Total,120150,1.2192468643188477,1766512078.4728498
Loss/Total,120200,1.2419055700302124,1766512192.6568336
Loss/Total,120250,1.1816279888153076,1766512306.4927728
Loss/Total,120300,1.1534700393676758,1766512416.658615
Loss/Total,120350,1.1056643724441528,1766512530.882334
Loss/Total,120400,1.2297799587249756,1766512645.3746495
Loss/Total,120450,1.2072001695632935,1766512757.6756952
Loss/Total,120500,1.6240826845169067,1766512872.8786354
Loss/Total,120550,1.2449098825454712,1766512984.4174244
Loss/Total,120600,1.437893033027649,1766513096.359633
Loss/Total,120650,1.293676733970642,1766513206.7497263
Loss/Total,120700,1.1869932413101196,1766513314.8428633
Loss/Total,120750,1.2815098762512207,1766513428.4197984
Loss/Total,120800,1.3384714126586914,1766513539.2251465
Loss/Total,120850,1.068282961845398,1766513651.5325348
Loss/Total,120900,1.3266035318374634,1766513763.9776843
Loss/Total,120950,1.3630748987197876,1766513873.6134584
Loss/Total,121000,1.116572618484497,1766513985.1037211
Loss/Total,121050,1.1808626651763916,1766514099.3909914
Loss/Total,121100,1.3382749557495117,1766514211.4923153
Loss/Total,121150,1.214693307876587,1766514323.4826312
Loss/Total,121200,1.2761454582214355,1766514433.4506547
Loss/Total,121250,1.2642425298690796,1766514545.1783073
Loss/Total,121300,1.3209162950515747,1766514657.6983724
Loss/Total,121350,1.2211949825286865,1766514772.133378
Loss/Total,121400,1.2331011295318604,1766514883.7860816
Loss/Total,121450,1.3013827800750732,1766514995.9170985
Loss/Total,121500,1.2384568452835083,1766515110.486822
Loss/Total,121550,1.3920403718948364,1766515223.6475718
Loss/Total,121600,1.220987319946289,1766515337.5844908
Loss/Total,121650,1.3277151584625244,1766515448.3087013
Loss/Total,121700,1.3157031536102295,1766515564.5812151
Loss/Total,121750,1.210221290588379,1766515677.3563476
Loss/Total,121800,1.3324956893920898,1766515792.13429
Loss/Total,121850,1.3322703838348389,1766515903.5890968
Loss/Total,121900,1.5603690147399902,1766516015.6486697
Loss/Total,121950,1.222642421722412,1766516128.0838213
Loss/Total,122000,1.2261583805084229,1766516236.6193364
Loss/Total,122050,1.1368781328201294,1766516348.967666
Loss/Total,122100,1.1278895139694214,1766516463.6769452
Loss/Total,122150,1.410481572151184,1766516578.3186636
Loss/Total,122200,1.2865395545959473,1766516689.11216
Loss/Total,122250,1.2192955017089844,1766516796.1910074
Loss/Total,122300,1.2300281524658203,1766516905.7787156
Loss/Total,122350,1.0475550889968872,1766517017.4001758
Loss/Total,122400,1.2101716995239258,1766517129.0159876
Loss/Total,122450,1.1537537574768066,1766517243.2919347
Loss/Total,122500,1.2305381298065186,1766517353.9854276
Loss/Total,122550,1.156958818435669,1766517466.5857682
Loss/Total,122600,1.2495665550231934,1766517577.689899
Loss/Total,122650,1.3595153093338013,1766517688.7880604
Loss/Total,122700,1.2280107736587524,1766517797.8326585
Loss/Total,122750,1.1789013147354126,1766517909.7737193
Loss/Total,122800,1.2072482109069824,1766518020.6215606
Loss/Total,122850,1.1941488981246948,1766518135.0285676
Loss/Total,122900,1.2750601768493652,1766518247.6043265
Loss/Total,122950,1.1505589485168457,1766518361.2932312
Loss/Total,123000,1.265594482421875,1766518473.0454156
Loss/Total,123050,1.1756503582000732,1766518584.4926703
Loss/Total,123100,1.3731436729431152,1766518697.4435902
Loss/Total,123150,1.274150013923645,1766518813.2972388
Loss/Total,123200,1.2206859588623047,1766518927.3959155
Loss/Total,123250,1.2438567876815796,1766519038.9791026
Loss/Total,123300,1.1744682788848877,1766519148.2197933
Loss/Total,123350,1.2529670000076294,1766519262.0860105
Loss/Total,123400,1.2109625339508057,1766519374.5560308
Loss/Total,123450,1.3321239948272705,1766519486.070705
Loss/Total,123500,1.1937267780303955,1766519596.339582
Loss/Total,123550,1.278818130493164,1766519706.3605812
Loss/Total,123600,1.2368733882904053,1766519818.9135087
Loss/Total,123650,1.2478985786437988,1766519935.608078
Loss/Total,123700,1.2329479455947876,1766520052.1279883
Loss/Total,123750,1.2172834873199463,1766520166.5874805
Loss/Total,123800,1.3508663177490234,1766520277.053117
Loss/Total,123850,1.2303898334503174,1766520392.629245
Loss/Total,123900,1.2822835445404053,1766520502.9477048
Loss/Total,123950,1.3111598491668701,1766520618.0390637
Loss/Total,124000,1.2019932270050049,1766520729.4508128
Loss/Total,124050,1.4662818908691406,1766520835.956487
Loss/Total,124100,1.180119514465332,1766520949.328162
Loss/Total,124150,1.1164017915725708,1766521062.5360932
Loss/Total,124200,1.1243685483932495,1766521180.856829
Loss/Total,124250,1.2325642108917236,1766521289.5662575
Loss/Total,124300,1.2055407762527466,1766521406.4973938
Loss/Total,124350,1.1991349458694458,1766521518.3002481
Loss/Total,124400,1.454606533050537,1766521630.2704895
Loss/Total,124450,1.1900954246520996,1766521743.2685149
Loss/Total,124500,1.2924469709396362,1766521856.2540133
Loss/Total,124550,1.2143505811691284,1766521967.8153076
Loss/Total,124600,1.1665825843811035,1766522081.9662724
Loss/Total,124650,1.1762111186981201,1766522194.741547
Loss/Total,124700,1.3382322788238525,1766522309.9459975
Loss/Total,124750,1.257522702217102,1766522423.55695
Loss/Total,124800,1.1553908586502075,1766522538.676179
Loss/Total,124850,1.3373744487762451,1766522648.8610976
Loss/Total,124900,1.296374797821045,1766522763.0090978
Loss/Total,124950,1.2940810918807983,1766522873.8179164
Loss/Total,125000,1.4775029420852661,1766522988.8977
Loss/Total,125050,1.3625041246414185,1766523102.2397673
Loss/Total,125100,1.2747029066085815,1766523210.480211
Loss/Total,125150,1.2960844039916992,1766523328.2035627
Loss/Total,125200,1.44075608253479,1766523434.9208577
Loss/Total,125250,1.2556138038635254,1766523550.887434
Loss/Total,125300,1.3327182531356812,1766523662.0609255
Loss/Total,125350,1.156583309173584,1766523774.7401335
Loss/Total,125400,1.3232581615447998,1766523881.2938218
Loss/Total,125450,1.2070337533950806,1766523995.3313286
Loss/Total,125500,1.4069801568984985,1766524107.359593
Loss/Total,125550,1.3658726215362549,1766524219.102067
Loss/Total,125600,1.4392187595367432,1766524334.0623236
Loss/Total,125650,1.2507048845291138,1766524445.4494507
Loss/Total,125700,1.2244133949279785,1766524556.639878
Loss/Total,125750,1.1365067958831787,1766524672.541028
Loss/Total,125800,1.296547293663025,1766524786.4349258
Loss/Total,125850,1.2743757963180542,1766524899.1612158
Loss/Total,125900,1.3802862167358398,1766525011.9763975
Loss/Total,125950,1.2618398666381836,1766525124.4209116
Loss/Total,126000,1.5082541704177856,1766525235.5654573
Loss/Total,126050,1.3936079740524292,1766525345.201905
Loss/Total,126100,1.4131982326507568,1766525454.9953797
Loss/Total,126150,1.4030967950820923,1766525566.3222969
Loss/Total,126200,1.2373454570770264,1766525685.2552125
Loss/Total,126250,1.334938406944275,1766525796.370905
Loss/Total,126300,1.557106852531433,1766525911.6160297
Loss/Total,126350,1.2280856370925903,1766526028.5926428
Loss/Total,126400,1.2699402570724487,1766526139.5335445
Loss/Total,126450,1.3448232412338257,1766526247.2630906
Loss/Total,126500,1.3967416286468506,1766526361.253087
Loss/Total,126550,1.3255630731582642,1766526474.5972424
Loss/Total,126600,1.3023542165756226,1766526585.647457
Loss/Total,126650,1.2934021949768066,1766526695.2376475
Loss/Total,126700,1.0339245796203613,1766526805.6733294
Loss/Total,126750,1.3422129154205322,1766526918.763633
Loss/Total,126800,1.0973988771438599,1766527030.8439152
Loss/Total,126850,1.3387268781661987,1766527142.6362102
Loss/Total,126900,1.2485394477844238,1766527256.2322774
Loss/Total,126950,1.0254970788955688,1766527368.115588
Loss/Total,127000,1.3628520965576172,1766527479.0445237
Loss/Total,127050,1.2311556339263916,1766527594.215265
Loss/Total,127100,1.1561686992645264,1766527707.09251
Loss/Total,127150,1.3612617254257202,1766527820.4041836
Loss/Total,127200,1.0596168041229248,1766527933.4030628
Loss/Total,127250,1.5121326446533203,1766528045.8988514
Loss/Total,127300,1.3649431467056274,1766528158.8866544
Loss/Total,127350,1.1032863855361938,1766528273.2112436
Loss/Total,127400,1.2703967094421387,1766528386.3004546
Loss/Total,127450,1.2534786462783813,1766528496.146932
Loss/Total,127500,1.1054859161376953,1766528611.43112
Loss/Total,127550,1.2605732679367065,1766528724.2649982
Loss/Total,127600,1.3481183052062988,1766528838.7697957
Loss/Total,127650,1.0596847534179688,1766528951.0589468
Loss/Total,127700,1.1834105253219604,1766529062.7455215
Loss/Total,127750,1.4049451351165771,1766529177.1171138
Loss/Total,127800,1.4227252006530762,1766529292.0962708
Loss/Total,127850,1.1895800828933716,1766529403.1137085
Loss/Total,127900,1.2595326900482178,1766529513.210488
Loss/Total,127950,1.2101144790649414,1766529625.4479926
Loss/Total,128000,1.297491192817688,1766529738.1063855
Loss/Total,128050,1.2594743967056274,1766529847.643829
Loss/Total,128100,1.287197232246399,1766529962.523951
Loss/Total,128150,1.280117392539978,1766530075.4910636
Loss/Total,128200,1.1041635274887085,1766530182.1241386
Loss/Total,128250,1.146606206893921,1766530297.8949928
Loss/Total,128300,1.168805480003357,1766530408.4571872
Loss/Total,128350,1.1984407901763916,1766530525.5318713
Loss/Total,128400,1.5589039325714111,1766530637.0972044
Loss/Total,128450,1.3365720510482788,1766530753.9046283
Loss/Total,128500,1.3140971660614014,1766530863.2727988
Loss/Total,128550,1.183260202407837,1766530975.2403567
Loss/Total,128600,1.2193639278411865,1766531086.5936518
Loss/Total,128650,1.3801833391189575,1766531200.4439654
Loss/Total,128700,1.3748338222503662,1766531311.6148574
Loss/Total,128750,1.1776162385940552,1766531424.9196215
Loss/Total,128800,1.2651805877685547,1766531541.617049
Loss/Total,128850,1.3918993473052979,1766531657.5278099
Loss/Total,128900,1.183396339416504,1766531769.4775226
Loss/Total,128950,1.2623740434646606,1766531881.5066526
Loss/Total,129000,1.4433095455169678,1766531989.288973
Loss/Total,129050,1.1874805688858032,1766532097.3393648
Loss/Total,129100,1.3325692415237427,1766532211.0082648
Loss/Total,129150,1.2021069526672363,1766532326.302155
Loss/Total,129200,1.2270267009735107,1766532441.9911418
Loss/Total,129250,1.0974647998809814,1766532556.1267333
Loss/Total,129300,1.0487773418426514,1766532668.996076
Loss/Total,129350,1.2687357664108276,1766532782.6136944
Loss/Total,129400,1.2471331357955933,1766532898.8459451
Loss/Total,129450,1.2485668659210205,1766533015.600163
Loss/Total,129500,1.203386902809143,1766533133.9687998
Loss/Total,129550,1.3353121280670166,1766533245.608151
Loss/Total,129600,1.3711113929748535,1766533354.8019843
Loss/Total,129650,1.1661577224731445,1766533467.2760668
Loss/Total,129700,1.2703744173049927,1766533576.8672335
Loss/Total,129750,1.3154795169830322,1766533688.3859026
Loss/Total,129800,1.1013587713241577,1766533804.586428
Loss/Total,129850,1.4326348304748535,1766533919.0096853
Loss/Total,129900,1.1816142797470093,1766534033.0547478
Loss/Total,129950,1.1270054578781128,1766534143.5343802
Loss/Total,130000,1.473443627357483,1766534256.078668
Loss/Total,130050,1.1983550786972046,1766534364.3955834
Loss/Total,130100,1.2595365047454834,1766534478.3491385
Loss/Total,130150,1.2364027500152588,1766534596.0977573
Loss/Total,130200,1.2513221502304077,1766534707.7179132
Loss/Total,130250,1.1048774719238281,1766534820.0947921
Loss/Total,130300,1.2425823211669922,1766534929.3220634
Loss/Total,130350,1.1677392721176147,1766535039.9423978
Loss/Total,130400,1.2531611919403076,1766535154.787871
Loss/Total,130450,1.2358193397521973,1766535265.9294124
Loss/Total,130500,1.2146620750427246,1766535377.5254738
Loss/Total,130550,1.2774672508239746,1766535488.7013986
Loss/Total,130600,1.42209792137146,1766535599.4542758
Loss/Total,130650,1.0955257415771484,1766535712.2728434
Loss/Total,130700,1.4436683654785156,1766535826.924507
Loss/Total,130750,1.2653272151947021,1766535940.2379038
Loss/Total,130800,1.1543476581573486,1766536053.2650168
Loss/Total,130850,0.9920516610145569,1766536166.869976
Loss/Total,130900,1.2061779499053955,1766536279.533314
Loss/Total,130950,1.310872197151184,1766536390.951333
Loss/Total,131000,1.2325035333633423,1766536501.1374497
Loss/Total,131050,1.3561935424804688,1766536612.491568
Loss/Total,131100,1.0558936595916748,1766536723.8153734
Loss/Total,131150,1.2839226722717285,1766536832.8463612
Loss/Total,131200,1.2582345008850098,1766536945.7359147
Loss/Total,131250,1.130344271659851,1766537057.851549
Loss/Total,131300,1.3691033124923706,1766537166.0484052
Loss/Total,131350,1.3326960802078247,1766537278.7905273
Loss/Total,131400,1.2112001180648804,1766537391.0718539
Loss/Total,131450,1.5215599536895752,1766537505.6459382
Loss/Total,131500,1.1898460388183594,1766537620.330383
Loss/Total,131550,1.2360482215881348,1766537732.2722094
Loss/Total,131600,1.2853909730911255,1766537840.1581795
Loss/Total,131650,1.4791443347930908,1766537953.8473542
Loss/Total,131700,1.2804325819015503,1766538068.9549217
Loss/Total,131750,1.0606269836425781,1766538178.7101989
Loss/Total,131800,1.4453140497207642,1766538296.3236036
Loss/Total,131850,1.2919583320617676,1766538412.5376341
Loss/Total,131900,1.191487193107605,1766538525.309029
Loss/Total,131950,1.3442474603652954,1766538640.4134495
Loss/Total,132000,1.2071998119354248,1766538752.2103207
Loss/Total,132050,1.261474847793579,1766538862.3914034
Loss/Total,132100,1.4422287940979004,1766538972.1140015
Loss/Total,132150,1.2257543802261353,1766539085.6840208
Loss/Total,132200,1.299079418182373,1766539196.702685
Loss/Total,132250,1.2874195575714111,1766539311.5527403
Loss/Total,132300,1.240384578704834,1766539430.378508
Loss/Total,132350,1.2784926891326904,1766539543.5488832
Loss/Total,132400,1.06978178024292,1766539656.1271524
Loss/Total,132450,1.0798625946044922,1766539765.780937
Loss/Total,132500,1.190495491027832,1766539875.402422
Loss/Total,132550,1.2915133237838745,1766539987.106285
Loss/Total,132600,1.1074265241622925,1766540098.9622705
Loss/Total,132650,1.3140815496444702,1766540210.8427072
Loss/Total,132700,1.1080901622772217,1766540320.7158425
Loss/Total,132750,1.258857250213623,1766540432.6513085
Loss/Total,132800,1.529990315437317,1766540545.7212012
Loss/Total,132850,1.2286850214004517,1766540655.556419
Loss/Total,132900,1.4461345672607422,1766540766.538829
Loss/Total,132950,1.124540090560913,1766540885.0075824
Loss/Total,133000,1.348874807357788,1766540997.2532718
Loss/Total,133050,1.355324625968933,1766541109.5166857
Loss/Total,133100,1.352139949798584,1766541220.4017322
Loss/Total,133150,1.39297354221344,1766541332.0336769
Loss/Total,133200,1.1337286233901978,1766541442.8802207
Loss/Total,133250,1.2472147941589355,1766541557.417602
Loss/Total,133300,1.088484764099121,1766541668.8257167
Loss/Total,133350,1.2491389513015747,1766541784.1817887
Loss/Total,133400,1.3736851215362549,1766541900.280806
Loss/Total,133450,1.294697642326355,1766542011.4742026
Loss/Total,133500,1.389009952545166,1766542125.90564
Loss/Total,133550,1.1546317338943481,1766542241.006758
Loss/Total,133600,1.2775920629501343,1766542353.199489
Loss/Total,133650,1.2053096294403076,1766542466.970622
Loss/Total,133700,1.1877394914627075,1766542580.053561
Loss/Total,133750,1.3659076690673828,1766542690.619831
Loss/Total,133800,1.0828838348388672,1766542804.380138
Loss/Total,133850,1.240159273147583,1766542910.3289351
Loss/Total,133900,1.1498609781265259,1766543025.594979
Loss/Total,133950,1.189246654510498,1766543136.3259985
Loss/Total,134000,1.3391692638397217,1766543246.4073203
Loss/Total,134050,1.3583106994628906,1766543361.7563238
Loss/Total,134100,1.2333663702011108,1766543473.255553
Loss/Total,134150,1.1833444833755493,1766543581.7359955
Loss/Total,134200,1.3947950601577759,1766543692.9440517
Loss/Total,134250,1.0757756233215332,1766543806.1099005
Loss/Total,134300,1.2427785396575928,1766543914.2915914
Loss/Total,134350,1.2530382871627808,1766544024.5412462
Loss/Total,134400,1.4606173038482666,1766544137.8270125
Loss/Total,134450,1.2026216983795166,1766544254.036582
Loss/Total,134500,1.4669528007507324,1766544362.328202
Loss/Total,134550,1.197108268737793,1766544475.3468983
Loss/Total,134600,1.1853734254837036,1766544587.025309
Loss/Total,134650,1.14373779296875,1766544700.5928307
Loss/Total,134700,1.3192237615585327,1766544813.4604788
Loss/Total,134750,1.0695509910583496,1766544924.658993
Loss/Total,134800,1.1601136922836304,1766545038.6193898
Loss/Total,134850,1.2844780683517456,1766545153.3894405
Loss/Total,134900,1.3533073663711548,1766545268.8480003
Loss/Total,134950,1.068005084991455,1766545380.5766232
Loss/Total,135000,1.2902491092681885,1766545491.8920553
Loss/Total,135050,1.2362838983535767,1766545601.8284492
Loss/Total,135100,1.4597312211990356,1766545714.6672466
Loss/Total,135150,1.3280730247497559,1766545828.3074806
Loss/Total,135200,1.2383395433425903,1766545939.4372423
Loss/Total,135250,1.1686925888061523,1766546052.1737213
Loss/Total,135300,1.1996396780014038,1766546164.376568
Loss/Total,135350,1.142362117767334,1766546275.3444426
Loss/Total,135400,1.1284013986587524,1766546387.5721622
Loss/Total,135450,1.135563850402832,1766546500.2218163
Loss/Total,135500,1.1317429542541504,1766546612.1330023
Loss/Total,135550,1.103127360343933,1766546724.909604
Loss/Total,135600,1.1899142265319824,1766546836.6714911
Loss/Total,135650,1.1680184602737427,1766546948.2221699
Loss/Total,135700,1.425963044166565,1766547059.1949897
Loss/Total,135750,1.2276917695999146,1766547173.4463983
Loss/Total,135800,1.187051773071289,1766547282.758211
Loss/Total,135850,1.3866605758666992,1766547391.3048978
Loss/Total,135900,1.2764979600906372,1766547499.6839578
Loss/Total,135950,1.2825497388839722,1766547609.943204
Loss/Total,136000,1.244010090827942,1766547721.9366674
Loss/Total,136050,1.1474223136901855,1766547832.7525628
Loss/Total,136100,1.3394362926483154,1766547948.2362306
Loss/Total,136150,1.2352290153503418,1766548057.3608937
Loss/Total,136200,1.319909930229187,1766548167.604838
Loss/Total,136250,1.3388299942016602,1766548277.1027582
Loss/Total,136300,1.2333859205245972,1766548390.8799524
Loss/Total,136350,1.2265545129776,1766548501.9837706
Loss/Total,136400,1.3593873977661133,1766548615.6172307
Loss/Total,136450,1.1344165802001953,1766548725.7390108
Loss/Total,136500,1.2905372381210327,1766548837.3839653
Loss/Total,136550,1.2303740978240967,1766548950.2391233
Loss/Total,136600,1.2091318368911743,1766549061.766817
Loss/Total,136650,1.399510145187378,1766549174.787105
Loss/Total,136700,1.3606457710266113,1766549285.6685686
Loss/Total,136750,1.2532579898834229,1766549397.0587208
Loss/Total,136800,1.4762475490570068,1766549507.925188
Loss/Total,136850,1.3118326663970947,1766549619.982947
Loss/Total,136900,1.183314561843872,1766549735.9377959
Loss/Total,136950,1.1384503841400146,1766549847.7743137
Loss/Total,137000,1.2016878128051758,1766549962.653536
Loss/Total,137050,1.2057342529296875,1766550074.5441506
Loss/Total,137100,1.2239990234375,1766550187.3715723
Loss/Total,137150,1.3449018001556396,1766550298.9235322
Loss/Total,137200,1.03489089012146,1766550410.5016904
Loss/Total,137250,1.0426222085952759,1766550520.8553555
Loss/Total,137300,1.3481950759887695,1766550633.8349373
Loss/Total,137350,1.2114859819412231,1766550740.9244435
Loss/Total,137400,1.4408386945724487,1766550849.1926715
Loss/Total,137450,1.1723709106445312,1766550959.9848266
Loss/Total,137500,1.0974199771881104,1766551077.0741272
Loss/Total,137550,1.1673020124435425,1766551188.8697836
Loss/Total,137600,1.4669737815856934,1766551298.8345165
Loss/Total,137650,1.139329195022583,1766551409.7593818
Loss/Total,137700,1.2970609664916992,1766551523.9274318
Loss/Total,137750,1.1243257522583008,1766551637.5388691
Loss/Total,137800,1.111579418182373,1766551748.9389126
Loss/Total,137850,1.257239818572998,1766551863.727413
Loss/Total,137900,1.1804033517837524,1766551975.616143
Loss/Total,137950,1.1814919710159302,1766552089.5421016
Loss/Total,138000,1.2022143602371216,1766552202.3284798
Loss/Total,138050,1.2912390232086182,1766552314.2045767
Loss/Total,138100,1.2480721473693848,1766552430.1009262
Loss/Total,138150,1.20517098903656,1766552543.2084584
Loss/Total,138200,1.3431934118270874,1766552656.6335955
Loss/Total,138250,1.2493722438812256,1766552770.4511683
Loss/Total,138300,1.1251589059829712,1766552883.6573744
Loss/Total,138350,1.2061327695846558,1766552996.2759135
Loss/Total,138400,1.4455676078796387,1766553111.4143758
Loss/Total,138450,1.3407576084136963,1766553223.0647829
Loss/Total,138500,1.4577759504318237,1766553341.1972692
Loss/Total,138550,1.1786861419677734,1766553453.087528
Loss/Total,138600,1.0964224338531494,1766553568.1923332
Loss/Total,138650,1.1596410274505615,1766553678.409268
Loss/Total,138700,1.2319576740264893,1766553791.6455534
Loss/Total,138750,1.305182933807373,1766553903.104092
Loss/Total,138800,1.195684552192688,1766554013.4442394
Loss/Total,138850,1.5829452276229858,1766554127.2227476
Loss/Total,138900,1.40611732006073,1766554241.8407125
Loss/Total,138950,1.2763609886169434,1766554355.4303145
Loss/Total,139000,1.336595058441162,1766554466.146073
Loss/Total,139050,1.2120572328567505,1766554573.7923741
Loss/Total,139100,1.2213401794433594,1766554686.3608608
Loss/Total,139150,1.3837345838546753,1766554797.9394684
Loss/Total,139200,1.1347935199737549,1766554908.374082
Loss/Total,139250,1.4423002004623413,1766555023.3523166
Loss/Total,139300,1.1093997955322266,1766555135.3853917
Loss/Total,139350,1.305567741394043,1766555250.5119333
Loss/Total,139400,1.1397080421447754,1766555362.1920738
Loss/Total,139450,1.3147727251052856,1766555478.6701562
Loss/Total,139500,1.373769760131836,1766555590.5856748
Loss/Total,139550,1.2038555145263672,1766555704.0465462
Loss/Total,139600,1.2772209644317627,1766555814.353052
Loss/Total,139650,1.451728343963623,1766555927.976772
Loss/Total,139700,1.2926620244979858,1766556038.9756155
Loss/Total,139750,1.1782253980636597,1766556151.3650193
Loss/Total,139800,1.2580147981643677,1766556263.2873156
Loss/Total,139850,1.1651575565338135,1766556377.0964994
Loss/Total,139900,1.3589411973953247,1766556491.3764775
Loss/Total,139950,1.1419748067855835,1766556603.2478087
Loss/Total,140000,1.2591251134872437,1766556717.7920864
Loss/Total,140050,1.2512578964233398,1766556834.4226787
Loss/Total,140100,1.2076245546340942,1766556948.9058106
Loss/Total,140150,1.3319767713546753,1766557064.7656746
Loss/Total,140200,1.2268991470336914,1766557176.5161557
Loss/Total,140250,1.0761079788208008,1766557291.4771895
Loss/Total,140300,1.1469671726226807,1766557405.568708
Loss/Total,140350,1.4047422409057617,1766557521.951841
Loss/Total,140400,1.1545087099075317,1766557633.9310927
Loss/Total,140450,1.312835931777954,1766557742.3267384
Loss/Total,140500,1.3276073932647705,1766557855.7368236
Loss/Total,140550,1.4019665718078613,1766557966.5135934
Loss/Total,140600,1.0026932954788208,1766558075.733528
Loss/Total,140650,1.282388687133789,1766558186.5626733
Loss/Total,140700,1.26421320438385,1766558301.0935295
Loss/Total,140750,1.1728322505950928,1766558411.109181
Loss/Total,140800,1.2320380210876465,1766558524.3698814
Loss/Total,140850,1.2491416931152344,1766558633.4653466
Loss/Total,140900,1.2813339233398438,1766558745.6198337
Loss/Total,140950,1.3285622596740723,1766558856.1005497
Loss/Total,141000,1.4300730228424072,1766558967.182418
Loss/Total,141050,1.1857243776321411,1766559079.3118765
Loss/Total,141100,1.2238483428955078,1766559191.3832185
Loss/Total,141150,1.254951000213623,1766559304.4658647
Loss/Total,141200,1.3820431232452393,1766559417.6120539
Loss/Total,141250,1.1677170991897583,1766559530.062311
Loss/Total,141300,1.2022593021392822,1766559640.102362
Loss/Total,141350,1.4517738819122314,1766559750.6139648
Loss/Total,141400,1.374827265739441,1766559863.6180706
Loss/Total,141450,1.561319351196289,1766559977.271052
Loss/Total,141500,1.2023897171020508,1766560087.1518366
Loss/Total,141550,1.0676676034927368,1766560198.0145645
Loss/Total,141600,1.3596515655517578,1766560312.0466452
Loss/Total,141650,1.1977003812789917,1766560424.1583095
Loss/Total,141700,1.1745442152023315,1766560532.7384884
Loss/Total,141750,1.3914661407470703,1766560642.4258904
Loss/Total,141800,1.3087046146392822,1766560760.605832
Loss/Total,141850,1.3364031314849854,1766560868.315275
Loss/Total,141900,1.2323287725448608,1766560981.0959697
Loss/Total,141950,1.3174269199371338,1766561090.282923
Loss/Total,142000,1.209094524383545,1766561203.4045339
Loss/Total,142050,1.2328075170516968,1766561317.3446066
Loss/Total,142100,1.0152558088302612,1766561432.3657453
Loss/Total,142150,1.3328810930252075,1766561546.9691932
Loss/Total,142200,1.35334050655365,1766561659.111904
Loss/Total,142250,1.2212977409362793,1766561769.5885882
Loss/Total,142300,1.2139747142791748,1766561885.400447
Loss/Total,142350,1.1077569723129272,1766561997.3527045
Loss/Total,142400,1.122631311416626,1766562111.5927753
Loss/MoCo,0,8.5703125,1766241138.790496
Loss/MoCo,50,7.84375,1766241251.7525787
Loss/MoCo,100,6.984375,1766241365.1419501
Loss/MoCo,150,7.296875,1766241479.1890075
Loss/MoCo,200,6.8203125,1766241593.046095
Loss/MoCo,250,6.51953125,1766241707.1521783
Loss/MoCo,300,6.57421875,1766241818.0495636
Loss/MoCo,350,6.6484375,1766241932.4336329
Loss/MoCo,400,6.90234375,1766242042.4709675
Loss/MoCo,450,6.7109375,1766242155.2169354
Loss/MoCo,500,6.109375,1766242262.0222082
Loss/MoCo,550,6.546875,1766242374.5746818
Loss/MoCo,600,6.4375,1766242489.841323
Loss/MoCo,650,6.1796875,1766242605.2354016
Loss/MoCo,700,6.578125,1766242719.3558333
Loss/MoCo,750,6.2890625,1766242834.7383442
Loss/MoCo,800,6.48046875,1766242948.6625645
Loss/MoCo,850,6.34375,1766243060.0458314
Loss/MoCo,900,5.87109375,1766243176.945206
Loss/MoCo,950,6.04296875,1766243290.4389515
Loss/MoCo,1000,5.859375,1766243404.6026096
Loss/MoCo,1050,5.6015625,1766243518.0718193
Loss/MoCo,1100,5.3671875,1766243632.3847055
Loss/MoCo,1150,5.703125,1766243746.7545733
Loss/MoCo,1200,5.28515625,1766243859.936802
Loss/MoCo,1250,5.66015625,1766243973.6851761
Loss/MoCo,1300,5.421875,1766244086.9947727
Loss/MoCo,1350,5.5703125,1766244201.0662398
Loss/MoCo,1400,4.8828125,1766244314.0909855
Loss/MoCo,1450,5.015625,1766244428.3712323
Loss/MoCo,1500,5.15625,1766244540.7479794
Loss/MoCo,1550,5.578125,1766244652.9102354
Loss/MoCo,1600,5.4296875,1766244765.5191827
Loss/MoCo,1650,5.1640625,1766244875.8542492
Loss/MoCo,1700,5.65234375,1766244988.381328
Loss/MoCo,1750,5.234375,1766245104.4560351
Loss/MoCo,1800,4.9296875,1766245215.151857
Loss/MoCo,1850,4.921875,1766245328.7005706
Loss/MoCo,1900,5.42578125,1766245442.4782608
Loss/MoCo,1950,4.984375,1766245554.0125399
Loss/MoCo,2000,4.7734375,1766245670.2604933
Loss/MoCo,2050,4.52734375,1766245781.3442807
Loss/MoCo,2100,5.0078125,1766245897.042724
Loss/MoCo,2150,4.5625,1766246007.966932
Loss/MoCo,2200,5.078125,1766246121.376763
Loss/MoCo,2250,5.046875,1766246235.0657177
Loss/MoCo,2300,4.453125,1766246350.925412
Loss/MoCo,2350,4.3671875,1766246462.0624907
Loss/MoCo,2400,4.421875,1766246577.3853428
Loss/MoCo,2450,4.9453125,1766246688.3864765
Loss/MoCo,2500,4.7265625,1766246802.040785
Loss/MoCo,2550,4.40625,1766246915.7697022
Loss/MoCo,2600,4.671875,1766247027.5827048
Loss/MoCo,2650,4.9375,1766247141.1197577
Loss/MoCo,2700,4.34375,1766247253.9089017
Loss/MoCo,2750,4.8046875,1766247365.9633796
Loss/MoCo,2800,4.65234375,1766247481.0065398
Loss/MoCo,2850,4.48828125,1766247596.660722
Loss/MoCo,2900,4.31640625,1766247707.9469132
Loss/MoCo,2950,4.71875,1766247820.8207097
Loss/MoCo,3000,4.5234375,1766247933.9539587
Loss/MoCo,3050,4.16796875,1766248046.026709
Loss/MoCo,3100,4.46875,1766248157.4839745
Loss/MoCo,3150,4.1875,1766248272.0481796
Loss/MoCo,3200,4.3671875,1766248380.2573793
Loss/MoCo,3250,4.8828125,1766248487.1563082
Loss/MoCo,3300,4.59375,1766248597.2870944
Loss/MoCo,3350,4.75,1766248709.8024943
Loss/MoCo,3400,3.93359375,1766248826.7280574
Loss/MoCo,3450,4.5546875,1766248938.0746253
Loss/MoCo,3500,4.359375,1766249051.7253456
Loss/MoCo,3550,4.4140625,1766249162.5325413
Loss/MoCo,3600,4.5390625,1766249275.050355
Loss/MoCo,3650,4.328125,1766249390.267806
Loss/MoCo,3700,4.484375,1766249504.026251
Loss/MoCo,3750,4.01953125,1766249618.0617702
Loss/MoCo,3800,4.1171875,1766249731.6796663
Loss/MoCo,3850,4.3125,1766249847.1324015
Loss/MoCo,3900,3.794921875,1766249959.8852704
Loss/MoCo,3950,3.90234375,1766250073.7376623
Loss/MoCo,4000,4.296875,1766250185.7984843
Loss/MoCo,4050,4.0546875,1766250299.6099403
Loss/MoCo,4100,4.6640625,1766250415.6188874
Loss/MoCo,4150,3.8359375,1766250526.4080517
Loss/MoCo,4200,4.2265625,1766250640.908566
Loss/MoCo,4250,4.03125,1766250751.950302
Loss/MoCo,4300,3.748046875,1766250865.0337775
Loss/MoCo,4350,3.927734375,1766250978.5929215
Loss/MoCo,4400,4.453125,1766251093.171401
Loss/MoCo,4450,3.796875,1766251206.2793412
Loss/MoCo,4500,3.89453125,1766251319.6915286
Loss/MoCo,4550,3.97265625,1766251431.832019
Loss/MoCo,4600,4.27734375,1766251547.579234
Loss/MoCo,4650,4.35546875,1766251663.817577
Loss/MoCo,4700,3.7109375,1766251776.9860165
Loss/MoCo,4750,4.0,1766251892.4567258
Loss/MoCo,4800,3.912109375,1766252006.991153
Loss/MoCo,4850,4.1171875,1766252122.0915039
Loss/MoCo,4900,4.03125,1766252232.656038
Loss/MoCo,4950,3.78515625,1766252346.1701448
Loss/MoCo,5000,4.11328125,1766252459.1344807
Loss/MoCo,5050,4.06640625,1766252572.7201312
Loss/MoCo,5100,3.3671875,1766252685.0599184
Loss/MoCo,5150,3.51953125,1766252802.0905128
Loss/MoCo,5200,3.890625,1766252911.45832
Loss/MoCo,5250,4.07421875,1766253025.8804486
Loss/MoCo,5300,3.71875,1766253135.6348448
Loss/MoCo,5350,4.046875,1766253250.4904377
Loss/MoCo,5400,3.3125,1766253365.272097
Loss/MoCo,5450,3.65625,1766253480.318821
Loss/MoCo,5500,3.896484375,1766253597.092154
Loss/MoCo,5550,3.6796875,1766253707.7598028
Loss/MoCo,5600,4.29296875,1766253821.8455324
Loss/MoCo,5650,3.97265625,1766253935.6421988
Loss/MoCo,5700,3.99609375,1766254045.3942573
Loss/MoCo,5750,3.513671875,1766254158.1099625
Loss/MoCo,5800,3.6171875,1766254268.8987963
Loss/MoCo,5850,3.46875,1766254381.7022157
Loss/MoCo,5900,4.078125,1766254494.4163475
Loss/MoCo,5950,3.26953125,1766254606.0358474
Loss/MoCo,6000,3.734375,1766254717.0422926
Loss/MoCo,6050,3.896484375,1766254831.7099557
Loss/MoCo,6100,3.298828125,1766254947.8932798
Loss/MoCo,6150,3.8515625,1766255059.1290076
Loss/MoCo,6200,3.59765625,1766255172.197285
Loss/MoCo,6250,4.0234375,1766255282.2563605
Loss/MoCo,6300,3.51953125,1766255395.016482
Loss/MoCo,6350,3.1484375,1766255504.4310825
Loss/MoCo,6400,3.705078125,1766255618.556214
Loss/MoCo,6450,3.43359375,1766255734.9767482
Loss/MoCo,6500,3.169921875,1766255847.4219794
Loss/MoCo,6550,3.6953125,1766255962.7250216
Loss/MoCo,6600,3.107421875,1766256073.2013416
Loss/MoCo,6650,3.5390625,1766256185.7266352
Loss/MoCo,6700,3.14453125,1766256299.7675464
Loss/MoCo,6750,3.77734375,1766256415.2264054
Loss/MoCo,6800,3.6484375,1766256524.173435
Loss/MoCo,6850,3.021484375,1766256636.944075
Loss/MoCo,6900,3.13671875,1766256751.8711193
Loss/MoCo,6950,3.640625,1766256863.3759708
Loss/MoCo,7000,3.359375,1766256976.7814677
Loss/MoCo,7050,3.6640625,1766257087.7771723
Loss/MoCo,7100,3.5859375,1766257198.5921206
Loss/MoCo,7150,3.33984375,1766257308.4488726
Loss/MoCo,7200,3.580078125,1766257422.002959
Loss/MoCo,7250,3.80859375,1766257532.2495213
Loss/MoCo,7300,3.42578125,1766257642.7869902
Loss/MoCo,7350,3.7890625,1766257751.4033158
Loss/MoCo,7400,3.48046875,1766257862.009011
Loss/MoCo,7450,3.583984375,1766257977.4873664
Loss/MoCo,7500,3.29296875,1766258086.4129996
Loss/MoCo,7550,4.0546875,1766258197.420297
Loss/MoCo,7600,3.30859375,1766258307.1717162
Loss/MoCo,7650,3.59765625,1766258417.207871
Loss/MoCo,7700,3.099609375,1766258528.717674
Loss/MoCo,7750,3.6875,1766258640.2485604
Loss/MoCo,7800,3.3515625,1766258756.7829077
Loss/MoCo,7850,3.4765625,1766258869.4786835
Loss/MoCo,7900,3.359375,1766258983.9431984
Loss/MoCo,7950,3.693359375,1766259096.5243475
Loss/MoCo,8000,2.9453125,1766259209.985828
Loss/MoCo,8050,2.759765625,1766259322.327326
Loss/MoCo,8100,3.3671875,1766259433.050612
Loss/MoCo,8150,3.107421875,1766259543.2819114
Loss/MoCo,8200,2.7578125,1766259655.5104241
Loss/MoCo,8250,3.248046875,1766259767.0046906
Loss/MoCo,8300,3.41015625,1766259879.3557448
Loss/MoCo,8350,3.08203125,1766259990.8124619
Loss/MoCo,8400,3.533203125,1766260100.6131432
Loss/MoCo,8450,3.25390625,1766260217.0002074
Loss/MoCo,8500,3.03515625,1766260328.9521942
Loss/MoCo,8550,2.99609375,1766260441.3852527
Loss/MoCo,8600,2.75,1766260550.6620376
Loss/MoCo,8650,3.13671875,1766260663.16661
Loss/MoCo,8700,3.310546875,1766260775.8285358
Loss/MoCo,8750,2.7265625,1766260888.804129
Loss/MoCo,8800,3.4296875,1766261004.371787
Loss/MoCo,8850,3.29296875,1766261118.132564
Loss/MoCo,8900,3.65625,1766261230.3924763
Loss/MoCo,8950,3.359375,1766261343.7935998
Loss/MoCo,9000,3.2421875,1766261460.856772
Loss/MoCo,9050,3.3203125,1766261576.0475
Loss/MoCo,9100,3.376953125,1766261690.9853415
Loss/MoCo,9150,3.0,1766261803.7244306
Loss/MoCo,9200,3.33203125,1766261917.7394764
Loss/MoCo,9250,3.40625,1766262031.4299834
Loss/MoCo,9300,3.38671875,1766262145.6989765
Loss/MoCo,9350,2.943359375,1766262260.1692176
Loss/MoCo,9400,2.9765625,1766262371.8483467
Loss/MoCo,9450,2.9296875,1766262481.9957259
Loss/MoCo,9500,3.3671875,1766262592.9441311
Loss/MoCo,9550,2.6484375,1766262703.9217155
Loss/MoCo,9600,3.33984375,1766262814.957764
Loss/MoCo,9650,2.65234375,1766262927.3265707
Loss/MoCo,9700,3.396484375,1766263037.3633783
Loss/MoCo,9750,3.23828125,1766263150.2547631
Loss/MoCo,9800,3.638671875,1766263263.1228335
Loss/MoCo,9850,2.72265625,1766263376.1486478
Loss/MoCo,9900,3.12890625,1766263487.406501
Loss/MoCo,9950,2.6796875,1766263603.1658766
Loss/MoCo,10000,2.52734375,1766263715.395481
Loss/MoCo,10050,2.693359375,1766263823.71893
Loss/MoCo,10100,2.89453125,1766263937.2535586
Loss/MoCo,10150,3.1796875,1766264050.7995024
Loss/MoCo,10200,2.71484375,1766264162.294653
Loss/MoCo,10250,3.193359375,1766264270.7178617
Loss/MoCo,10300,2.7890625,1766264386.6177948
Loss/MoCo,10350,2.798828125,1766264501.684065
Loss/MoCo,10400,2.6015625,1766264612.701084
Loss/MoCo,10450,2.6640625,1766264725.7348316
Loss/MoCo,10500,2.875,1766264841.5405612
Loss/MoCo,10550,2.853515625,1766264953.139548
Loss/MoCo,10600,3.181640625,1766265066.0298688
Loss/MoCo,10650,3.19140625,1766265176.1000874
Loss/MoCo,10700,2.73828125,1766265287.4469957
Loss/MoCo,10750,2.62109375,1766265402.640432
Loss/MoCo,10800,3.00390625,1766265518.1845205
Loss/MoCo,10850,2.921875,1766265629.8663387
Loss/MoCo,10900,2.66796875,1766265744.3420465
Loss/MoCo,10950,2.732421875,1766265857.8954966
Loss/MoCo,11000,2.765625,1766265968.806766
Loss/MoCo,11050,3.033203125,1766266081.5612023
Loss/MoCo,11100,2.88671875,1766266196.6300797
Loss/MoCo,11150,2.9296875,1766266307.1195881
Loss/MoCo,11200,2.55078125,1766266424.5025327
Loss/MoCo,11250,2.49609375,1766266535.2247746
Loss/MoCo,11300,2.80078125,1766266650.0226095
Loss/MoCo,11350,2.9375,1766266761.4206734
Loss/MoCo,11400,2.947265625,1766266874.5833244
Loss/MoCo,11450,2.83203125,1766266987.7957313
Loss/MoCo,11500,2.87109375,1766267097.8922985
Loss/MoCo,11550,2.890625,1766267212.3891308
Loss/MoCo,11600,2.5859375,1766267326.30998
Loss/MoCo,11650,2.765625,1766267436.5233352
Loss/MoCo,11700,2.521484375,1766267546.96563
Loss/MoCo,11750,3.306640625,1766267660.7411957
Loss/MoCo,11800,2.5703125,1766267773.1561072
Loss/MoCo,11850,3.0078125,1766267889.2542932
Loss/MoCo,11900,3.66796875,1766268004.6810226
Loss/MoCo,11950,2.53125,1766268117.477733
Loss/MoCo,12000,2.96484375,1766268229.4082198
Loss/MoCo,12050,3.2421875,1766268341.1613276
Loss/MoCo,12100,2.6796875,1766268455.5477908
Loss/MoCo,12150,2.634765625,1766268568.8688154
Loss/MoCo,12200,2.48828125,1766268684.6279829
Loss/MoCo,12250,3.1953125,1766268798.1570926
Loss/MoCo,12300,2.98828125,1766268909.8941574
Loss/MoCo,12350,2.78125,1766269022.5105426
Loss/MoCo,12400,2.91015625,1766269138.608684
Loss/MoCo,12450,2.6015625,1766269252.4344015
Loss/MoCo,12500,2.359375,1766269365.1437879
Loss/MoCo,12550,2.5234375,1766269478.306482
Loss/MoCo,12600,2.826171875,1766269591.325412
Loss/MoCo,12650,2.931640625,1766269709.4885728
Loss/MoCo,12700,2.509765625,1766269822.209535
Loss/MoCo,12750,2.91015625,1766269935.2371771
Loss/MoCo,12800,2.63671875,1766270049.1617594
Loss/MoCo,12850,2.75,1766270165.2652626
Loss/MoCo,12900,3.416015625,1766270273.6215148
Loss/MoCo,12950,3.072265625,1766270381.5600533
Loss/MoCo,13000,2.8671875,1766270497.7044857
Loss/MoCo,13050,2.576171875,1766270610.8386724
Loss/MoCo,13100,2.875,1766270721.3461332
Loss/MoCo,13150,2.6171875,1766270834.794733
Loss/MoCo,13200,2.83203125,1766270948.0336375
Loss/MoCo,13250,2.29296875,1766271062.706809
Loss/MoCo,13300,2.84765625,1766271173.2005434
Loss/MoCo,13350,2.9140625,1766271289.307118
Loss/MoCo,13400,2.818359375,1766271399.6312876
Loss/MoCo,13450,2.775390625,1766271511.8698485
Loss/MoCo,13500,2.38671875,1766271621.4653342
Loss/MoCo,13550,2.9609375,1766271731.9523222
Loss/MoCo,13600,2.81640625,1766271846.2569053
Loss/MoCo,13650,2.75,1766271959.7552955
Loss/MoCo,13700,2.791015625,1766272071.373757
Loss/MoCo,13750,2.63671875,1766272181.6380885
Loss/MoCo,13800,2.5625,1766272292.8259068
Loss/MoCo,13850,2.83203125,1766272405.1972868
Loss/MoCo,13900,2.87890625,1766272513.4313142
Loss/MoCo,13950,2.91015625,1766272627.2594411
Loss/MoCo,14000,2.81640625,1766272742.5434892
Loss/MoCo,14050,3.28125,1766272857.8698952
Loss/MoCo,14100,2.8828125,1766272967.9689975
Loss/MoCo,14150,2.28125,1766273082.3261747
Loss/MoCo,14200,2.33203125,1766273195.7272642
Loss/MoCo,14250,2.1796875,1766273308.8326867
Loss/MoCo,14300,2.86328125,1766273420.5303438
Loss/MoCo,14350,3.078125,1766273532.8068647
Loss/MoCo,14400,2.439453125,1766273645.7786472
Loss/MoCo,14450,2.9453125,1766273757.0997837
Loss/MoCo,14500,2.3671875,1766273867.5449693
Loss/MoCo,14550,2.841796875,1766273981.291104
Loss/MoCo,14600,2.44921875,1766274094.8844213
Loss/MoCo,14650,2.25390625,1766274207.0432427
Loss/MoCo,14700,2.26953125,1766274318.902201
Loss/MoCo,14750,2.341796875,1766274436.1101098
Loss/MoCo,14800,2.744140625,1766274550.3441644
Loss/MoCo,14850,2.01171875,1766274662.748581
Loss/MoCo,14900,2.451171875,1766274776.306818
Loss/MoCo,14950,2.46484375,1766274891.8724134
Loss/MoCo,15000,2.5,1766275007.6661258
Loss/MoCo,15050,2.75,1766275119.9806051
Loss/MoCo,15100,2.267578125,1766275230.599551
Loss/MoCo,15150,2.28125,1766275341.7508588
Loss/MoCo,15200,2.34375,1766275455.8495238
Loss/MoCo,15250,2.880859375,1766275570.523994
Loss/MoCo,15300,2.58203125,1766275682.1780896
Loss/MoCo,15350,2.5546875,1766275797.441887
Loss/MoCo,15400,2.4765625,1766275909.100807
Loss/MoCo,15450,2.328125,1766276023.548656
Loss/MoCo,15500,2.453125,1766276131.698017
Loss/MoCo,15550,2.173828125,1766276246.1970603
Loss/MoCo,15600,2.970703125,1766276359.785561
Loss/MoCo,15650,2.26171875,1766276472.300213
Loss/MoCo,15700,2.46875,1766276586.3344269
Loss/MoCo,15750,2.7265625,1766276698.3326595
Loss/MoCo,15800,2.705078125,1766276808.9326718
Loss/MoCo,15850,2.4609375,1766276919.1954665
Loss/MoCo,15900,2.810546875,1766277033.8120623
Loss/MoCo,15950,2.9453125,1766277145.0231225
Loss/MoCo,16000,2.59375,1766277257.941782
Loss/MoCo,16050,2.083984375,1766277370.3144772
Loss/MoCo,16100,2.404296875,1766277484.790517
Loss/MoCo,16150,2.583984375,1766277598.4957008
Loss/MoCo,16200,2.52734375,1766277711.5364187
Loss/MoCo,16250,2.453125,1766277825.9051015
Loss/MoCo,16300,2.94921875,1766277939.5515392
Loss/MoCo,16350,2.6171875,1766278053.2020762
Loss/MoCo,16400,2.6796875,1766278165.5233612
Loss/MoCo,16450,2.818359375,1766278278.7792227
Loss/MoCo,16500,2.578125,1766278391.832296
Loss/MoCo,16550,2.40234375,1766278506.3359962
Loss/MoCo,16600,2.83984375,1766278622.9903114
Loss/MoCo,16650,2.6953125,1766278734.8218286
Loss/MoCo,16700,2.58203125,1766278851.2952054
Loss/MoCo,16750,2.572265625,1766278963.3776474
Loss/MoCo,16800,2.40234375,1766279075.879526
Loss/MoCo,16850,2.650390625,1766279189.7786841
Loss/MoCo,16900,2.4765625,1766279305.6352828
Loss/MoCo,16950,3.0078125,1766279417.5611725
Loss/MoCo,17000,2.3203125,1766279531.5443952
Loss/MoCo,17050,2.515625,1766279642.0176454
Loss/MoCo,17100,2.7265625,1766279754.286282
Loss/MoCo,17150,2.48046875,1766279868.4891753
Loss/MoCo,17200,2.52734375,1766279980.9369144
Loss/MoCo,17250,2.71875,1766280093.5909965
Loss/MoCo,17300,2.234375,1766280208.3305423
Loss/MoCo,17350,2.48828125,1766280317.127064
Loss/MoCo,17400,2.482421875,1766280426.2837834
Loss/MoCo,17450,2.58203125,1766280543.8701217
Loss/MoCo,17500,2.953125,1766280659.5757356
Loss/MoCo,17550,2.478515625,1766280770.2987905
Loss/MoCo,17600,3.001953125,1766280882.946226
Loss/MoCo,17650,2.51953125,1766280996.0782518
Loss/MoCo,17700,2.4296875,1766281114.1186776
Loss/MoCo,17750,2.302734375,1766281227.3428154
Loss/MoCo,17800,2.73046875,1766281339.0118887
Loss/MoCo,17850,2.7265625,1766281452.8950438
Loss/MoCo,17900,2.71875,1766281569.9156208
Loss/MoCo,17950,2.35546875,1766281679.3794355
Loss/MoCo,18000,2.57421875,1766281798.4991207
Loss/MoCo,18050,2.548828125,1766281909.6813726
Loss/MoCo,18100,2.556640625,1766282023.5020404
Loss/MoCo,18150,2.265625,1766282136.94058
Loss/MoCo,18200,2.41015625,1766282251.2739148
Loss/MoCo,18250,2.390625,1766282359.4459617
Loss/MoCo,18300,2.236328125,1766282473.006212
Loss/MoCo,18350,2.19921875,1766282587.743253
Loss/MoCo,18400,2.59375,1766282704.805056
Loss/MoCo,18450,2.2109375,1766282814.7469072
Loss/MoCo,18500,2.6796875,1766282926.4484882
Loss/MoCo,18550,2.71875,1766283042.635173
Loss/MoCo,18600,2.775390625,1766283156.041091
Loss/MoCo,18650,2.60546875,1766283267.6371238
Loss/MoCo,18700,2.6796875,1766283377.7811837
Loss/MoCo,18750,2.2890625,1766283491.750983
Loss/MoCo,18800,2.66796875,1766283606.1819258
Loss/MoCo,18850,2.40625,1766283716.7414312
Loss/MoCo,18900,2.46484375,1766283830.9563375
Loss/MoCo,18950,2.453125,1766283942.5891168
Loss/MoCo,19000,2.833984375,1766284054.0878284
Loss/MoCo,19050,2.181640625,1766284165.9047742
Loss/MoCo,19100,2.3359375,1766284275.0513892
Loss/MoCo,19150,2.2421875,1766284386.8802485
Loss/MoCo,19200,2.21484375,1766284496.2511153
Loss/MoCo,19250,2.4609375,1766284608.4978352
Loss/MoCo,19300,2.46484375,1766284723.716348
Loss/MoCo,19350,2.408203125,1766284836.732499
Loss/MoCo,19400,2.609375,1766284951.459229
Loss/MoCo,19450,2.333984375,1766285066.5366597
Loss/MoCo,19500,2.783203125,1766285175.9103038
Loss/MoCo,19550,1.9560546875,1766285289.5838306
Loss/MoCo,19600,2.328125,1766285405.079833
Loss/MoCo,19650,2.490234375,1766285519.8507025
Loss/MoCo,19700,2.30078125,1766285632.7041798
Loss/MoCo,19750,2.470703125,1766285747.5794594
Loss/MoCo,19800,2.15625,1766285860.3259006
Loss/MoCo,19850,2.61328125,1766285972.2360914
Loss/MoCo,19900,2.4921875,1766286081.2693348
Loss/MoCo,19950,2.349609375,1766286196.576319
Loss/MoCo,20000,2.474609375,1766286308.9645798
Loss/MoCo,20050,2.625,1766286423.5692954
Loss/MoCo,20100,2.515625,1766286535.8204405
Loss/MoCo,20150,2.1171875,1766286649.9011145
Loss/MoCo,20200,2.625,1766286763.1109023
Loss/MoCo,20250,2.44921875,1766286871.6823792
Loss/MoCo,20300,2.005859375,1766286986.802314
Loss/MoCo,20350,2.30078125,1766287102.0709715
Loss/MoCo,20400,2.265625,1766287216.449832
Loss/MoCo,20450,2.8359375,1766287327.3037584
Loss/MoCo,20500,2.1640625,1766287438.649552
Loss/MoCo,20550,2.5078125,1766287552.9917445
Loss/MoCo,20600,2.23046875,1766287668.4456873
Loss/MoCo,20650,2.15234375,1766287782.6533349
Loss/MoCo,20700,2.19921875,1766287894.6451492
Loss/MoCo,20750,2.53125,1766288007.678122
Loss/MoCo,20800,2.205078125,1766288120.4696467
Loss/MoCo,20850,2.234375,1766288230.8908477
Loss/MoCo,20900,2.087890625,1766288346.239602
Loss/MoCo,20950,2.2265625,1766288459.8625016
Loss/MoCo,21000,1.9912109375,1766288573.9811387
Loss/MoCo,21050,2.4921875,1766288687.662466
Loss/MoCo,21100,2.189453125,1766288800.7775004
Loss/MoCo,21150,2.55859375,1766288911.5561728
Loss/MoCo,21200,2.4296875,1766289021.4580274
Loss/MoCo,21250,2.46484375,1766289133.9533756
Loss/MoCo,21300,2.43359375,1766289247.0768595
Loss/MoCo,21350,2.45703125,1766289357.951334
Loss/MoCo,21400,2.158203125,1766289466.7271585
Loss/MoCo,21450,2.419921875,1766289579.9444723
Loss/MoCo,21500,1.794921875,1766289696.19377
Loss/MoCo,21550,2.181640625,1766289807.499776
Loss/MoCo,21600,2.30859375,1766289920.8037386
Loss/MoCo,21650,2.51953125,1766290034.3774693
Loss/MoCo,21700,2.30078125,1766290147.928945
Loss/MoCo,21750,2.052734375,1766290257.0657194
Loss/MoCo,21800,2.33203125,1766290368.1982048
Loss/MoCo,21850,2.751953125,1766290478.7997656
Loss/MoCo,21900,2.23046875,1766290593.3298569
Loss/MoCo,21950,2.16796875,1766290706.6103
Loss/MoCo,22000,2.197265625,1766290820.4023519
Loss/MoCo,22050,2.55078125,1766290936.0116525
Loss/MoCo,22100,2.568359375,1766291051.6337416
Loss/MoCo,22150,2.734375,1766291165.8620856
Loss/MoCo,22200,2.525390625,1766291278.6645734
Loss/MoCo,22250,1.9423828125,1766291390.1678092
Loss/MoCo,22300,2.63671875,1766291507.2526348
Loss/MoCo,22350,2.060546875,1766291619.263029
Loss/MoCo,22400,2.134765625,1766291729.859215
Loss/MoCo,22450,2.26953125,1766291845.8360906
Loss/MoCo,22500,2.296875,1766291956.748911
Loss/MoCo,22550,2.13671875,1766292071.8254864
Loss/MoCo,22600,2.03125,1766292184.8988547
Loss/MoCo,22650,2.259765625,1766292295.119734
Loss/MoCo,22700,2.36328125,1766292410.6005623
Loss/MoCo,22750,2.189453125,1766292523.2578123
Loss/MoCo,22800,2.71875,1766292637.4231796
Loss/MoCo,22850,2.25390625,1766292749.2587469
Loss/MoCo,22900,1.96484375,1766292862.6730328
Loss/MoCo,22950,2.181640625,1766292975.2770836
Loss/MoCo,23000,2.12890625,1766293087.365942
Loss/MoCo,23050,2.05859375,1766293195.576405
Loss/MoCo,23100,2.6875,1766293310.9556553
Loss/MoCo,23150,1.8447265625,1766293422.4309688
Loss/MoCo,23200,2.5234375,1766293536.7926571
Loss/MoCo,23250,2.3125,1766293651.8747504
Loss/MoCo,23300,2.6171875,1766293763.3648233
Loss/MoCo,23350,2.01953125,1766293878.8878465
Loss/MoCo,23400,2.18359375,1766293992.6161563
Loss/MoCo,23450,2.2890625,1766294108.802192
Loss/MoCo,23500,2.47265625,1766294225.4440482
Loss/MoCo,23550,2.55078125,1766294336.5566833
Loss/MoCo,23600,2.46484375,1766294449.5670788
Loss/MoCo,23650,2.693359375,1766294562.2569673
Loss/MoCo,23700,2.498046875,1766294673.8180032
Loss/MoCo,23750,1.994140625,1766294785.476703
Loss/MoCo,23800,2.43359375,1766294893.9040236
Loss/MoCo,23850,2.140625,1766295005.8003633
Loss/MoCo,23900,2.650390625,1766295118.2253246
Loss/MoCo,23950,1.94921875,1766295234.4735312
Loss/MoCo,24000,2.0625,1766295346.4707592
Loss/MoCo,24050,1.9443359375,1766295461.375931
Loss/MoCo,24100,1.9375,1766295575.8252885
Loss/MoCo,24150,2.39453125,1766295687.2767873
Loss/MoCo,24200,2.7734375,1766295799.745257
Loss/MoCo,24250,2.05078125,1766295912.319047
Loss/MoCo,24300,2.3203125,1766296026.0280437
Loss/MoCo,24350,2.453125,1766296139.1995187
Loss/MoCo,24400,2.103515625,1766296252.1485686
Loss/MoCo,24450,2.474609375,1766296360.5166426
Loss/MoCo,24500,2.34765625,1766296475.052245
Loss/MoCo,24550,2.10546875,1766296584.0088809
Loss/MoCo,24600,2.49609375,1766296700.668099
Loss/MoCo,24650,1.904296875,1766296811.9334495
Loss/MoCo,24700,2.55859375,1766296923.621408
Loss/MoCo,24750,2.517578125,1766297036.010588
Loss/MoCo,24800,2.044921875,1766297148.9404826
Loss/MoCo,24850,2.4375,1766297263.5030668
Loss/MoCo,24900,2.29296875,1766297376.3972688
Loss/MoCo,24950,2.146484375,1766297489.2337034
Loss/MoCo,25000,2.2421875,1766297600.0830235
Loss/MoCo,25050,1.87109375,1766297709.4528418
Loss/MoCo,25100,2.19921875,1766297821.2974718
Loss/MoCo,25150,2.39453125,1766297936.6161306
Loss/MoCo,25200,2.1875,1766298044.8955512
Loss/MoCo,25250,2.15625,1766298156.5175803
Loss/MoCo,25300,2.1171875,1766298266.0717466
Loss/MoCo,25350,2.359375,1766298377.4695015
Loss/MoCo,25400,2.263671875,1766298493.4560208
Loss/MoCo,25450,2.46875,1766298605.8220003
Loss/MoCo,25500,2.14453125,1766298717.2872682
Loss/MoCo,25550,1.9990234375,1766298829.2336314
Loss/MoCo,25600,2.47265625,1766298938.264618
Loss/MoCo,25650,2.078125,1766299050.966091
Loss/MoCo,25700,2.607421875,1766299166.193362
Loss/MoCo,25750,2.1171875,1766299278.2083778
Loss/MoCo,25800,2.373046875,1766299390.6319878
Loss/MoCo,25850,2.322265625,1766299506.1671865
Loss/MoCo,25900,2.4609375,1766299618.1805494
Loss/MoCo,25950,1.9755859375,1766299728.3643277
Loss/MoCo,26000,2.353515625,1766299843.075024
Loss/MoCo,26050,2.3359375,1766299953.0010972
Loss/MoCo,26100,2.13671875,1766300067.2390807
Loss/MoCo,26150,2.46484375,1766300180.339149
Loss/MoCo,26200,2.423828125,1766300293.9343467
Loss/MoCo,26250,2.287109375,1766300404.6682465
Loss/MoCo,26300,2.1953125,1766300518.2181318
Loss/MoCo,26350,2.421875,1766300629.5174432
Loss/MoCo,26400,2.26171875,1766300740.447132
Loss/MoCo,26450,2.328125,1766300853.9517355
Loss/MoCo,26500,1.7412109375,1766300965.7479365
Loss/MoCo,26550,2.5390625,1766301080.0011919
Loss/MoCo,26600,2.4140625,1766301193.7882304
Loss/MoCo,26650,2.2890625,1766301304.2847962
Loss/MoCo,26700,2.55078125,1766301419.3748293
Loss/MoCo,26750,2.4765625,1766301532.379217
Loss/MoCo,26800,2.36328125,1766301648.1599772
Loss/MoCo,26850,2.7734375,1766301760.6759582
Loss/MoCo,26900,2.6328125,1766301871.5202389
Loss/MoCo,26950,2.515625,1766301984.7257957
Loss/MoCo,27000,2.099609375,1766302095.2456148
Loss/MoCo,27050,2.3203125,1766302204.5453374
Loss/MoCo,27100,2.296875,1766302319.177382
Loss/MoCo,27150,1.837890625,1766302430.170209
Loss/MoCo,27200,2.53515625,1766302541.9750752
Loss/MoCo,27250,2.41796875,1766302657.6460817
Loss/MoCo,27300,2.18359375,1766302769.7171726
Loss/MoCo,27350,2.328125,1766302884.528703
Loss/MoCo,27400,2.1953125,1766302997.5324023
Loss/MoCo,27450,2.44921875,1766303110.8504028
Loss/MoCo,27500,2.21484375,1766303219.0715146
Loss/MoCo,27550,2.265625,1766303334.4892402
Loss/MoCo,27600,2.140625,1766303450.6747034
Loss/MoCo,27650,2.283203125,1766303564.9010317
Loss/MoCo,27700,2.58984375,1766303677.6472945
Loss/MoCo,27750,1.931640625,1766303790.2388127
Loss/MoCo,27800,2.109375,1766303903.6465826
Loss/MoCo,27850,1.7255859375,1766304013.9765418
Loss/MoCo,27900,2.18359375,1766304125.961478
Loss/MoCo,27950,2.2421875,1766304240.8082056
Loss/MoCo,28000,2.318359375,1766304348.0140247
Loss/MoCo,28050,1.9287109375,1766304459.1890812
Loss/MoCo,28100,2.11328125,1766304570.2467966
Loss/MoCo,28150,2.046875,1766304683.4751475
Loss/MoCo,28200,1.60546875,1766304796.446638
Loss/MoCo,28250,2.005859375,1766304908.5578039
Loss/MoCo,28300,1.7822265625,1766305022.699795
Loss/MoCo,28350,2.375,1766305128.4386768
Loss/MoCo,28400,2.3125,1766305241.0218627
Loss/MoCo,28450,2.431640625,1766305354.8512573
Loss/MoCo,28500,2.390625,1766305468.9324841
Loss/MoCo,28550,2.140625,1766305577.7758596
Loss/MoCo,28600,2.3984375,1766305689.6384287
Loss/MoCo,28650,2.6328125,1766305802.5660532
Loss/MoCo,28700,2.484375,1766305917.043714
Loss/MoCo,28750,2.076171875,1766306031.6708443
Loss/MoCo,28800,2.4765625,1766306145.5810332
Loss/MoCo,28850,2.150390625,1766306255.9600837
Loss/MoCo,28900,2.185546875,1766306368.8742418
Loss/MoCo,28950,2.310546875,1766306483.2404745
Loss/MoCo,29000,2.205078125,1766306596.7905195
Loss/MoCo,29050,2.375,1766306709.964571
Loss/MoCo,29100,1.697265625,1766306820.2485251
Loss/MoCo,29150,2.484375,1766306932.09909
Loss/MoCo,29200,2.154296875,1766307047.036097
Loss/MoCo,29250,2.28515625,1766307158.078407
Loss/MoCo,29300,2.59375,1766307272.6549141
Loss/MoCo,29350,2.521484375,1766307388.547198
Loss/MoCo,29400,2.12109375,1766307505.1645846
Loss/MoCo,29450,2.41015625,1766307617.5084836
Loss/MoCo,29500,2.26171875,1766307730.6723528
Loss/MoCo,29550,1.79296875,1766307840.9817352
Loss/MoCo,29600,1.759765625,1766307954.9572942
Loss/MoCo,29650,2.2890625,1766308065.4572666
Loss/MoCo,29700,2.0390625,1766308178.8670897
Loss/MoCo,29750,1.865234375,1766308292.2652748
Loss/MoCo,29800,2.478515625,1766308405.1955903
Loss/MoCo,29850,2.30859375,1766308516.8527796
Loss/MoCo,29900,1.9453125,1766308623.6584113
Loss/MoCo,29950,2.00390625,1766308735.7094872
Loss/MoCo,30000,2.42578125,1766308852.6405375
Loss/MoCo,30050,2.111328125,1766308966.9858053
Loss/MoCo,30100,2.30078125,1766309081.3507938
Loss/MoCo,30150,2.32421875,1766309193.9395595
Loss/MoCo,30200,1.9951171875,1766309311.2104173
Loss/MoCo,30250,1.98046875,1766309425.531564
Loss/MoCo,30300,1.8125,1766309538.0356746
Loss/MoCo,30350,2.3359375,1766309652.4343064
Loss/MoCo,30400,2.220703125,1766309762.069085
Loss/MoCo,30450,2.283203125,1766309874.0175176
Loss/MoCo,30500,2.1640625,1766309984.9236805
Loss/MoCo,30550,1.904296875,1766310099.783507
Loss/MoCo,30600,1.984375,1766310213.568038
Loss/MoCo,30650,2.05859375,1766310326.7869983
Loss/MoCo,30700,2.1875,1766310441.339769
Loss/MoCo,30750,2.421875,1766310553.865907
Loss/MoCo,30800,2.3515625,1766310664.332051
Loss/MoCo,30850,1.98046875,1766310775.3303163
Loss/MoCo,30900,1.77734375,1766310884.3555589
Loss/MoCo,30950,2.23046875,1766310996.131645
Loss/MoCo,31000,2.375,1766311110.9193792
Loss/MoCo,31050,2.16015625,1766311226.5524833
Loss/MoCo,31100,1.740234375,1766311335.7776902
Loss/MoCo,31150,1.939453125,1766311449.882447
Loss/MoCo,31200,1.9609375,1766311563.1509662
Loss/MoCo,31250,2.046875,1766311674.6101925
Loss/MoCo,31300,2.373046875,1766311787.23221
Loss/MoCo,31350,2.12109375,1766311898.9011047
Loss/MoCo,31400,1.857421875,1766312011.2028852
Loss/MoCo,31450,2.0390625,1766312128.5303848
Loss/MoCo,31500,1.923828125,1766312244.107236
Loss/MoCo,31550,2.3671875,1766312355.9846752
Loss/MoCo,31600,1.857421875,1766312464.846721
Loss/MoCo,31650,2.47265625,1766312577.7756314
Loss/MoCo,31700,2.177734375,1766312691.7145486
Loss/MoCo,31750,2.234375,1766312801.7359416
Loss/MoCo,31800,1.982421875,1766312917.2982328
Loss/MoCo,31850,2.166015625,1766313023.6852906
Loss/MoCo,31900,2.046875,1766313135.4121618
Loss/MoCo,31950,1.84375,1766313249.6125624
Loss/MoCo,32000,2.40625,1766313364.3737369
Loss/MoCo,32050,1.66796875,1766313479.28508
Loss/MoCo,32100,2.267578125,1766313588.7348776
Loss/MoCo,32150,1.94921875,1766313698.4060764
Loss/MoCo,32200,2.3515625,1766313812.8819473
Loss/MoCo,32250,1.923828125,1766313928.4711075
Loss/MoCo,32300,2.3984375,1766314041.1349316
Loss/MoCo,32350,1.7626953125,1766314153.29116
Loss/MoCo,32400,1.529296875,1766314269.5498116
Loss/MoCo,32450,2.169921875,1766314378.9522378
Loss/MoCo,32500,2.0,1766314493.7678869
Loss/MoCo,32550,1.955078125,1766314608.1355712
Loss/MoCo,32600,2.2734375,1766314722.6853013
Loss/MoCo,32650,2.376953125,1766314838.3348258
Loss/MoCo,32700,2.2109375,1766314949.8566246
Loss/MoCo,32750,2.37109375,1766315063.310587
Loss/MoCo,32800,2.23828125,1766315172.593659
Loss/MoCo,32850,2.41796875,1766315285.2899206
Loss/MoCo,32900,2.171875,1766315399.9542387
Loss/MoCo,32950,2.3515625,1766315513.9985049
Loss/MoCo,33000,2.33984375,1766315626.2450325
Loss/MoCo,33050,2.30078125,1766315742.3808813
Loss/MoCo,33100,1.8125,1766315856.0552154
Loss/MoCo,33150,1.671875,1766315970.6123786
Loss/MoCo,33200,2.171875,1766316085.3911479
Loss/MoCo,33250,2.236328125,1766316199.6940725
Loss/MoCo,33300,1.962890625,1766316314.4090707
Loss/MoCo,33350,2.06640625,1766316429.5430577
Loss/MoCo,33400,2.078125,1766316543.8213067
Loss/MoCo,33450,2.03125,1766316657.1766105
Loss/MoCo,33500,2.05859375,1766316771.2790706
Loss/MoCo,33550,1.73828125,1766316884.5608957
Loss/MoCo,33600,2.046875,1766316999.9244194
Loss/MoCo,33650,2.23046875,1766317113.5517008
Loss/MoCo,33700,1.369140625,1766317230.6593723
Loss/MoCo,33750,1.97265625,1766317347.1669176
Loss/MoCo,33800,1.9375,1766317459.3934247
Loss/MoCo,33850,1.7626953125,1766317574.2885613
Loss/MoCo,33900,2.2734375,1766317684.0231862
Loss/MoCo,33950,1.7919921875,1766317793.7017589
Loss/MoCo,34000,1.86328125,1766317907.0403078
Loss/MoCo,34050,1.720703125,1766318021.080574
Loss/MoCo,34100,2.10546875,1766318131.5911748
Loss/MoCo,34150,2.296875,1766318243.91079
Loss/MoCo,34200,1.955078125,1766318359.0718827
Loss/MoCo,34250,2.068359375,1766318471.6643748
Loss/MoCo,34300,1.865234375,1766318582.3132784
Loss/MoCo,34350,2.072265625,1766318692.8919568
Loss/MoCo,34400,2.01953125,1766318802.522868
Loss/MoCo,34450,1.802734375,1766318915.7894254
Loss/MoCo,34500,1.8056640625,1766319027.5528672
Loss/MoCo,34550,1.7333984375,1766319138.930565
Loss/MoCo,34600,2.00390625,1766319252.6389782
Loss/MoCo,34650,1.435546875,1766319366.515312
Loss/MoCo,34700,2.025390625,1766319481.810333
Loss/MoCo,34750,1.470703125,1766319595.3629525
Loss/MoCo,34800,2.013671875,1766319703.4954443
Loss/MoCo,34850,2.169921875,1766319815.9500608
Loss/MoCo,34900,1.84375,1766319927.7049954
Loss/MoCo,34950,2.189453125,1766320041.367422
Loss/MoCo,35000,2.126953125,1766320152.2388487
Loss/MoCo,35050,1.853515625,1766320266.5964096
Loss/MoCo,35100,1.9365234375,1766320379.8733895
Loss/MoCo,35150,2.099609375,1766320496.2396042
Loss/MoCo,35200,2.1171875,1766320606.2357972
Loss/MoCo,35250,2.11328125,1766320715.3279417
Loss/MoCo,35300,2.19921875,1766320831.271107
Loss/MoCo,35350,1.9140625,1766320940.8076797
Loss/MoCo,35400,2.25390625,1766321060.117321
Loss/MoCo,35450,2.11328125,1766321170.2065296
Loss/MoCo,35500,1.89453125,1766321281.954105
Loss/MoCo,35550,2.060546875,1766321395.5915685
Loss/MoCo,35600,2.84765625,1766321510.495691
Loss/MoCo,35650,2.21875,1766321623.793055
Loss/MoCo,35700,2.1328125,1766321734.746621
Loss/MoCo,35750,2.328125,1766321849.9686718
Loss/MoCo,35800,2.40234375,1766321960.4292836
Loss/MoCo,35850,2.76171875,1766322074.436429
Loss/MoCo,35900,2.169921875,1766322186.8230865
Loss/MoCo,35950,1.44921875,1766322300.7859535
Loss/MoCo,36000,1.85546875,1766322421.216279
Loss/MoCo,36050,2.1015625,1766322532.8731804
Loss/MoCo,36100,1.8486328125,1766322648.5034835
Loss/MoCo,36150,1.6494140625,1766322758.4922817
Loss/MoCo,36200,1.947265625,1766322873.4785757
Loss/MoCo,36250,1.6123046875,1766322985.526678
Loss/MoCo,36300,2.28515625,1766323098.4084375
Loss/MoCo,36350,2.16796875,1766323207.3001666
Loss/MoCo,36400,2.07421875,1766323319.4738514
Loss/MoCo,36450,1.63671875,1766323432.9848957
Loss/MoCo,36500,2.078125,1766323546.0829942
Loss/MoCo,36550,1.82421875,1766323662.0286877
Loss/MoCo,36600,1.876953125,1766323775.9423575
Loss/MoCo,36650,1.720703125,1766323888.4659615
Loss/MoCo,36700,2.22265625,1766324000.3233151
Loss/MoCo,36750,2.458984375,1766324115.6097267
Loss/MoCo,36800,2.04296875,1766324225.6440494
Loss/MoCo,36850,2.056640625,1766324340.633109
Loss/MoCo,36900,1.619140625,1766324451.107877
Loss/MoCo,36950,1.95703125,1766324564.5194397
Loss/MoCo,37000,2.19921875,1766324679.8863883
Loss/MoCo,37050,1.794921875,1766324793.6601372
Loss/MoCo,37100,1.927734375,1766324906.3292043
Loss/MoCo,37150,2.20703125,1766325016.8428295
Loss/MoCo,37200,2.0,1766325127.8568044
Loss/MoCo,37250,1.6806640625,1766325241.3670366
Loss/MoCo,37300,1.958984375,1766325353.1265666
Loss/MoCo,37350,2.359375,1766325468.6263144
Loss/MoCo,37400,1.5703125,1766325581.927737
Loss/MoCo,37450,1.814453125,1766325698.556897
Loss/MoCo,37500,1.8759765625,1766325811.7141502
Loss/MoCo,37550,1.83984375,1766325924.2870739
Loss/MoCo,37600,2.015625,1766326036.9989135
Loss/MoCo,37650,2.041015625,1766326150.5265198
Loss/MoCo,37700,2.00390625,1766326267.3886924
Loss/MoCo,37750,1.8486328125,1766326382.2119005
Loss/MoCo,37800,2.0625,1766326493.8658752
Loss/MoCo,37850,1.857421875,1766326608.5247579
Loss/MoCo,37900,1.86328125,1766326721.2169902
Loss/MoCo,37950,1.9912109375,1766326832.8286128
Loss/MoCo,38000,1.677734375,1766326947.723868
Loss/MoCo,38050,2.14453125,1766327061.8107889
Loss/MoCo,38100,2.3046875,1766327175.908782
Loss/MoCo,38150,1.8359375,1766327285.2865415
Loss/MoCo,38200,2.28125,1766327406.1587908
Loss/MoCo,38250,2.099609375,1766327515.3686447
Loss/MoCo,38300,2.15625,1766327626.3845897
Loss/MoCo,38350,2.3046875,1766327736.5741012
Loss/MoCo,38400,1.892578125,1766327852.443331
Loss/MoCo,38450,1.994140625,1766327965.8670304
Loss/MoCo,38500,1.798828125,1766328077.959507
Loss/MoCo,38550,1.96875,1766328188.367708
Loss/MoCo,38600,2.28125,1766328297.5589013
Loss/MoCo,38650,1.78515625,1766328407.6343927
Loss/MoCo,38700,2.265625,1766328517.761962
Loss/MoCo,38750,2.111328125,1766328629.3915122
Loss/MoCo,38800,1.9912109375,1766328741.9175303
Loss/MoCo,38850,2.359375,1766328855.1730902
Loss/MoCo,38900,1.7265625,1766328969.416531
Loss/MoCo,38950,2.0546875,1766329081.3723025
Loss/MoCo,39000,2.5,1766329194.7150214
Loss/MoCo,39050,2.1640625,1766329306.5151381
Loss/MoCo,39100,1.845703125,1766329419.7778444
Loss/MoCo,39150,1.404296875,1766329533.4159768
Loss/MoCo,39200,1.8544921875,1766329643.1504865
Loss/MoCo,39250,1.787109375,1766329753.4113662
Loss/MoCo,39300,1.4384765625,1766329861.2135928
Loss/MoCo,39350,1.859375,1766329971.2538245
Loss/MoCo,39400,2.298828125,1766330084.2280934
Loss/MoCo,39450,2.47265625,1766330198.4769757
Loss/MoCo,39500,2.109375,1766330311.8365316
Loss/MoCo,39550,1.99609375,1766330425.7536352
Loss/MoCo,39600,2.11328125,1766330537.6989257
Loss/MoCo,39650,1.79296875,1766330649.241098
Loss/MoCo,39700,2.154296875,1766330760.4689565
Loss/MoCo,39750,2.3125,1766330874.3691635
Loss/MoCo,39800,1.5634765625,1766330990.0487642
Loss/MoCo,39850,2.03125,1766331102.0296557
Loss/MoCo,39900,1.9609375,1766331213.474606
Loss/MoCo,39950,1.8720703125,1766331328.0776932
Loss/MoCo,40000,1.943359375,1766331440.4286938
Loss/MoCo,40050,1.9921875,1766331552.360118
Loss/MoCo,40100,2.21875,1766331666.4305837
Loss/MoCo,40150,2.0625,1766331777.4470525
Loss/MoCo,40200,2.181640625,1766331890.218154
Loss/MoCo,40250,1.900390625,1766332001.6154587
Loss/MoCo,40300,2.3671875,1766332114.9150474
Loss/MoCo,40350,2.05078125,1766332225.6213365
Loss/MoCo,40400,1.798828125,1766332336.8748205
Loss/MoCo,40450,2.28125,1766332448.810739
Loss/MoCo,40500,1.7626953125,1766332560.2005377
Loss/MoCo,40550,1.935546875,1766332674.5313768
Loss/MoCo,40600,1.6943359375,1766332788.6283498
Loss/MoCo,40650,1.951171875,1766332900.085867
Loss/MoCo,40700,1.9638671875,1766333017.04204
Loss/MoCo,40750,2.7109375,1766333128.9363132
Loss/MoCo,40800,2.28125,1766333242.1577876
Loss/MoCo,40850,2.185546875,1766333351.4951856
Loss/MoCo,40900,1.708984375,1766333463.1618154
Loss/MoCo,40950,2.07421875,1766333572.8195388
Loss/MoCo,41000,2.0078125,1766333680.8461454
Loss/MoCo,41050,1.7001953125,1766333795.461406
Loss/MoCo,41100,1.88671875,1766333910.0212753
Loss/MoCo,41150,1.98046875,1766334023.8008788
Loss/MoCo,41200,1.732421875,1766334138.0981245
Loss/MoCo,41250,2.08984375,1766334251.3226633
Loss/MoCo,41300,1.8994140625,1766334364.5687988
Loss/MoCo,41350,2.703125,1766334479.1160786
Loss/MoCo,41400,2.140625,1766334590.6302488
Loss/MoCo,41450,1.732421875,1766334703.1393595
Loss/MoCo,41500,1.8955078125,1766334815.667508
Loss/MoCo,41550,2.09765625,1766334928.6305702
Loss/MoCo,41600,2.1953125,1766335039.0401726
Loss/MoCo,41650,1.7802734375,1766335156.0932508
Loss/MoCo,41700,1.955078125,1766335269.2521596
Loss/MoCo,41750,1.927734375,1766335381.0988705
Loss/MoCo,41800,1.9326171875,1766335491.777848
Loss/MoCo,41850,1.73046875,1766335605.604361
Loss/MoCo,41900,1.625,1766335719.5979545
Loss/MoCo,41950,1.974609375,1766335836.8376405
Loss/MoCo,42000,1.876953125,1766335950.3806772
Loss/MoCo,42050,1.697265625,1766336058.7339835
Loss/MoCo,42100,1.8740234375,1766336173.0790918
Loss/MoCo,42150,2.015625,1766336284.9034908
Loss/MoCo,42200,2.2265625,1766336397.6867337
Loss/MoCo,42250,1.998046875,1766336511.9658601
Loss/MoCo,42300,1.4921875,1766336625.3258388
Loss/MoCo,42350,2.130859375,1766336738.4851792
Loss/MoCo,42400,1.6728515625,1766336851.9757001
Loss/MoCo,42450,1.65625,1766336965.6796522
Loss/MoCo,42500,2.177734375,1766337079.9869754
Loss/MoCo,42550,2.0390625,1766337194.6103373
Loss/MoCo,42600,1.7734375,1766337303.0281827
Loss/MoCo,42650,1.796875,1766337413.0318964
Loss/MoCo,42700,1.814453125,1766337528.058734
Loss/MoCo,42750,1.802734375,1766337639.628978
Loss/MoCo,42800,1.908203125,1766337751.5177882
Loss/MoCo,42850,1.5625,1766337861.848326
Loss/MoCo,42900,1.8369140625,1766337975.9779863
Loss/MoCo,42950,1.806640625,1766338089.0252707
Loss/MoCo,43000,2.10546875,1766338204.9420938
Loss/MoCo,43050,2.126953125,1766338320.312197
Loss/MoCo,43100,1.720703125,1766338435.1157901
Loss/MoCo,43150,2.314453125,1766338547.5714633
Loss/MoCo,43200,2.390625,1766338661.517427
Loss/MoCo,43250,2.38671875,1766338772.3804111
Loss/MoCo,43300,2.330078125,1766338885.8529074
Loss/MoCo,43350,2.5078125,1766338998.5303788
Loss/MoCo,43400,2.28125,1766339109.3088613
Loss/MoCo,43450,1.794921875,1766339219.7606964
Loss/MoCo,43500,1.8974609375,1766339331.6453803
Loss/MoCo,43550,2.140625,1766339445.5021608
Loss/MoCo,43600,1.873046875,1766339560.2061598
Loss/MoCo,43650,2.62890625,1766339670.960495
Loss/MoCo,43700,1.8349609375,1766339785.2084057
Loss/MoCo,43750,2.3671875,1766339894.7422748
Loss/MoCo,43800,1.896484375,1766340009.2612484
Loss/MoCo,43850,2.142578125,1766340122.2714822
Loss/MoCo,43900,1.8828125,1766340230.337401
Loss/MoCo,43950,2.1328125,1766340342.2307727
Loss/MoCo,44000,1.546875,1766340452.9154522
Loss/MoCo,44050,1.904296875,1766340567.5014913
Loss/MoCo,44100,2.34375,1766340679.120956
Loss/MoCo,44150,1.958984375,1766340788.7590837
Loss/MoCo,44200,1.955078125,1766340900.914203
Loss/MoCo,44250,2.05859375,1766341014.6260831
Loss/MoCo,44300,1.90234375,1766341127.1912258
Loss/MoCo,44350,1.73828125,1766341241.4252212
Loss/MoCo,44400,2.28515625,1766341356.6235213
Loss/MoCo,44450,1.63671875,1766341470.16606
Loss/MoCo,44500,2.04296875,1766341580.2584438
Loss/MoCo,44550,1.697265625,1766341694.2482848
Loss/MoCo,44600,1.9716796875,1766341807.7693737
Loss/MoCo,44650,1.859375,1766341920.2443316
Loss/MoCo,44700,1.669921875,1766342034.7429159
Loss/MoCo,44750,2.025390625,1766342147.5534594
Loss/MoCo,44800,2.25,1766342260.5103421
Loss/MoCo,44850,1.884765625,1766342374.736141
Loss/MoCo,44900,1.908203125,1766342492.6111317
Loss/MoCo,44950,2.06640625,1766342608.242822
Loss/MoCo,45000,3.015625,1766342723.4648788
Loss/MoCo,45050,1.70703125,1766342835.7242568
Loss/MoCo,45100,1.91796875,1766342946.9302773
Loss/MoCo,45150,2.25390625,1766343059.4489298
Loss/MoCo,45200,1.986328125,1766343173.3241765
Loss/MoCo,45250,1.9833984375,1766343287.9625793
Loss/MoCo,45300,1.958984375,1766343398.8293066
Loss/MoCo,45350,1.8037109375,1766343511.3549466
Loss/MoCo,45400,1.38671875,1766343619.4617114
Loss/MoCo,45450,1.6787109375,1766343727.2898452
Loss/MoCo,45500,1.97265625,1766343837.983262
Loss/MoCo,45550,1.9775390625,1766343952.8721037
Loss/MoCo,45600,1.9658203125,1766344064.166233
Loss/MoCo,45650,1.6845703125,1766344175.2386274
Loss/MoCo,45700,1.638671875,1766344289.1949232
Loss/MoCo,45750,1.9609375,1766344401.772897
Loss/MoCo,45800,1.7451171875,1766344513.4963343
Loss/MoCo,45850,2.0078125,1766344627.399971
Loss/MoCo,45900,2.1015625,1766344740.407758
Loss/MoCo,45950,1.62109375,1766344855.851445
Loss/MoCo,46000,2.349609375,1766344969.1142418
Loss/MoCo,46050,1.79296875,1766345081.4376364
Loss/MoCo,46100,1.6796875,1766345193.7161262
Loss/MoCo,46150,1.90234375,1766345308.841555
Loss/MoCo,46200,1.7333984375,1766345419.9822001
Loss/MoCo,46250,1.9970703125,1766345530.6753936
Loss/MoCo,46300,1.775390625,1766345643.085048
Loss/MoCo,46350,1.64453125,1766345757.1925278
Loss/MoCo,46400,1.8828125,1766345871.5501149
Loss/MoCo,46450,2.33984375,1766345980.703706
Loss/MoCo,46500,2.001953125,1766346093.6018484
Loss/MoCo,46550,2.181640625,1766346206.469348
Loss/MoCo,46600,1.396484375,1766346317.4062634
Loss/MoCo,46650,1.84375,1766346430.3620584
Loss/MoCo,46700,1.78515625,1766346539.8785343
Loss/MoCo,46750,1.7666015625,1766346652.631704
Loss/MoCo,46800,1.5771484375,1766346767.7193992
Loss/MoCo,46850,1.57421875,1766346877.5741496
Loss/MoCo,46900,2.0234375,1766346988.6703541
Loss/MoCo,46950,2.2109375,1766347103.2659757
Loss/MoCo,47000,1.822265625,1766347218.0249007
Loss/MoCo,47050,1.81640625,1766347332.3860178
Loss/MoCo,47100,1.931640625,1766347440.0358331
Loss/MoCo,47150,1.291015625,1766347551.1854422
Loss/MoCo,47200,2.19921875,1766347666.0340707
Loss/MoCo,47250,1.669921875,1766347777.7910063
Loss/MoCo,47300,1.708984375,1766347886.5759847
Loss/MoCo,47350,1.521484375,1766348000.6232986
Loss/MoCo,47400,1.876953125,1766348111.1252127
Loss/MoCo,47450,1.5625,1766348222.833174
Loss/MoCo,47500,1.8759765625,1766348334.6931536
Loss/MoCo,47550,2.11328125,1766348446.7894328
Loss/MoCo,47600,2.068359375,1766348561.0345254
Loss/MoCo,47650,1.7333984375,1766348676.261752
Loss/MoCo,47700,1.41796875,1766348784.3590128
Loss/MoCo,47750,1.384765625,1766348896.7642379
Loss/MoCo,47800,2.23046875,1766349004.5727847
Loss/MoCo,47850,1.849609375,1766349118.006374
Loss/MoCo,47900,1.97265625,1766349227.688386
Loss/MoCo,47950,1.6630859375,1766349344.74524
Loss/MoCo,48000,1.41015625,1766349460.5816267
Loss/MoCo,48050,1.8203125,1766349574.166373
Loss/MoCo,48100,2.27734375,1766349685.730812
Loss/MoCo,48150,1.5234375,1766349795.1395721
Loss/MoCo,48200,1.66796875,1766349902.9029396
Loss/MoCo,48250,1.748046875,1766350016.4916756
Loss/MoCo,48300,1.8955078125,1766350130.934203
Loss/MoCo,48350,1.9814453125,1766350247.3931897
Loss/MoCo,48400,1.72265625,1766350357.421164
Loss/MoCo,48450,1.484375,1766350469.2585413
Loss/MoCo,48500,1.681640625,1766350579.6181078
Loss/MoCo,48550,1.935546875,1766350692.9039657
Loss/MoCo,48600,2.27734375,1766350806.3803906
Loss/MoCo,48650,1.65625,1766350915.488879
Loss/MoCo,48700,1.58203125,1766351032.7192554
Loss/MoCo,48750,2.23828125,1766351142.8864198
Loss/MoCo,48800,1.8740234375,1766351257.3094008
Loss/MoCo,48850,2.21875,1766351369.8569157
Loss/MoCo,48900,2.33984375,1766351482.511336
Loss/MoCo,48950,1.92578125,1766351596.8899992
Loss/MoCo,49000,1.76953125,1766351710.6679957
Loss/MoCo,49050,2.19921875,1766351825.5842445
Loss/MoCo,49100,1.958984375,1766351937.688095
Loss/MoCo,49150,1.958984375,1766352050.922473
Loss/MoCo,49200,1.458984375,1766352161.953464
Loss/MoCo,49250,2.09765625,1766352272.3035378
Loss/MoCo,49300,1.9765625,1766352386.9124653
Loss/MoCo,49350,1.595703125,1766352498.3694685
Loss/MoCo,49400,1.708984375,1766352608.7471755
Loss/MoCo,49450,1.580078125,1766352721.2422118
Loss/MoCo,49500,1.943359375,1766352831.1179566
Loss/MoCo,49550,1.81640625,1766352944.0206525
Loss/MoCo,49600,1.52734375,1766353055.4020243
Loss/MoCo,49650,1.8837890625,1766353169.57803
Loss/MoCo,49700,2.01953125,1766353281.6402774
Loss/MoCo,49750,1.7958984375,1766353396.8385653
Loss/MoCo,49800,1.6845703125,1766353509.4562283
Loss/MoCo,49850,1.951171875,1766353618.7688973
Loss/MoCo,49900,1.755859375,1766353730.9887552
Loss/MoCo,49950,1.494140625,1766353842.5984888
Loss/MoCo,50000,1.98046875,1766353955.4833832
Loss/MoCo,50050,1.93359375,1766354067.7735739
Loss/MoCo,50100,1.85546875,1766354177.4683425
Loss/MoCo,50150,1.9248046875,1766354292.1446943
Loss/MoCo,50200,2.265625,1766354403.7759864
Loss/MoCo,50250,1.4638671875,1766354517.3692248
Loss/MoCo,50300,1.630859375,1766354627.9937809
Loss/MoCo,50350,1.8916015625,1766354740.4025307
Loss/MoCo,50400,1.974609375,1766354852.7727683
Loss/MoCo,50450,1.6953125,1766354964.8000014
Loss/MoCo,50500,1.2880859375,1766355071.3282163
Loss/MoCo,50550,1.6318359375,1766355182.939375
Loss/MoCo,50600,1.5712890625,1766355298.1882544
Loss/MoCo,50650,1.4091796875,1766355408.9811003
Loss/MoCo,50700,1.55078125,1766355520.8714285
Loss/MoCo,50750,2.1015625,1766355631.8645985
Loss/MoCo,50800,1.716796875,1766355746.3043525
Loss/MoCo,50850,1.435546875,1766355857.6939638
Loss/MoCo,50900,1.81640625,1766355970.4188328
Loss/MoCo,50950,1.6787109375,1766356082.134717
Loss/MoCo,51000,1.9921875,1766356191.7154136
Loss/MoCo,51050,2.236328125,1766356302.8563147
Loss/MoCo,51100,1.8583984375,1766356418.608422
Loss/MoCo,51150,2.1796875,1766356533.5438447
Loss/MoCo,51200,1.875,1766356644.4583125
Loss/MoCo,51250,1.9482421875,1766356758.9430017
Loss/MoCo,51300,1.8515625,1766356870.7692277
Loss/MoCo,51350,1.7021484375,1766356981.7842405
Loss/MoCo,51400,1.4443359375,1766357090.1173584
Loss/MoCo,51450,1.732421875,1766357198.4460824
Loss/MoCo,51500,1.82421875,1766357316.1037478
Loss/MoCo,51550,1.7734375,1766357428.030451
Loss/MoCo,51600,1.462890625,1766357538.8678527
Loss/MoCo,51650,1.6181640625,1766357653.147121
Loss/MoCo,51700,1.791015625,1766357770.3449814
Loss/MoCo,51750,1.6904296875,1766357885.77385
Loss/MoCo,51800,2.013671875,1766357997.7341998
Loss/MoCo,51850,2.064453125,1766358110.0055153
Loss/MoCo,51900,1.919921875,1766358227.7562752
Loss/MoCo,51950,1.830078125,1766358341.2874293
Loss/MoCo,52000,1.95703125,1766358456.0080183
Loss/MoCo,52050,1.8984375,1766358571.968281
Loss/MoCo,52100,1.603515625,1766358683.216463
Loss/MoCo,52150,1.7255859375,1766358799.3186865
Loss/MoCo,52200,1.3740234375,1766358912.1833243
Loss/MoCo,52250,1.9296875,1766359025.0196834
Loss/MoCo,52300,1.85546875,1766359134.8733408
Loss/MoCo,52350,1.732421875,1766359249.657161
Loss/MoCo,52400,1.41015625,1766359362.7008152
Loss/MoCo,52450,1.755859375,1766359475.703039
Loss/MoCo,52500,1.845703125,1766359587.9595623
Loss/MoCo,52550,1.275390625,1766359699.864675
Loss/MoCo,52600,1.5439453125,1766359811.8772442
Loss/MoCo,52650,1.791015625,1766359924.406668
Loss/MoCo,52700,2.07421875,1766360034.0123105
Loss/MoCo,52750,1.576171875,1766360145.370228
Loss/MoCo,52800,2.107421875,1766360258.7751389
Loss/MoCo,52850,1.9609375,1766360372.80463
Loss/MoCo,52900,1.615234375,1766360483.6965373
Loss/MoCo,52950,1.9765625,1766360595.5067046
Loss/MoCo,53000,2.154296875,1766360705.5160227
Loss/MoCo,53050,1.98828125,1766360816.0584853
Loss/MoCo,53100,1.4345703125,1766360928.0989587
Loss/MoCo,53150,1.982421875,1766361043.4810567
Loss/MoCo,53200,1.208984375,1766361156.9401636
Loss/MoCo,53250,1.3828125,1766361264.1685033
Loss/MoCo,53300,1.5947265625,1766361376.7614188
Loss/MoCo,53350,2.16015625,1766361489.9294384
Loss/MoCo,53400,1.6484375,1766361605.4209044
Loss/MoCo,53450,1.115234375,1766361717.6993222
Loss/MoCo,53500,1.921875,1766361827.235005
Loss/MoCo,53550,1.92578125,1766361940.5547857
Loss/MoCo,53600,1.73046875,1766362055.8966537
Loss/MoCo,53650,2.15234375,1766362172.354416
Loss/MoCo,53700,2.2265625,1766362282.9770882
Loss/MoCo,53750,1.7666015625,1766362397.3714175
Loss/MoCo,53800,1.9326171875,1766362511.0865083
Loss/MoCo,53850,1.7080078125,1766362622.6456816
Loss/MoCo,53900,1.4248046875,1766362739.3521705
Loss/MoCo,53950,1.404296875,1766362857.5827315
Loss/MoCo,54000,1.8056640625,1766362971.5162473
Loss/MoCo,54050,1.5546875,1766363083.9189847
Loss/MoCo,54100,1.7197265625,1766363194.770371
Loss/MoCo,54150,1.728515625,1766363307.4797196
Loss/MoCo,54200,1.8291015625,1766363414.3392417
Loss/MoCo,54250,2.111328125,1766363525.0254295
Loss/MoCo,54300,1.89453125,1766363638.7168503
Loss/MoCo,54350,1.53515625,1766363752.3941576
Loss/MoCo,54400,1.861328125,1766363867.7448716
Loss/MoCo,54450,1.9697265625,1766363982.3812616
Loss/MoCo,54500,1.7890625,1766364095.0831196
Loss/MoCo,54550,1.708984375,1766364207.991144
Loss/MoCo,54600,2.11328125,1766364323.8642917
Loss/MoCo,54650,1.486328125,1766364434.8355632
Loss/MoCo,54700,1.693359375,1766364549.1911795
Loss/MoCo,54750,1.8154296875,1766364663.5601618
Loss/MoCo,54800,1.66796875,1766364775.7400203
Loss/MoCo,54850,1.880859375,1766364886.4692032
Loss/MoCo,54900,1.333984375,1766364998.3177345
Loss/MoCo,54950,1.701171875,1766365106.9080622
Loss/MoCo,55000,1.947265625,1766365216.9963038
Loss/MoCo,55050,1.923828125,1766365327.6303747
Loss/MoCo,55100,1.595703125,1766365438.768586
Loss/MoCo,55150,1.89453125,1766365552.7822218
Loss/MoCo,55200,1.740234375,1766365667.2584927
Loss/MoCo,55250,1.818359375,1766365780.8614814
Loss/MoCo,55300,2.048828125,1766365895.0454936
Loss/MoCo,55350,2.08203125,1766366009.158733
Loss/MoCo,55400,1.462890625,1766366120.8949852
Loss/MoCo,55450,1.6875,1766366234.5359988
Loss/MoCo,55500,1.888671875,1766366349.46575
Loss/MoCo,55550,2.41015625,1766366459.7796743
Loss/MoCo,55600,2.41015625,1766366572.8615046
Loss/MoCo,55650,1.38671875,1766366686.4156601
Loss/MoCo,55700,1.71484375,1766366801.790328
Loss/MoCo,55750,1.728515625,1766366916.5454125
Loss/MoCo,55800,1.48046875,1766367029.6431038
Loss/MoCo,55850,2.005859375,1766367145.505436
Loss/MoCo,55900,2.328125,1766367257.5019891
Loss/MoCo,55950,1.46875,1766367370.9722722
Loss/MoCo,56000,1.9609375,1766367479.614559
Loss/MoCo,56050,1.76953125,1766367592.7044294
Loss/MoCo,56100,1.6015625,1766367706.5526114
Loss/MoCo,56150,1.89453125,1766367821.9394677
Loss/MoCo,56200,1.6484375,1766367935.6870265
Loss/MoCo,56250,1.767578125,1766368048.508488
Loss/MoCo,56300,2.01953125,1766368157.7705314
Loss/MoCo,56350,1.8984375,1766368268.8347604
Loss/MoCo,56400,1.8896484375,1766368386.1487458
Loss/MoCo,56450,1.755859375,1766368498.0153818
Loss/MoCo,56500,1.501953125,1766368613.8353038
Loss/MoCo,56550,2.056640625,1766368725.0494766
Loss/MoCo,56600,1.736328125,1766368839.422578
Loss/MoCo,56650,1.751953125,1766368951.8021472
Loss/MoCo,56700,1.5908203125,1766369067.7854588
Loss/MoCo,56750,1.91015625,1766369183.0884097
Loss/MoCo,56800,2.4375,1766369294.884616
Loss/MoCo,56850,1.8466796875,1766369411.3638837
Loss/MoCo,56900,1.8759765625,1766369522.2379935
Loss/MoCo,56950,1.66796875,1766369635.40166
Loss/MoCo,57000,2.125,1766369746.415285
Loss/MoCo,57050,1.9365234375,1766369862.098591
Loss/MoCo,57100,2.060546875,1766369977.163001
Loss/MoCo,57150,2.12890625,1766370092.3721695
Loss/MoCo,57200,1.978515625,1766370203.2183456
Loss/MoCo,57250,1.697265625,1766370314.1754715
Loss/MoCo,57300,2.111328125,1766370428.3770576
Loss/MoCo,57350,1.96875,1766370544.344251
Loss/MoCo,57400,1.591796875,1766370655.6053078
Loss/MoCo,57450,2.0625,1766370767.4966598
Loss/MoCo,57500,1.7109375,1766370878.548555
Loss/MoCo,57550,1.7216796875,1766370990.9596741
Loss/MoCo,57600,1.5126953125,1766371103.5123806
Loss/MoCo,57650,2.01171875,1766371216.3269157
Loss/MoCo,57700,2.029296875,1766371327.4407642
Loss/MoCo,57750,1.857421875,1766371440.9177098
Loss/MoCo,57800,2.1015625,1766371553.714549
Loss/MoCo,57850,1.638671875,1766371668.3411782
Loss/MoCo,57900,1.912109375,1766371783.2100894
Loss/MoCo,57950,2.05859375,1766371894.0356088
Loss/MoCo,58000,2.0546875,1766372009.2921069
Loss/MoCo,58050,1.7529296875,1766372123.7018037
Loss/MoCo,58100,2.140625,1766372240.3444843
Loss/MoCo,58150,2.1796875,1766372352.7521574
Loss/MoCo,58200,1.884765625,1766372465.0209816
Loss/MoCo,58250,2.04296875,1766372579.4080882
Loss/MoCo,58300,2.265625,1766372693.2134068
Loss/MoCo,58350,1.802734375,1766372807.082991
Loss/MoCo,58400,1.375,1766372919.7946188
Loss/MoCo,58450,2.357421875,1766373033.4766338
Loss/MoCo,58500,1.884765625,1766373149.6340125
Loss/MoCo,58550,1.697265625,1766373261.6447427
Loss/MoCo,58600,1.880859375,1766373374.3060007
Loss/MoCo,58650,1.759765625,1766373488.3963928
Loss/MoCo,58700,1.47265625,1766373599.9584095
Loss/MoCo,58750,1.935546875,1766373713.108063
Loss/MoCo,58800,2.013671875,1766373826.4683065
Loss/MoCo,58850,1.94921875,1766373938.659956
Loss/MoCo,58900,1.5419921875,1766374054.3714542
Loss/MoCo,58950,1.81640625,1766374170.9937568
Loss/MoCo,59000,2.13671875,1766374280.7336695
Loss/MoCo,59050,2.109375,1766374390.5918186
Loss/MoCo,59100,2.046875,1766374509.6757066
Loss/MoCo,59150,1.615234375,1766374623.2202005
Loss/MoCo,59200,1.81640625,1766374731.9741395
Loss/MoCo,59250,1.7890625,1766374847.0477333
Loss/MoCo,59300,1.8359375,1766374962.7461472
Loss/MoCo,59350,1.890625,1766375077.3231223
Loss/MoCo,59400,1.9306640625,1766375191.5487795
Loss/MoCo,59450,1.9501953125,1766375301.6954603
Loss/MoCo,59500,2.029296875,1766375419.1456215
Loss/MoCo,59550,1.7529296875,1766375528.9816716
Loss/MoCo,59600,1.642578125,1766375637.6182587
Loss/MoCo,59650,2.10546875,1766375751.2852046
Loss/MoCo,59700,1.591796875,1766375867.597439
Loss/MoCo,59750,1.560546875,1766375985.8665874
Loss/MoCo,59800,1.8125,1766376101.47012
Loss/MoCo,59850,1.3134765625,1766376213.5322669
Loss/MoCo,59900,1.7421875,1766376325.385656
Loss/MoCo,59950,1.8271484375,1766376436.3821292
Loss/MoCo,60000,1.8935546875,1766376549.3756382
Loss/MoCo,60050,1.701171875,1766376661.659906
Loss/MoCo,60100,1.9287109375,1766376773.9283862
Loss/MoCo,60150,2.125,1766376885.985913
Loss/MoCo,60200,1.50390625,1766376996.567734
Loss/MoCo,60250,1.86328125,1766377109.0363674
Loss/MoCo,60300,1.4912109375,1766377218.8028593
Loss/MoCo,60350,1.7392578125,1766377329.608338
Loss/MoCo,60400,2.19921875,1766377443.4146273
Loss/MoCo,60450,2.0078125,1766377553.7005472
Loss/MoCo,60500,2.119140625,1766377669.441815
Loss/MoCo,60550,2.05078125,1766377783.1639109
Loss/MoCo,60600,1.66015625,1766377897.075088
Loss/MoCo,60650,2.25390625,1766378013.0901384
Loss/MoCo,60700,2.2109375,1766378125.0531485
Loss/MoCo,60750,1.927734375,1766378235.578045
Loss/MoCo,60800,1.6591796875,1766378347.6574318
Loss/MoCo,60850,1.658203125,1766378458.9149733
Loss/MoCo,60900,1.90234375,1766378571.1225224
Loss/MoCo,60950,1.830078125,1766378687.3727438
Loss/MoCo,61000,1.580078125,1766378805.4523458
Loss/MoCo,61050,1.720703125,1766378918.2022235
Loss/MoCo,61100,1.802734375,1766379031.9614425
Loss/MoCo,61150,1.78515625,1766379147.3688934
Loss/MoCo,61200,2.36328125,1766379261.3140242
Loss/MoCo,61250,2.12109375,1766379375.3531783
Loss/MoCo,61300,1.548828125,1766379486.2588449
Loss/MoCo,61350,2.046875,1766379601.6652153
Loss/MoCo,61400,1.6875,1766379713.7117765
Loss/MoCo,61450,1.94921875,1766379826.7981412
Loss/MoCo,61500,2.06640625,1766379939.683831
Loss/MoCo,61550,2.0,1766380054.9795737
Loss/MoCo,61600,1.8671875,1766380166.0081785
Loss/MoCo,61650,2.1875,1766380279.3059325
Loss/MoCo,61700,1.484375,1766380389.8504689
Loss/MoCo,61750,1.673828125,1766380504.892298
Loss/MoCo,61800,1.947265625,1766380619.5431807
Loss/MoCo,61850,1.740234375,1766380726.1224296
Loss/MoCo,61900,1.767578125,1766380841.654981
Loss/MoCo,61950,2.158203125,1766380950.1103368
Loss/MoCo,62000,2.1328125,1766381063.8679273
Loss/MoCo,62050,1.412109375,1766381174.09819
Loss/MoCo,62100,1.787109375,1766381287.9047918
Loss/MoCo,62150,2.02734375,1766381399.3552132
Loss/MoCo,62200,1.9140625,1766381515.0995097
Loss/MoCo,62250,2.130859375,1766381630.6893616
Loss/MoCo,62300,2.015625,1766381743.8772948
Loss/MoCo,62350,1.982421875,1766381860.5197437
Loss/MoCo,62400,1.515625,1766381976.8447874
Loss/MoCo,62450,1.66015625,1766382089.5071206
Loss/MoCo,62500,2.03515625,1766382203.6469376
Loss/MoCo,62550,2.48828125,1766382318.4170334
Loss/MoCo,62600,1.94921875,1766382428.8019855
Loss/MoCo,62650,1.833984375,1766382542.0551496
Loss/MoCo,62700,1.947265625,1766382651.25033
Loss/MoCo,62750,1.5537109375,1766382765.9056187
Loss/MoCo,62800,1.853515625,1766382873.7515812
Loss/MoCo,62850,2.16015625,1766382985.2568324
Loss/MoCo,62900,1.9033203125,1766383093.96086
Loss/MoCo,62950,1.4931640625,1766383209.2960844
Loss/MoCo,63000,1.7939453125,1766383322.814952
Loss/MoCo,63050,2.125,1766383433.2307985
Loss/MoCo,63100,2.05078125,1766383543.4811702
Loss/MoCo,63150,1.7666015625,1766383658.5670207
Loss/MoCo,63200,2.021484375,1766383772.5034132
Loss/MoCo,63250,1.9912109375,1766383885.095104
Loss/MoCo,63300,1.84375,1766383995.9215207
Loss/MoCo,63350,1.8974609375,1766384104.3105676
Loss/MoCo,63400,2.1796875,1766384218.6635191
Loss/MoCo,63450,1.673828125,1766384327.471731
Loss/MoCo,63500,1.5595703125,1766384442.1519217
Loss/MoCo,63550,2.14453125,1766384555.97837
Loss/MoCo,63600,1.8720703125,1766384669.1922417
Loss/MoCo,63650,1.529296875,1766384782.4302316
Loss/MoCo,63700,2.15234375,1766384893.953986
Loss/MoCo,63750,1.919921875,1766385005.114748
Loss/MoCo,63800,1.984375,1766385119.272461
Loss/MoCo,63850,1.6044921875,1766385233.6152067
Loss/MoCo,63900,1.6953125,1766385349.3379567
Loss/MoCo,63950,1.919921875,1766385460.9784343
Loss/MoCo,64000,1.859375,1766385569.619502
Loss/MoCo,64050,1.96484375,1766385682.8849347
Loss/MoCo,64100,2.09375,1766385794.6384938
Loss/MoCo,64150,1.8828125,1766385911.7147617
Loss/MoCo,64200,1.853515625,1766386029.1859555
Loss/MoCo,64250,2.12109375,1766386148.0013602
Loss/MoCo,64300,1.76171875,1766386263.8315432
Loss/MoCo,64350,1.572265625,1766386377.736229
Loss/MoCo,64400,1.66015625,1766386495.121812
Loss/MoCo,64450,1.939453125,1766386608.3628995
Loss/MoCo,64500,2.087890625,1766386720.118494
Loss/MoCo,64550,1.939453125,1766386832.8149438
Loss/MoCo,64600,1.908203125,1766386945.312314
Loss/MoCo,64650,1.755859375,1766387058.643183
Loss/MoCo,64700,1.673828125,1766387168.6517637
Loss/MoCo,64750,1.921875,1766387279.2392538
Loss/MoCo,64800,1.9873046875,1766387389.9347067
Loss/MoCo,64850,1.896484375,1766387504.1394243
Loss/MoCo,64900,1.9326171875,1766387613.7225878
Loss/MoCo,64950,1.810546875,1766387727.7602382
Loss/MoCo,65000,1.9169921875,1766387838.1514053
Loss/MoCo,65050,1.955078125,1766387952.1849296
Loss/MoCo,65100,1.8037109375,1766388064.8678248
Loss/MoCo,65150,1.923828125,1766388176.8578606
Loss/MoCo,65200,1.822265625,1766388291.4931848
Loss/MoCo,65250,1.896484375,1766388403.3915718
Loss/MoCo,65300,1.9375,1766388517.4758584
Loss/MoCo,65350,1.8125,1766388627.8516805
Loss/MoCo,65400,1.763671875,1766388737.691965
Loss/MoCo,65450,2.1328125,1766388854.8722265
Loss/MoCo,65500,2.1015625,1766388967.9271636
Loss/MoCo,65550,2.154296875,1766389086.2012303
Loss/MoCo,65600,1.8427734375,1766389203.0470548
Loss/MoCo,65650,1.666015625,1766389316.8377018
Loss/MoCo,65700,1.861328125,1766389435.0516026
Loss/MoCo,65750,1.76171875,1766389548.2631552
Loss/MoCo,65800,1.73828125,1766389661.14847
Loss/MoCo,65850,1.927734375,1766389773.9553351
Loss/MoCo,65900,2.08203125,1766389888.406535
Loss/MoCo,65950,1.7578125,1766390002.4278731
Loss/MoCo,66000,1.6240234375,1766390114.0055654
Loss/MoCo,66050,1.8544921875,1766390231.100332
Loss/MoCo,66100,2.03515625,1766390343.327634
Loss/MoCo,66150,1.5703125,1766390455.0406997
Loss/MoCo,66200,2.083984375,1766390566.5383372
Loss/MoCo,66250,1.5859375,1766390679.9063444
Loss/MoCo,66300,2.265625,1766390793.6145952
Loss/MoCo,66350,1.8681640625,1766390905.2675552
Loss/MoCo,66400,2.263671875,1766391019.201578
Loss/MoCo,66450,1.9169921875,1766391132.5113788
Loss/MoCo,66500,2.001953125,1766391244.1661901
Loss/MoCo,66550,1.88671875,1766391358.396967
Loss/MoCo,66600,1.849609375,1766391469.6636171
Loss/MoCo,66650,2.05859375,1766391582.7521095
Loss/MoCo,66700,1.841796875,1766391698.1375213
Loss/MoCo,66750,2.181640625,1766391805.9018295
Loss/MoCo,66800,1.8876953125,1766391919.3004372
Loss/MoCo,66850,1.9580078125,1766392031.7836945
Loss/MoCo,66900,1.9931640625,1766392145.936179
Loss/MoCo,66950,1.68359375,1766392257.7090814
Loss/MoCo,67000,2.01953125,1766392370.6487973
Loss/MoCo,67050,1.982421875,1766392479.0997045
Loss/MoCo,67100,1.87890625,1766392592.1423645
Loss/MoCo,67150,1.7548828125,1766392703.7159865
Loss/MoCo,67200,2.0703125,1766392816.689328
Loss/MoCo,67250,1.599609375,1766392929.0103676
Loss/MoCo,67300,2.03515625,1766393043.2603102
Loss/MoCo,67350,1.703125,1766393156.6725254
Loss/MoCo,67400,2.2890625,1766393269.8632128
Loss/MoCo,67450,1.685546875,1766393382.9069777
Loss/MoCo,67500,2.08203125,1766393498.6567898
Loss/MoCo,67550,2.009765625,1766393609.8691947
Loss/MoCo,67600,1.5439453125,1766393725.8146758
Loss/MoCo,67650,2.08203125,1766393836.8380537
Loss/MoCo,67700,1.8779296875,1766393950.9384267
Loss/MoCo,67750,2.091796875,1766394061.816252
Loss/MoCo,67800,2.11328125,1766394170.5918276
Loss/MoCo,67850,1.6865234375,1766394282.085607
Loss/MoCo,67900,1.994140625,1766394396.833083
Loss/MoCo,67950,1.439453125,1766394513.7406466
Loss/MoCo,68000,1.68359375,1766394625.3078158
Loss/MoCo,68050,1.9501953125,1766394736.434103
Loss/MoCo,68100,2.06640625,1766394850.2112231
Loss/MoCo,68150,2.08984375,1766394960.346735
Loss/MoCo,68200,1.921875,1766395071.9706573
Loss/MoCo,68250,1.9287109375,1766395188.7984235
Loss/MoCo,68300,1.96484375,1766395302.7176945
Loss/MoCo,68350,1.857421875,1766395415.6245723
Loss/MoCo,68400,1.8046875,1766395530.4105754
Loss/MoCo,68450,2.30078125,1766395644.2172453
Loss/MoCo,68500,2.130859375,1766395757.9670196
Loss/MoCo,68550,1.84375,1766395870.8846474
Loss/MoCo,68600,2.03515625,1766395982.90481
Loss/MoCo,68650,2.416015625,1766396094.2333004
Loss/MoCo,68700,1.92578125,1766396207.7419827
Loss/MoCo,68750,1.716796875,1766396321.9660747
Loss/MoCo,68800,2.095703125,1766396436.2720468
Loss/MoCo,68850,2.111328125,1766396546.8090973
Loss/MoCo,68900,2.150390625,1766396661.3893502
Loss/MoCo,68950,2.171875,1766396775.6494236
Loss/MoCo,69000,1.755859375,1766396886.651938
Loss/MoCo,69050,1.7373046875,1766396999.1515408
Loss/MoCo,69100,1.88671875,1766397109.244968
Loss/MoCo,69150,2.017578125,1766397222.6185818
Loss/MoCo,69200,2.1328125,1766397337.878155
Loss/MoCo,69250,1.853515625,1766397449.320476
Loss/MoCo,69300,1.75,1766397561.0489886
Loss/MoCo,69350,2.005859375,1766397671.6858828
Loss/MoCo,69400,1.7421875,1766397783.4537122
Loss/MoCo,69450,2.3203125,1766397895.956269
Loss/MoCo,69500,1.9228515625,1766398006.161033
Loss/MoCo,69550,2.18359375,1766398121.715367
Loss/MoCo,69600,2.060546875,1766398235.5725868
Loss/MoCo,69650,1.87109375,1766398357.508562
Loss/MoCo,69700,2.013671875,1766398471.368671
Loss/MoCo,69750,1.806640625,1766398581.4224188
Loss/MoCo,69800,1.9736328125,1766398695.9957573
Loss/MoCo,69850,1.7802734375,1766398815.2459934
Loss/MoCo,69900,1.7109375,1766398931.2169042
Loss/MoCo,69950,1.64453125,1766399041.62475
Loss/MoCo,70000,2.12890625,1766399153.2449946
Loss/MoCo,70050,1.9609375,1766399265.585748
Loss/MoCo,70100,1.9833984375,1766399381.4013083
Loss/MoCo,70150,1.880859375,1766399493.4821644
Loss/MoCo,70200,1.748046875,1766399605.0902798
Loss/MoCo,70250,1.740234375,1766399717.8127959
Loss/MoCo,70300,1.630859375,1766399829.030077
Loss/MoCo,70350,1.787109375,1766399944.6006846
Loss/MoCo,70400,2.05078125,1766400058.946197
Loss/MoCo,70450,2.015625,1766400172.70161
Loss/MoCo,70500,1.82421875,1766400283.9435678
Loss/MoCo,70550,1.904296875,1766400397.2439356
Loss/MoCo,70600,2.453125,1766400509.5076456
Loss/MoCo,70650,2.01171875,1766400622.737527
Loss/MoCo,70700,1.8818359375,1766400736.0631342
Loss/MoCo,70750,2.20703125,1766400847.9100251
Loss/MoCo,70800,2.12109375,1766400961.733939
Loss/MoCo,70850,1.5849609375,1766401070.5301957
Loss/MoCo,70900,2.05078125,1766401186.1550374
Loss/MoCo,70950,2.26171875,1766401302.880945
Loss/MoCo,71000,2.11328125,1766401414.5141582
Loss/MoCo,71050,2.1484375,1766401525.1005373
Loss/MoCo,71100,1.91796875,1766401636.764287
Loss/MoCo,71150,1.8671875,1766401746.7702367
Loss/MoCo,71200,2.28515625,1766401856.6526556
Loss/MoCo,71250,1.4599609375,1766401969.276098
Loss/MoCo,71300,1.99609375,1766402079.3914802
Loss/MoCo,71350,1.8447265625,1766402192.7436078
Loss/MoCo,71400,1.92578125,1766402305.8476303
Loss/MoCo,71450,2.001953125,1766402415.689355
Loss/MoCo,71500,2.14453125,1766402524.7934322
Loss/MoCo,71550,1.9599609375,1766402637.198228
Loss/MoCo,71600,1.62109375,1766402752.394294
Loss/MoCo,71650,2.34765625,1766402864.569172
Loss/MoCo,71700,2.091796875,1766402980.0961857
Loss/MoCo,71750,1.51953125,1766403093.036272
Loss/MoCo,71800,1.796875,1766403203.474115
Loss/MoCo,71850,1.708984375,1766403311.6027138
Loss/MoCo,71900,1.99609375,1766403421.796079
Loss/MoCo,71950,1.4453125,1766403532.962777
Loss/MoCo,72000,1.7578125,1766403643.1937768
Loss/MoCo,72050,1.87890625,1766403760.1667166
Loss/MoCo,72100,2.0546875,1766403873.514833
Loss/MoCo,72150,1.5654296875,1766403986.2894852
Loss/MoCo,72200,1.806640625,1766404095.9278872
Loss/MoCo,72250,2.177734375,1766404210.6763797
Loss/MoCo,72300,1.771484375,1766404323.7507215
Loss/MoCo,72350,1.677734375,1766404434.4305558
Loss/MoCo,72400,2.046875,1766404543.8728929
Loss/MoCo,72450,1.619140625,1766404654.705353
Loss/MoCo,72500,1.8779296875,1766404765.5678384
Loss/MoCo,72550,1.837890625,1766404877.1112907
Loss/MoCo,72600,2.01171875,1766404987.7793558
Loss/MoCo,72650,2.083984375,1766405102.6955874
Loss/MoCo,72700,1.9208984375,1766405214.7021356
Loss/MoCo,72750,2.1875,1766405328.9097693
Loss/MoCo,72800,2.041015625,1766405438.644431
Loss/MoCo,72850,1.8505859375,1766405552.2936454
Loss/MoCo,72900,2.326171875,1766405664.9113734
Loss/MoCo,72950,2.00390625,1766405776.0899024
Loss/MoCo,73000,2.25390625,1766405888.0573053
Loss/MoCo,73050,2.1796875,1766405998.7552125
Loss/MoCo,73100,1.91796875,1766406113.6253173
Loss/MoCo,73150,2.046875,1766406226.7294235
Loss/MoCo,73200,2.38671875,1766406339.3067045
Loss/MoCo,73250,1.564453125,1766406449.374156
Loss/MoCo,73300,1.90625,1766406557.3313046
Loss/MoCo,73350,2.421875,1766406670.3284736
Loss/MoCo,73400,1.873046875,1766406784.095523
Loss/MoCo,73450,2.12109375,1766406898.2634997
Loss/MoCo,73500,2.296875,1766407010.2162213
Loss/MoCo,73550,2.109375,1766407123.8577511
Loss/MoCo,73600,2.1328125,1766407235.9387147
Loss/MoCo,73650,1.7216796875,1766407350.251476
Loss/MoCo,73700,2.1015625,1766407460.800713
Loss/MoCo,73750,2.21484375,1766407570.829214
Loss/MoCo,73800,2.06640625,1766407684.3316607
Loss/MoCo,73850,2.130859375,1766407798.691051
Loss/MoCo,73900,1.841796875,1766407912.6708014
Loss/MoCo,73950,2.388671875,1766408023.8826673
Loss/MoCo,74000,2.05078125,1766408136.5425718
Loss/MoCo,74050,2.0703125,1766408251.2085145
Loss/MoCo,74100,2.109375,1766408367.208078
Loss/MoCo,74150,1.92578125,1766408479.7471871
Loss/MoCo,74200,1.60546875,1766408591.9995804
Loss/MoCo,74250,2.27734375,1766408706.365208
Loss/MoCo,74300,1.984375,1766408818.6927547
Loss/MoCo,74350,2.21484375,1766408932.2150729
Loss/MoCo,74400,2.34375,1766409043.41837
Loss/MoCo,74450,1.734375,1766409158.1874764
Loss/MoCo,74500,1.7890625,1766409270.69592
Loss/MoCo,74550,2.06640625,1766409386.9836133
Loss/MoCo,74600,1.8046875,1766409498.704797
Loss/MoCo,74650,1.9921875,1766409612.729246
Loss/MoCo,74700,1.9765625,1766409720.3208413
Loss/MoCo,74750,2.54296875,1766409834.0850174
Loss/MoCo,74800,1.76953125,1766409946.6193388
Loss/MoCo,74850,2.0546875,1766410063.6837003
Loss/MoCo,74900,2.337890625,1766410177.372133
Loss/MoCo,74950,1.7265625,1766410290.1852324
Loss/MoCo,75000,2.00390625,1766410400.983298
Loss/MoCo,75050,2.08203125,1766410511.5015259
Loss/MoCo,75100,1.93359375,1766410622.1352534
Loss/MoCo,75150,2.453125,1766410732.3239443
Loss/MoCo,75200,2.01171875,1766410845.89053
Loss/MoCo,75250,1.724609375,1766410958.4215417
Loss/MoCo,75300,2.18359375,1766411071.2685823
Loss/MoCo,75350,1.9599609375,1766411188.212977
Loss/MoCo,75400,2.1640625,1766411303.6874647
Loss/MoCo,75450,2.171875,1766411415.2603412
Loss/MoCo,75500,2.05859375,1766411528.6068993
Loss/MoCo,75550,1.94140625,1766411642.5804863
Loss/MoCo,75600,2.296875,1766411753.7290173
Loss/MoCo,75650,2.03515625,1766411869.294813
Loss/MoCo,75700,1.4921875,1766411983.3267124
Loss/MoCo,75750,1.826171875,1766412095.3689387
Loss/MoCo,75800,1.8857421875,1766412206.9547205
Loss/MoCo,75850,2.0,1766412317.103412
Loss/MoCo,75900,1.8564453125,1766412432.0714667
Loss/MoCo,75950,1.8203125,1766412544.7413995
Loss/MoCo,76000,1.490234375,1766412654.7973845
Loss/MoCo,76050,2.283203125,1766412762.6182868
Loss/MoCo,76100,1.8955078125,1766412875.6667757
Loss/MoCo,76150,1.806640625,1766412987.2861362
Loss/MoCo,76200,1.796875,1766413099.6762738
Loss/MoCo,76250,1.654296875,1766413212.6404657
Loss/MoCo,76300,1.88671875,1766413325.8730583
Loss/MoCo,76350,1.89453125,1766413438.350523
Loss/MoCo,76400,2.3515625,1766413553.5282965
Loss/MoCo,76450,1.7734375,1766413667.7808654
Loss/MoCo,76500,1.990234375,1766413780.855237
Loss/MoCo,76550,1.986328125,1766413894.5094466
Loss/MoCo,76600,1.923828125,1766414008.5855033
Loss/MoCo,76650,1.6162109375,1766414121.0899522
Loss/MoCo,76700,1.6484375,1766414234.024711
Loss/MoCo,76750,1.97265625,1766414341.6940236
Loss/MoCo,76800,1.81640625,1766414452.225409
Loss/MoCo,76850,1.7822265625,1766414566.4090333
Loss/MoCo,76900,2.23828125,1766414676.5646415
Loss/MoCo,76950,1.994140625,1766414789.1853263
Loss/MoCo,77000,2.05859375,1766414902.544395
Loss/MoCo,77050,2.49609375,1766415014.5215957
Loss/MoCo,77100,2.388671875,1766415126.8207254
Loss/MoCo,77150,2.1171875,1766415237.3029923
Loss/MoCo,77200,1.8828125,1766415348.470353
Loss/MoCo,77250,1.79296875,1766415461.3712914
Loss/MoCo,77300,1.97265625,1766415573.836063
Loss/MoCo,77350,1.9375,1766415684.7206066
Loss/MoCo,77400,1.7119140625,1766415798.4182575
Loss/MoCo,77450,1.6923828125,1766415911.4516764
Loss/MoCo,77500,1.939453125,1766416021.9336364
Loss/MoCo,77550,1.623046875,1766416134.3391047
Loss/MoCo,77600,2.130859375,1766416246.7785375
Loss/MoCo,77650,2.44140625,1766416356.6282463
Loss/MoCo,77700,1.806640625,1766416470.6528478
Loss/MoCo,77750,1.970703125,1766416586.5797317
Loss/MoCo,77800,2.013671875,1766416704.5288146
Loss/MoCo,77850,2.40234375,1766416821.5804508
Loss/MoCo,77900,2.421875,1766416936.287887
Loss/MoCo,77950,1.96875,1766417048.1583645
Loss/MoCo,78000,2.71484375,1766417160.226052
Loss/MoCo,78050,1.642578125,1766417266.629741
Loss/MoCo,78100,2.08203125,1766417379.763887
Loss/MoCo,78150,2.509765625,1766417493.0483644
Loss/MoCo,78200,2.01953125,1766417607.8961034
Loss/MoCo,78250,1.8125,1766417717.3795533
Loss/MoCo,78300,2.22265625,1766417831.3186514
Loss/MoCo,78350,2.173828125,1766417944.4112635
Loss/MoCo,78400,1.8310546875,1766418058.4369762
Loss/MoCo,78450,1.9765625,1766418173.3353655
Loss/MoCo,78500,2.162109375,1766418286.5743825
Loss/MoCo,78550,2.27734375,1766418402.6393719
Loss/MoCo,78600,1.8291015625,1766418512.3712673
Loss/MoCo,78650,2.08984375,1766418625.7078779
Loss/MoCo,78700,2.009765625,1766418738.3037086
Loss/MoCo,78750,1.935546875,1766418852.2131343
Loss/MoCo,78800,2.3515625,1766418965.281027
Loss/MoCo,78850,2.021484375,1766419078.3959918
Loss/MoCo,78900,1.7890625,1766419191.6800053
Loss/MoCo,78950,2.16015625,1766419305.885137
Loss/MoCo,79000,2.07421875,1766419419.5668297
Loss/MoCo,79050,2.05078125,1766419533.4150867
Loss/MoCo,79100,1.826171875,1766419648.8805747
Loss/MoCo,79150,2.20703125,1766419762.315976
Loss/MoCo,79200,1.927734375,1766419878.9371884
Loss/MoCo,79250,2.1953125,1766419990.7951171
Loss/MoCo,79300,2.31640625,1766420103.754778
Loss/MoCo,79350,2.35546875,1766420218.937429
Loss/MoCo,79400,2.11328125,1766420333.1722918
Loss/MoCo,79450,1.72265625,1766420442.7090437
Loss/MoCo,79500,1.9228515625,1766420556.8188014
Loss/MoCo,79550,2.119140625,1766420667.313257
Loss/MoCo,79600,2.2734375,1766420779.934799
Loss/MoCo,79650,2.115234375,1766420893.0145075
Loss/MoCo,79700,2.43359375,1766421005.4916894
Loss/MoCo,79750,2.220703125,1766421113.2960846
Loss/MoCo,79800,2.296875,1766421227.3920321
Loss/MoCo,79850,1.9814453125,1766421343.1034505
Loss/MoCo,79900,2.337890625,1766421456.3743143
Loss/MoCo,79950,1.94921875,1766421568.7414968
Loss/MoCo,80000,1.4990234375,1766421680.2148542
Loss/MoCo,80050,2.154296875,1766421789.438592
Loss/MoCo,80100,1.6279296875,1766421900.7565672
Loss/MoCo,80150,1.705078125,1766422010.2978601
Loss/MoCo,80200,1.97265625,1766422120.8053584
Loss/MoCo,80250,1.919921875,1766422232.4280891
Loss/MoCo,80300,2.19140625,1766422348.5213964
Loss/MoCo,80350,2.0390625,1766422460.8940399
Loss/MoCo,80400,2.234375,1766422576.7960906
Loss/MoCo,80450,1.927734375,1766422689.4746826
Loss/MoCo,80500,1.626953125,1766422799.3666816
Loss/MoCo,80550,1.935546875,1766422912.8459527
Loss/MoCo,80600,1.7265625,1766423025.2213833
Loss/MoCo,80650,1.8076171875,1766423134.4901192
Loss/MoCo,80700,1.830078125,1766423248.1649914
Loss/MoCo,80750,1.80859375,1766423360.3351219
Loss/MoCo,80800,1.828125,1766423471.5012355
Loss/MoCo,80850,1.87109375,1766423584.9047852
Loss/MoCo,80900,1.8466796875,1766423698.9584448
Loss/MoCo,80950,1.8671875,1766423810.6201775
Loss/MoCo,81000,1.9345703125,1766423925.1800032
Loss/MoCo,81050,2.125,1766424034.5827136
Loss/MoCo,81100,1.921875,1766424141.3580823
Loss/MoCo,81150,2.19921875,1766424253.5034115
Loss/MoCo,81200,1.66796875,1766424364.3566577
Loss/MoCo,81250,1.8017578125,1766424470.6182137
Loss/MoCo,81300,1.90234375,1766424587.2497633
Loss/MoCo,81350,2.140625,1766424697.5109057
Loss/MoCo,81400,1.34765625,1766424810.7127576
Loss/MoCo,81450,1.6796875,1766424923.3490477
Loss/MoCo,81500,2.1484375,1766425035.73095
Loss/MoCo,81550,1.85546875,1766425146.3213506
Loss/MoCo,81600,1.900390625,1766425260.1903267
Loss/MoCo,81650,1.80859375,1766425374.7737103
Loss/MoCo,81700,1.6796875,1766425487.0654263
Loss/MoCo,81750,2.056640625,1766425601.8835697
Loss/MoCo,81800,2.01171875,1766425714.0272136
Loss/MoCo,81850,2.2265625,1766425826.580168
Loss/MoCo,81900,1.6708984375,1766425938.0396767
Loss/MoCo,81950,1.591796875,1766426052.073746
Loss/MoCo,82000,1.60546875,1766426164.6522398
Loss/MoCo,82050,2.1015625,1766426275.2097526
Loss/MoCo,82100,1.5732421875,1766426387.8558345
Loss/MoCo,82150,1.59765625,1766426497.812535
Loss/MoCo,82200,2.33984375,1766426612.2021544
Loss/MoCo,82250,1.884765625,1766426726.545339
Loss/MoCo,82300,1.8837890625,1766426838.7562826
Loss/MoCo,82350,2.078125,1766426950.7772436
Loss/MoCo,82400,1.7666015625,1766427062.722909
Loss/MoCo,82450,1.888671875,1766427173.4684427
Loss/MoCo,82500,2.16796875,1766427284.497928
Loss/MoCo,82550,2.044921875,1766427401.9640799
Loss/MoCo,82600,1.8984375,1766427514.5559697
Loss/MoCo,82650,2.01171875,1766427628.4979205
Loss/MoCo,82700,1.89453125,1766427738.7779205
Loss/MoCo,82750,1.931640625,1766427850.4164488
Loss/MoCo,82800,1.896484375,1766427965.377995
Loss/MoCo,82850,2.09765625,1766428076.4275737
Loss/MoCo,82900,2.05859375,1766428189.3405066
Loss/MoCo,82950,2.1015625,1766428301.872032
Loss/MoCo,83000,1.83984375,1766428409.3371701
Loss/MoCo,83050,1.853515625,1766428521.4618013
Loss/MoCo,83100,2.02734375,1766428631.6818793
Loss/MoCo,83150,1.75390625,1766428747.1709397
Loss/MoCo,83200,1.345703125,1766428859.148627
Loss/MoCo,83250,2.0546875,1766428974.1514304
Loss/MoCo,83300,1.79296875,1766429084.769823
Loss/MoCo,83350,1.7177734375,1766429194.7992804
Loss/MoCo,83400,1.939453125,1766429308.2393653
Loss/MoCo,83450,1.8828125,1766429423.1547146
Loss/MoCo,83500,1.767578125,1766429536.4637034
Loss/MoCo,83550,2.09765625,1766429650.5479474
Loss/MoCo,83600,1.884765625,1766429765.0166059
Loss/MoCo,83650,1.9248046875,1766429879.3096619
Loss/MoCo,83700,1.830078125,1766429991.57534
Loss/MoCo,83750,2.87890625,1766430106.8921301
Loss/MoCo,83800,1.95703125,1766430221.6641965
Loss/MoCo,83850,1.439453125,1766430333.7385492
Loss/MoCo,83900,1.982421875,1766430447.4693024
Loss/MoCo,83950,1.927734375,1766430557.930804
Loss/MoCo,84000,1.845703125,1766430671.9495096
Loss/MoCo,84050,1.9375,1766430783.5285017
Loss/MoCo,84100,2.015625,1766430897.8914263
Loss/MoCo,84150,1.984375,1766431010.8128905
Loss/MoCo,84200,1.62109375,1766431125.6084225
Loss/MoCo,84250,1.919921875,1766431238.1278253
Loss/MoCo,84300,1.615234375,1766431350.2771575
Loss/MoCo,84350,2.22265625,1766431462.468977
Loss/MoCo,84400,1.685546875,1766431577.3672237
Loss/MoCo,84450,1.580078125,1766431689.0842829
Loss/MoCo,84500,1.8994140625,1766431805.000943
Loss/MoCo,84550,2.03125,1766431921.5445051
Loss/MoCo,84600,1.900390625,1766432034.7294188
Loss/MoCo,84650,1.67578125,1766432144.9204102
Loss/MoCo,84700,1.82421875,1766432254.5079625
Loss/MoCo,84750,1.6298828125,1766432364.9987657
Loss/MoCo,84800,1.775390625,1766432479.7339141
Loss/MoCo,84850,1.92578125,1766432590.1443632
Loss/MoCo,84900,1.787109375,1766432703.2788963
Loss/MoCo,84950,2.01171875,1766432816.3293931
Loss/MoCo,85000,1.98046875,1766432931.0286236
Loss/MoCo,85050,1.9462890625,1766433044.1720693
Loss/MoCo,85100,2.025390625,1766433154.8604784
Loss/MoCo,85150,1.962890625,1766433269.0544353
Loss/MoCo,85200,1.9189453125,1766433378.6028109
Loss/MoCo,85250,1.90625,1766433492.6839058
Loss/MoCo,85300,1.947265625,1766433605.7614193
Loss/MoCo,85350,1.65234375,1766433720.64024
Loss/MoCo,85400,2.04296875,1766433833.9454088
Loss/MoCo,85450,2.123046875,1766433948.2645001
Loss/MoCo,85500,2.0625,1766434060.4267442
Loss/MoCo,85550,1.787109375,1766434172.7845712
Loss/MoCo,85600,1.716796875,1766434283.0727036
Loss/MoCo,85650,2.01171875,1766434395.057175
Loss/MoCo,85700,1.87890625,1766434508.4946039
Loss/MoCo,85750,1.80859375,1766434617.0197914
Loss/MoCo,85800,1.701171875,1766434729.3658104
Loss/MoCo,85850,2.029296875,1766434841.8952942
Loss/MoCo,85900,1.697265625,1766434957.4667008
Loss/MoCo,85950,2.15625,1766435069.781301
Loss/MoCo,86000,1.7236328125,1766435176.9586787
Loss/MoCo,86050,1.75,1766435290.9549663
Loss/MoCo,86100,2.169921875,1766435402.7986977
Loss/MoCo,86150,2.130859375,1766435515.4104054
Loss/MoCo,86200,2.080078125,1766435628.9285505
Loss/MoCo,86250,1.8154296875,1766435738.4152668
Loss/MoCo,86300,1.5625,1766435851.3694901
Loss/MoCo,86350,1.8310546875,1766435967.1163387
Loss/MoCo,86400,1.677734375,1766436080.2521505
Loss/MoCo,86450,1.7109375,1766436191.6382346
Loss/MoCo,86500,2.0703125,1766436300.8223662
Loss/MoCo,86550,2.203125,1766436412.7461512
Loss/MoCo,86600,2.09375,1766436526.7889342
Loss/MoCo,86650,1.9013671875,1766436640.140473
Loss/MoCo,86700,2.115234375,1766436756.5327225
Loss/MoCo,86750,1.9140625,1766436868.0283122
Loss/MoCo,86800,1.57421875,1766436981.729878
Loss/MoCo,86850,1.9140625,1766437095.0561547
Loss/MoCo,86900,1.6943359375,1766437207.7501662
Loss/MoCo,86950,1.90625,1766437321.9757047
Loss/MoCo,87000,1.865234375,1766437436.3279357
Loss/MoCo,87050,2.078125,1766437548.293307
Loss/MoCo,87100,1.9921875,1766437661.1205711
Loss/MoCo,87150,1.591796875,1766437771.895271
Loss/MoCo,87200,2.072265625,1766437882.63301
Loss/MoCo,87250,2.01171875,1766437996.6937976
Loss/MoCo,87300,1.99609375,1766438107.6588771
Loss/MoCo,87350,1.888671875,1766438222.6975622
Loss/MoCo,87400,1.43359375,1766438333.7039297
Loss/MoCo,87450,1.90625,1766438448.4589639
Loss/MoCo,87500,2.0859375,1766438557.2281513
Loss/MoCo,87550,1.7255859375,1766438667.8076882
Loss/MoCo,87600,2.056640625,1766438782.0401545
Loss/MoCo,87650,1.759765625,1766438894.7842507
Loss/MoCo,87700,1.7958984375,1766439013.5918782
Loss/MoCo,87750,1.904296875,1766439130.618636
Loss/MoCo,87800,1.4453125,1766439242.1845927
Loss/MoCo,87850,1.9208984375,1766439354.961219
Loss/MoCo,87900,1.326171875,1766439471.2453282
Loss/MoCo,87950,1.92578125,1766439585.0820684
Loss/MoCo,88000,2.1171875,1766439702.4215815
Loss/MoCo,88050,1.6923828125,1766439809.8789701
Loss/MoCo,88100,1.9091796875,1766439919.5112867
Loss/MoCo,88150,1.6875,1766440027.321612
Loss/MoCo,88200,1.609375,1766440139.7052085
Loss/MoCo,88250,2.3359375,1766440252.2936206
Loss/MoCo,88300,1.541015625,1766440366.712327
Loss/MoCo,88350,1.685546875,1766440481.0859733
Loss/MoCo,88400,1.90234375,1766440593.412515
Loss/MoCo,88450,2.015625,1766440710.015131
Loss/MoCo,88500,1.8369140625,1766440821.5052426
Loss/MoCo,88550,1.849609375,1766440934.480364
Loss/MoCo,88600,1.486328125,1766441045.452163
Loss/MoCo,88650,1.748046875,1766441163.150993
Loss/MoCo,88700,2.1171875,1766441276.6289723
Loss/MoCo,88750,1.6953125,1766441387.9412026
Loss/MoCo,88800,1.7841796875,1766441500.259041
Loss/MoCo,88850,1.587890625,1766441612.9884443
Loss/MoCo,88900,2.072265625,1766441727.5774565
Loss/MoCo,88950,1.990234375,1766441833.3590825
Loss/MoCo,89000,1.912109375,1766441946.7242303
Loss/MoCo,89050,1.6884765625,1766442060.9858172
Loss/MoCo,89100,2.11328125,1766442175.2705922
Loss/MoCo,89150,2.12890625,1766442289.6507752
Loss/MoCo,89200,2.640625,1766442403.056611
Loss/MoCo,89250,2.078125,1766442512.8630404
Loss/MoCo,89300,2.060546875,1766442627.0084114
Loss/MoCo,89350,2.09375,1766442742.0626657
Loss/MoCo,89400,2.2734375,1766442853.9285383
Loss/MoCo,89450,1.71484375,1766442968.1570954
Loss/MoCo,89500,1.900390625,1766443079.0344985
Loss/MoCo,89550,1.873046875,1766443191.7783
Loss/MoCo,89600,1.634765625,1766443301.777675
Loss/MoCo,89650,1.80078125,1766443417.1685512
Loss/MoCo,89700,1.681640625,1766443529.4090908
Loss/MoCo,89750,1.63671875,1766443641.7158942
Loss/MoCo,89800,1.974609375,1766443754.4559703
Loss/MoCo,89850,1.517578125,1766443866.0503373
Loss/MoCo,89900,1.73828125,1766443975.9097211
Loss/MoCo,89950,1.5361328125,1766444087.0127656
Loss/MoCo,90000,1.798828125,1766444199.935763
Loss/MoCo,90050,1.8564453125,1766444315.8365853
Loss/MoCo,90100,1.283203125,1766444430.684635
Loss/MoCo,90150,1.916015625,1766444543.0569618
Loss/MoCo,90200,2.322265625,1766444657.694031
Loss/MoCo,90250,1.62890625,1766444773.5816905
Loss/MoCo,90300,1.884765625,1766444886.1335292
Loss/MoCo,90350,1.666015625,1766444997.2784948
Loss/MoCo,90400,1.712890625,1766445110.8008456
Loss/MoCo,90450,1.642578125,1766445220.0214875
Loss/MoCo,90500,1.857421875,1766445332.698639
Loss/MoCo,90550,1.951171875,1766445445.3431294
Loss/MoCo,90600,1.703125,1766445557.7399662
Loss/MoCo,90650,1.94921875,1766445670.9588754
Loss/MoCo,90700,1.751953125,1766445780.4432259
Loss/MoCo,90750,2.232421875,1766445894.1080174
Loss/MoCo,90800,1.93359375,1766446005.2037997
Loss/MoCo,90850,1.9326171875,1766446116.9996183
Loss/MoCo,90900,1.462890625,1766446230.2115676
Loss/MoCo,90950,2.1640625,1766446340.2768323
Loss/MoCo,91000,1.71484375,1766446455.4870706
Loss/MoCo,91050,1.681640625,1766446568.2662275
Loss/MoCo,91100,1.5146484375,1766446681.345882
Loss/MoCo,91150,1.552734375,1766446794.8470438
Loss/MoCo,91200,2.10546875,1766446908.8832898
Loss/MoCo,91250,1.6279296875,1766447022.0483613
Loss/MoCo,91300,1.9140625,1766447133.356007
Loss/MoCo,91350,1.54296875,1766447244.3066578
Loss/MoCo,91400,1.939453125,1766447356.7534873
Loss/MoCo,91450,2.30859375,1766447466.2511585
Loss/MoCo,91500,1.955078125,1766447576.5222507
Loss/MoCo,91550,1.533203125,1766447684.6028986
Loss/MoCo,91600,1.9453125,1766447799.4805238
Loss/MoCo,91650,1.669921875,1766447914.0193703
Loss/MoCo,91700,2.13671875,1766448029.4180453
Loss/MoCo,91750,1.8115234375,1766448141.915721
Loss/MoCo,91800,1.810546875,1766448252.7315269
Loss/MoCo,91850,2.10546875,1766448366.8467097
Loss/MoCo,91900,2.0,1766448476.5608017
Loss/MoCo,91950,1.896484375,1766448587.8027391
Loss/MoCo,92000,1.5458984375,1766448697.3316336
Loss/MoCo,92050,1.5439453125,1766448812.1138356
Loss/MoCo,92100,1.68359375,1766448925.2317364
Loss/MoCo,92150,1.8515625,1766449042.2993076
Loss/MoCo,92200,1.7119140625,1766449152.2052705
Loss/MoCo,92250,2.125,1766449262.3077464
Loss/MoCo,92300,1.34765625,1766449374.1374454
Loss/MoCo,92350,2.00390625,1766449485.0985239
Loss/MoCo,92400,2.025390625,1766449599.0162086
Loss/MoCo,92450,2.05859375,1766449711.3721015
Loss/MoCo,92500,1.982421875,1766449821.793418
Loss/MoCo,92550,2.095703125,1766449931.2774963
Loss/MoCo,92600,1.630859375,1766450044.9155161
Loss/MoCo,92650,1.9765625,1766450156.7838314
Loss/MoCo,92700,1.736328125,1766450271.2418873
Loss/MoCo,92750,1.7841796875,1766450380.0096138
Loss/MoCo,92800,1.84765625,1766450493.683375
Loss/MoCo,92850,1.9814453125,1766450609.0022888
Loss/MoCo,92900,1.85546875,1766450722.7632785
Loss/MoCo,92950,1.42578125,1766450832.4039729
Loss/MoCo,93000,1.859375,1766450941.3533022
Loss/MoCo,93050,2.177734375,1766451054.4099329
Loss/MoCo,93100,1.48046875,1766451166.7828598
Loss/MoCo,93150,1.662109375,1766451278.3961337
Loss/MoCo,93200,1.7880859375,1766451390.412701
Loss/MoCo,93250,1.8486328125,1766451507.314091
Loss/MoCo,93300,2.11328125,1766451618.9641733
Loss/MoCo,93350,2.10546875,1766451730.2622635
Loss/MoCo,93400,1.763671875,1766451845.1463296
Loss/MoCo,93450,2.142578125,1766451960.5578136
Loss/MoCo,93500,2.0234375,1766452072.9524167
Loss/MoCo,93550,1.765625,1766452184.9924593
Loss/MoCo,93600,2.1015625,1766452302.744537
Loss/MoCo,93650,2.123046875,1766452410.7587516
Loss/MoCo,93700,1.646484375,1766452519.3342843
Loss/MoCo,93750,1.9638671875,1766452629.3292427
Loss/MoCo,93800,1.591796875,1766452743.64237
Loss/MoCo,93850,1.9853515625,1766452857.2077596
Loss/MoCo,93900,1.755859375,1766452971.5112348
Loss/MoCo,93950,1.80859375,1766453084.0895345
Loss/MoCo,94000,1.87890625,1766453194.5167332
Loss/MoCo,94050,2.2265625,1766453308.622955
Loss/MoCo,94100,1.79296875,1766453419.4516807
Loss/MoCo,94150,1.974609375,1766453533.665442
Loss/MoCo,94200,1.828125,1766453644.6802444
Loss/MoCo,94250,1.705078125,1766453758.7652078
Loss/MoCo,94300,2.31640625,1766453870.6902778
Loss/MoCo,94350,1.8564453125,1766453984.7426565
Loss/MoCo,94400,2.015625,1766454098.1959186
Loss/MoCo,94450,2.12109375,1766454211.9333549
Loss/MoCo,94500,2.244140625,1766454325.8780751
Loss/MoCo,94550,1.96875,1766454436.5231287
Loss/MoCo,94600,1.869140625,1766454546.355026
Loss/MoCo,94650,1.6875,1766454658.8312922
Loss/MoCo,94700,1.908203125,1766454772.7286723
Loss/MoCo,94750,1.98828125,1766454884.6502705
Loss/MoCo,94800,2.142578125,1766454995.2417552
Loss/MoCo,94850,2.1875,1766455108.4845607
Loss/MoCo,94900,1.419921875,1766455218.7678888
Loss/MoCo,94950,1.9921875,1766455330.9537485
Loss/MoCo,95000,1.7880859375,1766455442.805114
Loss/MoCo,95050,1.869140625,1766455553.7197118
Loss/MoCo,95100,1.58203125,1766455665.9018087
Loss/MoCo,95150,2.009765625,1766455778.6535933
Loss/MoCo,95200,1.884765625,1766455890.989987
Loss/MoCo,95250,1.9697265625,1766456000.687688
Loss/MoCo,95300,1.962890625,1766456116.1624062
Loss/MoCo,95350,2.0,1766456224.4250865
Loss/MoCo,95400,1.87890625,1766456339.5240784
Loss/MoCo,95450,1.990234375,1766456451.49651
Loss/MoCo,95500,1.875,1766456562.5842829
Loss/MoCo,95550,1.759765625,1766456675.4678907
Loss/MoCo,95600,1.7353515625,1766456788.2482553
Loss/MoCo,95650,1.4423828125,1766456901.975292
Loss/MoCo,95700,1.982421875,1766457018.1815877
Loss/MoCo,95750,1.6025390625,1766457130.4092443
Loss/MoCo,95800,1.658203125,1766457244.8137367
Loss/MoCo,95850,1.4873046875,1766457356.129951
Loss/MoCo,95900,1.943359375,1766457466.388596
Loss/MoCo,95950,1.77734375,1766457574.0687296
Loss/MoCo,96000,2.1953125,1766457689.60943
Loss/MoCo,96050,1.40234375,1766457802.0505042
Loss/MoCo,96100,1.80078125,1766457914.634345
Loss/MoCo,96150,1.7890625,1766458029.209093
Loss/MoCo,96200,1.5380859375,1766458145.5174935
Loss/MoCo,96250,1.923828125,1766458256.3726244
Loss/MoCo,96300,2.06640625,1766458368.5853043
Loss/MoCo,96350,2.07421875,1766458481.8616977
Loss/MoCo,96400,2.1875,1766458593.3647172
Loss/MoCo,96450,1.958984375,1766458704.97785
Loss/MoCo,96500,1.890625,1766458816.6941426
Loss/MoCo,96550,1.40625,1766458927.3714476
Loss/MoCo,96600,1.69921875,1766459040.887407
Loss/MoCo,96650,1.921875,1766459153.8012586
Loss/MoCo,96700,1.525390625,1766459267.6338508
Loss/MoCo,96750,1.947265625,1766459378.1986685
Loss/MoCo,96800,1.75390625,1766459486.3992157
Loss/MoCo,96850,1.828125,1766459602.020572
Loss/MoCo,96900,1.494140625,1766459716.8212545
Loss/MoCo,96950,1.810546875,1766459824.9537277
Loss/MoCo,97000,2.16796875,1766459936.3572328
Loss/MoCo,97050,1.5927734375,1766460049.541327
Loss/MoCo,97100,1.9912109375,1766460161.3243017
Loss/MoCo,97150,1.95703125,1766460272.0178194
Loss/MoCo,97200,1.625,1766460387.2264392
Loss/MoCo,97250,1.3837890625,1766460500.4994965
Loss/MoCo,97300,1.9482421875,1766460612.017892
Loss/MoCo,97350,1.607421875,1766460720.4015849
Loss/MoCo,97400,1.8046875,1766460834.1773708
Loss/MoCo,97450,1.908203125,1766460946.5567338
Loss/MoCo,97500,1.7724609375,1766461060.677443
Loss/MoCo,97550,1.99609375,1766461167.8052213
Loss/MoCo,97600,1.75,1766461279.297763
Loss/MoCo,97650,1.65234375,1766461392.3202114
Loss/MoCo,97700,1.880859375,1766461503.745488
Loss/MoCo,97750,1.576171875,1766461617.8311443
Loss/MoCo,97800,1.984375,1766461729.5842109
Loss/MoCo,97850,1.63671875,1766461842.0472357
Loss/MoCo,97900,1.8564453125,1766461957.5546958
Loss/MoCo,97950,1.7265625,1766462075.523297
Loss/MoCo,98000,1.564453125,1766462187.7216563
Loss/MoCo,98050,1.4365234375,1766462302.1686337
Loss/MoCo,98100,2.34375,1766462414.9857664
Loss/MoCo,98150,1.806640625,1766462524.8872092
Loss/MoCo,98200,1.4853515625,1766462634.5648463
Loss/MoCo,98250,1.87109375,1766462746.5142305
Loss/MoCo,98300,1.5771484375,1766462860.4537592
Loss/MoCo,98350,1.5390625,1766462973.2840054
Loss/MoCo,98400,2.171875,1766463086.4022148
Loss/MoCo,98450,1.7119140625,1766463201.5861409
Loss/MoCo,98500,2.08203125,1766463314.744624
Loss/MoCo,98550,1.806640625,1766463427.30063
Loss/MoCo,98600,1.68359375,1766463539.569009
Loss/MoCo,98650,1.759765625,1766463653.1820083
Loss/MoCo,98700,2.09765625,1766463764.336802
Loss/MoCo,98750,1.662109375,1766463879.5816326
Loss/MoCo,98800,1.5302734375,1766463992.8329432
Loss/MoCo,98850,1.6904296875,1766464103.4157088
Loss/MoCo,98900,2.583984375,1766464216.963713
Loss/MoCo,98950,1.875,1766464325.5956364
Loss/MoCo,99000,2.1328125,1766464437.6023686
Loss/MoCo,99050,2.00390625,1766464553.128458
Loss/MoCo,99100,1.9423828125,1766464667.4515426
Loss/MoCo,99150,1.826171875,1766464779.1763432
Loss/MoCo,99200,1.9677734375,1766464890.361272
Loss/MoCo,99250,2.01171875,1766465003.7662494
Loss/MoCo,99300,1.6064453125,1766465118.318512
Loss/MoCo,99350,1.66015625,1766465234.2208817
Loss/MoCo,99400,2.0,1766465343.010822
Loss/MoCo,99450,1.884765625,1766465452.531688
Loss/MoCo,99500,1.625,1766465566.4125404
Loss/MoCo,99550,2.056640625,1766465682.3520374
Loss/MoCo,99600,2.1171875,1766465794.260857
Loss/MoCo,99650,2.01953125,1766465902.5066104
Loss/MoCo,99700,1.7578125,1766466016.4754732
Loss/MoCo,99750,1.8076171875,1766466130.061467
Loss/MoCo,99800,1.6416015625,1766466240.108139
Loss/MoCo,99850,1.8203125,1766466353.9671323
Loss/MoCo,99900,1.783203125,1766466466.561061
Loss/MoCo,99950,1.62890625,1766466581.0312243
Loss/MoCo,100000,1.810546875,1766466692.971615
Loss/MoCo,100050,1.982421875,1766466806.5630572
Loss/MoCo,100100,2.037109375,1766466923.5681732
Loss/MoCo,100150,2.0078125,1766467035.9880385
Loss/MoCo,100200,1.7578125,1766467146.5979323
Loss/MoCo,100250,1.931640625,1766467260.798597
Loss/MoCo,100300,1.802734375,1766467377.5261264
Loss/MoCo,100350,1.64453125,1766467489.943353
Loss/MoCo,100400,1.8251953125,1766467604.546246
Loss/MoCo,100450,1.8515625,1766467719.1946607
Loss/MoCo,100500,1.6064453125,1766467832.6638901
Loss/MoCo,100550,1.77734375,1766467943.3523076
Loss/MoCo,100600,1.486328125,1766468058.8055718
Loss/MoCo,100650,1.9658203125,1766468175.4801488
Loss/MoCo,100700,1.9326171875,1766468290.5216572
Loss/MoCo,100750,1.96484375,1766468403.8011754
Loss/MoCo,100800,1.849609375,1766468516.0033069
Loss/MoCo,100850,1.681640625,1766468626.429608
Loss/MoCo,100900,1.7578125,1766468740.1196878
Loss/MoCo,100950,2.02734375,1766468855.0391328
Loss/MoCo,101000,1.90625,1766468966.630028
Loss/MoCo,101050,2.18359375,1766469080.5048106
Loss/MoCo,101100,1.7841796875,1766469192.2136114
Loss/MoCo,101150,1.859375,1766469302.5309277
Loss/MoCo,101200,1.7314453125,1766469413.8443477
Loss/MoCo,101250,1.7607421875,1766469528.7757018
Loss/MoCo,101300,2.259765625,1766469642.0634654
Loss/MoCo,101350,1.666015625,1766469751.351585
Loss/MoCo,101400,1.599609375,1766469862.4520643
Loss/MoCo,101450,1.84375,1766469973.4386497
Loss/MoCo,101500,2.095703125,1766470084.3398857
Loss/MoCo,101550,1.7197265625,1766470194.1704032
Loss/MoCo,101600,1.826171875,1766470307.926396
Loss/MoCo,101650,1.841796875,1766470420.9881802
Loss/MoCo,101700,2.3046875,1766470534.0422504
Loss/MoCo,101750,1.9873046875,1766470652.291963
Loss/MoCo,101800,1.607421875,1766470761.3458786
Loss/MoCo,101850,1.78515625,1766470874.081899
Loss/MoCo,101900,1.6298828125,1766470990.5659347
Loss/MoCo,101950,1.7578125,1766471107.1486993
Loss/MoCo,102000,1.791015625,1766471219.282583
Loss/MoCo,102050,1.8935546875,1766471331.076278
Loss/MoCo,102100,1.427734375,1766471441.2215889
Loss/MoCo,102150,2.40625,1766471554.1848981
Loss/MoCo,102200,1.775390625,1766471667.4416008
Loss/MoCo,102250,1.7041015625,1766471782.2805762
Loss/MoCo,102300,1.7685546875,1766471892.2401843
Loss/MoCo,102350,2.03515625,1766472005.552959
Loss/MoCo,102400,1.7216796875,1766472118.915018
Loss/MoCo,102450,1.62109375,1766472232.6579347
Loss/MoCo,102500,1.802734375,1766472344.2052534
Loss/MoCo,102550,2.078125,1766472451.748684
Loss/MoCo,102600,2.26953125,1766472558.3874676
Loss/MoCo,102650,1.8232421875,1766472669.58976
Loss/MoCo,102700,1.771484375,1766472781.5839522
Loss/MoCo,102750,1.8896484375,1766472890.4763386
Loss/MoCo,102800,1.7978515625,1766473003.3259308
Loss/MoCo,102850,1.435546875,1766473114.407296
Loss/MoCo,102900,2.236328125,1766473228.2355053
Loss/MoCo,102950,1.3984375,1766473342.9940977
Loss/MoCo,103000,2.07421875,1766473455.2799857
Loss/MoCo,103050,1.3583984375,1766473568.1458852
Loss/MoCo,103100,1.9111328125,1766473680.8576381
Loss/MoCo,103150,1.6328125,1766473795.851601
Loss/MoCo,103200,1.76171875,1766473907.519379
Loss/MoCo,103250,1.609375,1766474020.065005
Loss/MoCo,103300,1.28125,1766474135.6015565
Loss/MoCo,103350,1.56640625,1766474247.3821497
Loss/MoCo,103400,1.7255859375,1766474358.6858432
Loss/MoCo,103450,1.748046875,1766474468.3052433
Loss/MoCo,103500,2.14453125,1766474587.4922676
Loss/MoCo,103550,1.693359375,1766474700.3189344
Loss/MoCo,103600,1.71484375,1766474810.9775867
Loss/MoCo,103650,1.544921875,1766474922.386469
Loss/MoCo,103700,1.521484375,1766475035.5639532
Loss/MoCo,103750,1.83984375,1766475150.3306336
Loss/MoCo,103800,1.27734375,1766475262.0934603
Loss/MoCo,103850,1.931640625,1766475373.82773
Loss/MoCo,103900,1.630859375,1766475487.1333358
Loss/MoCo,103950,1.732421875,1766475600.3557634
Loss/MoCo,104000,1.8193359375,1766475714.1631682
Loss/MoCo,104050,1.689453125,1766475828.2411401
Loss/MoCo,104100,1.4306640625,1766475937.874633
Loss/MoCo,104150,2.06640625,1766476047.7627213
Loss/MoCo,104200,2.171875,1766476161.6528149
Loss/MoCo,104250,1.96484375,1766476276.9029877
Loss/MoCo,104300,1.99609375,1766476387.0408256
Loss/MoCo,104350,2.349609375,1766476500.3855674
Loss/MoCo,104400,1.6787109375,1766476614.1439326
Loss/MoCo,104450,1.68359375,1766476724.719972
Loss/MoCo,104500,1.5087890625,1766476838.5838356
Loss/MoCo,104550,1.42578125,1766476951.883589
Loss/MoCo,104600,2.166015625,1766477061.612424
Loss/MoCo,104650,1.9296875,1766477176.3936532
Loss/MoCo,104700,1.72265625,1766477286.6050382
Loss/MoCo,104750,1.671875,1766477400.2619135
Loss/MoCo,104800,2.04296875,1766477515.961523
Loss/MoCo,104850,1.73828125,1766477625.9456928
Loss/MoCo,104900,1.6015625,1766477743.070778
Loss/MoCo,104950,1.6513671875,1766477856.7173538
Loss/MoCo,105000,1.61328125,1766477972.500352
Loss/MoCo,105050,1.72265625,1766478084.7929497
Loss/MoCo,105100,1.900390625,1766478201.55117
Loss/MoCo,105150,1.923828125,1766478314.5050755
Loss/MoCo,105200,2.041015625,1766478426.7785807
Loss/MoCo,105250,1.626953125,1766478535.745377
Loss/MoCo,105300,1.9599609375,1766478648.2058258
Loss/MoCo,105350,1.865234375,1766478762.072886
Loss/MoCo,105400,1.935546875,1766478877.9100122
Loss/MoCo,105450,1.865234375,1766478990.2789874
Loss/MoCo,105500,2.046875,1766479101.1027038
Loss/MoCo,105550,1.6416015625,1766479210.4612324
Loss/MoCo,105600,2.07421875,1766479322.3873575
Loss/MoCo,105650,1.7978515625,1766479435.8102686
Loss/MoCo,105700,2.068359375,1766479550.5712218
Loss/MoCo,105750,1.748046875,1766479662.6884418
Loss/MoCo,105800,1.814453125,1766479778.8268511
Loss/MoCo,105850,1.70703125,1766479893.698419
Loss/MoCo,105900,1.8984375,1766480006.6693552
Loss/MoCo,105950,1.662109375,1766480117.9510605
Loss/MoCo,106000,1.986328125,1766480232.1565318
Loss/MoCo,106050,1.4697265625,1766480348.2510145
Loss/MoCo,106100,1.904296875,1766480464.4690802
Loss/MoCo,106150,2.1484375,1766480579.033807
Loss/MoCo,106200,1.55078125,1766480688.179479
Loss/MoCo,106250,1.859375,1766480804.6266944
Loss/MoCo,106300,1.658203125,1766480919.027025
Loss/MoCo,106350,1.7568359375,1766481032.432104
Loss/MoCo,106400,2.24609375,1766481142.5659947
Loss/MoCo,106450,1.70703125,1766481256.7027943
Loss/MoCo,106500,1.609375,1766481367.5119517
Loss/MoCo,106550,1.703125,1766481485.2971096
Loss/MoCo,106600,1.8134765625,1766481596.7090333
Loss/MoCo,106650,1.74609375,1766481706.8633842
Loss/MoCo,106700,1.7373046875,1766481817.2160444
Loss/MoCo,106750,1.994140625,1766481929.8616672
Loss/MoCo,106800,2.0234375,1766482040.9752696
Loss/MoCo,106850,1.4599609375,1766482154.4145887
Loss/MoCo,106900,1.6533203125,1766482270.2632096
Loss/MoCo,106950,1.68359375,1766482382.551518
Loss/MoCo,107000,1.578125,1766482493.771314
Loss/MoCo,107050,1.958984375,1766482608.2589383
Loss/MoCo,107100,2.0390625,1766482724.4248137
Loss/MoCo,107150,1.92578125,1766482840.7126534
Loss/MoCo,107200,1.830078125,1766482953.7628198
Loss/MoCo,107250,2.03515625,1766483068.7130215
Loss/MoCo,107300,1.58203125,1766483180.1534095
Loss/MoCo,107350,1.9794921875,1766483290.9341865
Loss/MoCo,107400,1.984375,1766483402.6589422
Loss/MoCo,107450,1.9169921875,1766483517.034098
Loss/MoCo,107500,1.79296875,1766483634.8967788
Loss/MoCo,107550,1.892578125,1766483749.0635993
Loss/MoCo,107600,1.8984375,1766483865.3277364
Loss/MoCo,107650,1.82421875,1766483980.2505643
Loss/MoCo,107700,1.9326171875,1766484085.3059585
Loss/MoCo,107750,1.857421875,1766484198.5507414
Loss/MoCo,107800,1.931640625,1766484311.0624843
Loss/MoCo,107850,2.06640625,1766484420.6610224
Loss/MoCo,107900,1.7724609375,1766484530.5211232
Loss/MoCo,107950,2.158203125,1766484646.504684
Loss/MoCo,108000,1.806640625,1766484762.9040964
Loss/MoCo,108050,1.794921875,1766484873.6855066
Loss/MoCo,108100,1.7353515625,1766484991.6243386
Loss/MoCo,108150,2.05859375,1766485107.5163832
Loss/MoCo,108200,1.54296875,1766485221.914614
Loss/MoCo,108250,1.333984375,1766485336.328366
Loss/MoCo,108300,1.7578125,1766485451.099164
Loss/MoCo,108350,1.638671875,1766485565.8878615
Loss/MoCo,108400,1.609375,1766485679.1366556
Loss/MoCo,108450,1.7412109375,1766485789.0670288
Loss/MoCo,108500,1.681640625,1766485900.1104789
Loss/MoCo,108550,2.412109375,1766486009.841635
Loss/MoCo,108600,1.62109375,1766486124.6588144
Loss/MoCo,108650,1.736328125,1766486237.5445783
Loss/MoCo,108700,1.677734375,1766486350.9514742
Loss/MoCo,108750,1.68359375,1766486462.5735006
Loss/MoCo,108800,2.171875,1766486573.6965497
Loss/MoCo,108850,1.5732421875,1766486690.924854
Loss/MoCo,108900,1.837890625,1766486803.1598203
Loss/MoCo,108950,2.001953125,1766486913.3785455
Loss/MoCo,109000,1.98828125,1766487024.8461413
Loss/MoCo,109050,1.75390625,1766487136.9716206
Loss/MoCo,109100,2.052734375,1766487250.1413548
Loss/MoCo,109150,1.9296875,1766487363.5528116
Loss/MoCo,109200,1.734375,1766487475.4073522
Loss/MoCo,109250,1.3671875,1766487587.2580476
Loss/MoCo,109300,1.9619140625,1766487699.7476933
Loss/MoCo,109350,1.8017578125,1766487811.870459
Loss/MoCo,109400,1.912109375,1766487925.041308
Loss/MoCo,109450,1.78515625,1766488037.358448
Loss/MoCo,109500,1.541015625,1766488148.929088
Loss/MoCo,109550,1.6455078125,1766488259.5257452
Loss/MoCo,109600,1.56640625,1766488374.631659
Loss/MoCo,109650,2.43359375,1766488488.291186
Loss/MoCo,109700,2.1328125,1766488599.0849977
Loss/MoCo,109750,1.421875,1766488708.0136592
Loss/MoCo,109800,1.470703125,1766488821.7138035
Loss/MoCo,109850,1.583984375,1766488931.1594625
Loss/MoCo,109900,1.77734375,1766489041.6233144
Loss/MoCo,109950,1.3515625,1766489152.6881406
Loss/MoCo,110000,1.806640625,1766489267.3934956
Loss/MoCo,110050,2.03125,1766489381.8713393
Loss/MoCo,110100,1.64453125,1766489490.8706741
Loss/MoCo,110150,1.5859375,1766489602.0991619
Loss/MoCo,110200,2.05078125,1766489715.111445
Loss/MoCo,110250,1.646484375,1766489827.7854097
Loss/MoCo,110300,1.66015625,1766489940.3818288
Loss/MoCo,110350,1.513671875,1766490053.3222675
Loss/MoCo,110400,1.9306640625,1766490163.5119226
Loss/MoCo,110450,1.701171875,1766490275.656965
Loss/MoCo,110500,1.5947265625,1766490389.331005
Loss/MoCo,110550,1.701171875,1766490503.5128124
Loss/MoCo,110600,1.509765625,1766490613.2212977
Loss/MoCo,110650,1.66796875,1766490726.8809328
Loss/MoCo,110700,1.396484375,1766490837.790847
Loss/MoCo,110750,1.8203125,1766490950.0877633
Loss/MoCo,110800,1.7451171875,1766491061.569307
Loss/MoCo,110850,1.5322265625,1766491173.3112226
Loss/MoCo,110900,1.9873046875,1766491289.85251
Loss/MoCo,110950,1.755859375,1766491406.2206888
Loss/MoCo,111000,1.77734375,1766491520.7681358
Loss/MoCo,111050,1.9541015625,1766491634.411872
Loss/MoCo,111100,1.896484375,1766491746.975037
Loss/MoCo,111150,1.7666015625,1766491860.2479208
Loss/MoCo,111200,1.8720703125,1766491974.6438181
Loss/MoCo,111250,1.93359375,1766492083.0733414
Loss/MoCo,111300,2.01171875,1766492193.370914
Loss/MoCo,111350,1.4296875,1766492305.3090107
Loss/MoCo,111400,1.28125,1766492415.8680782
Loss/MoCo,111450,1.8916015625,1766492526.183196
Loss/MoCo,111500,1.837890625,1766492640.7865684
Loss/MoCo,111550,2.078125,1766492755.69052
Loss/MoCo,111600,1.59375,1766492870.8163722
Loss/MoCo,111650,1.5908203125,1766492982.109332
Loss/MoCo,111700,1.8193359375,1766493097.7684507
Loss/MoCo,111750,1.873046875,1766493208.9826207
Loss/MoCo,111800,1.9248046875,1766493325.027545
Loss/MoCo,111850,1.8017578125,1766493436.2485976
Loss/MoCo,111900,1.1318359375,1766493546.8604498
Loss/MoCo,111950,1.5791015625,1766493659.4744117
Loss/MoCo,112000,1.80859375,1766493771.2569063
Loss/MoCo,112050,1.908203125,1766493883.1904254
Loss/MoCo,112100,1.6591796875,1766493998.545411
Loss/MoCo,112150,1.474609375,1766494109.4596364
Loss/MoCo,112200,1.580078125,1766494220.2759113
Loss/MoCo,112250,2.00390625,1766494329.473226
Loss/MoCo,112300,2.140625,1766494439.838911
Loss/MoCo,112350,2.12109375,1766494553.0127995
Loss/MoCo,112400,1.609375,1766494664.9834862
Loss/MoCo,112450,1.9560546875,1766494776.7294407
Loss/MoCo,112500,1.337890625,1766494890.2574935
Loss/MoCo,112550,2.005859375,1766495003.0242364
Loss/MoCo,112600,2.001953125,1766495113.629464
Loss/MoCo,112650,1.81640625,1766495221.9372575
Loss/MoCo,112700,1.8466796875,1766495333.9911392
Loss/MoCo,112750,1.6552734375,1766495448.1334443
Loss/MoCo,112800,1.53515625,1766495559.4175746
Loss/MoCo,112850,2.048828125,1766495672.9114935
Loss/MoCo,112900,1.8896484375,1766495780.8063016
Loss/MoCo,112950,1.978515625,1766495891.6942148
Loss/MoCo,113000,1.89453125,1766496004.8157175
Loss/MoCo,113050,1.4228515625,1766496118.1450095
Loss/MoCo,113100,1.7841796875,1766496233.0809662
Loss/MoCo,113150,2.00390625,1766496342.8301816
Loss/MoCo,113200,1.7265625,1766496455.7164872
Loss/MoCo,113250,2.015625,1766496569.2276208
Loss/MoCo,113300,1.7421875,1766496683.1775465
Loss/MoCo,113350,1.5615234375,1766496795.6405933
Loss/MoCo,113400,1.580078125,1766496909.082383
Loss/MoCo,113450,1.7177734375,1766497020.3905997
Loss/MoCo,113500,1.4921875,1766497131.1263251
Loss/MoCo,113550,1.884765625,1766497241.758601
Loss/MoCo,113600,1.5771484375,1766497354.9977894
Loss/MoCo,113650,2.14453125,1766497465.348712
Loss/MoCo,113700,2.05859375,1766497579.139358
Loss/MoCo,113750,1.81640625,1766497696.6594863
Loss/MoCo,113800,1.78515625,1766497806.3557887
Loss/MoCo,113850,1.611328125,1766497918.891358
Loss/MoCo,113900,2.00390625,1766498033.146847
Loss/MoCo,113950,1.265625,1766498144.8982341
Loss/MoCo,114000,1.904296875,1766498254.0073586
Loss/MoCo,114050,1.8046875,1766498365.8379536
Loss/MoCo,114100,1.62890625,1766498478.0281641
Loss/MoCo,114150,1.529296875,1766498590.3279696
Loss/MoCo,114200,1.615234375,1766498707.0065973
Loss/MoCo,114250,1.58203125,1766498816.8387775
Loss/MoCo,114300,1.830078125,1766498925.8804085
Loss/MoCo,114350,1.734375,1766499034.7525542
Loss/MoCo,114400,1.564453125,1766499149.6197245
Loss/MoCo,114450,1.6953125,1766499263.2290576
Loss/MoCo,114500,1.646484375,1766499376.9581478
Loss/MoCo,114550,1.63671875,1766499488.6614418
Loss/MoCo,114600,1.5439453125,1766499598.9981978
Loss/MoCo,114650,1.771484375,1766499712.8437037
Loss/MoCo,114700,1.419921875,1766499822.3059676
Loss/MoCo,114750,1.87109375,1766499932.143926
Loss/MoCo,114800,1.78125,1766500048.4546824
Loss/MoCo,114850,1.76953125,1766500161.199878
Loss/MoCo,114900,2.125,1766500274.8698275
Loss/MoCo,114950,1.921875,1766500387.9882677
Loss/MoCo,115000,1.8603515625,1766500501.2638547
Loss/MoCo,115050,1.427734375,1766500615.0909393
Loss/MoCo,115100,1.923828125,1766500729.860681
Loss/MoCo,115150,1.4140625,1766500844.028695
Loss/MoCo,115200,1.767578125,1766500956.2607057
Loss/MoCo,115250,1.6953125,1766501068.1144066
Loss/MoCo,115300,1.6650390625,1766501181.0005336
Loss/MoCo,115350,1.6083984375,1766501290.5802474
Loss/MoCo,115400,1.5068359375,1766501404.2698298
Loss/MoCo,115450,1.5771484375,1766501512.628481
Loss/MoCo,115500,1.619140625,1766501622.7575364
Loss/MoCo,115550,1.76953125,1766501735.7607284
Loss/MoCo,115600,1.8583984375,1766501842.1643198
Loss/MoCo,115650,2.138671875,1766501953.6874926
Loss/MoCo,115700,2.013671875,1766502068.3608944
Loss/MoCo,115750,2.16796875,1766502177.295058
Loss/MoCo,115800,1.46484375,1766502290.279999
Loss/MoCo,115850,1.8720703125,1766502402.9543371
Loss/MoCo,115900,1.861328125,1766502515.7456555
Loss/MoCo,115950,1.6015625,1766502628.456258
Loss/MoCo,116000,1.609375,1766502739.1823277
Loss/MoCo,116050,1.775390625,1766502854.4545286
Loss/MoCo,116100,1.8603515625,1766502965.3458004
Loss/MoCo,116150,2.529296875,1766503075.308011
Loss/MoCo,116200,2.10546875,1766503189.8237784
Loss/MoCo,116250,1.92578125,1766503307.4483352
Loss/MoCo,116300,1.90625,1766503421.8543246
Loss/MoCo,116350,1.7275390625,1766503535.5668201
Loss/MoCo,116400,1.5859375,1766503649.1896694
Loss/MoCo,116450,1.408203125,1766503763.504799
Loss/MoCo,116500,1.4462890625,1766503872.3611283
Loss/MoCo,116550,1.7529296875,1766503984.3070192
Loss/MoCo,116600,1.990234375,1766504098.9185133
Loss/MoCo,116650,2.025390625,1766504213.0299637
Loss/MoCo,116700,1.51171875,1766504327.9929097
Loss/MoCo,116750,1.5625,1766504441.425215
Loss/MoCo,116800,1.765625,1766504553.3183215
Loss/MoCo,116850,2.07421875,1766504665.4168234
Loss/MoCo,116900,1.318359375,1766504776.8624399
Loss/MoCo,116950,1.7265625,1766504890.2801867
Loss/MoCo,117000,1.607421875,1766505002.198504
Loss/MoCo,117050,1.71484375,1766505116.0053504
Loss/MoCo,117100,1.359375,1766505226.1138344
Loss/MoCo,117150,1.900390625,1766505336.716648
Loss/MoCo,117200,2.052734375,1766505447.3258507
Loss/MoCo,117250,1.7724609375,1766505558.7874725
Loss/MoCo,117300,1.69921875,1766505670.1080935
Loss/MoCo,117350,1.4921875,1766505780.7229784
Loss/MoCo,117400,1.71484375,1766505892.8165112
Loss/MoCo,117450,1.3876953125,1766506001.8433802
Loss/MoCo,117500,1.998046875,1766506114.6686742
Loss/MoCo,117550,1.71484375,1766506229.1092713
Loss/MoCo,117600,1.591796875,1766506342.5175648
Loss/MoCo,117650,1.646484375,1766506456.1107256
Loss/MoCo,117700,1.6220703125,1766506567.1626315
Loss/MoCo,117750,1.740234375,1766506675.8941534
Loss/MoCo,117800,1.931640625,1766506788.6268566
Loss/MoCo,117850,1.8037109375,1766506901.5001483
Loss/MoCo,117900,1.791015625,1766507016.7190368
Loss/MoCo,117950,1.478515625,1766507127.4222815
Loss/MoCo,118000,1.673828125,1766507240.4769444
Loss/MoCo,118050,1.365234375,1766507353.6153495
Loss/MoCo,118100,2.318359375,1766507467.6496344
Loss/MoCo,118150,2.04296875,1766507579.9494102
Loss/MoCo,118200,1.7705078125,1766507691.196056
Loss/MoCo,118250,1.3740234375,1766507800.9395995
Loss/MoCo,118300,1.859375,1766507914.6720893
Loss/MoCo,118350,1.8291015625,1766508025.380928
Loss/MoCo,118400,1.763671875,1766508137.9084058
Loss/MoCo,118450,1.8232421875,1766508248.018525
Loss/MoCo,118500,1.369140625,1766508361.5822442
Loss/MoCo,118550,1.806640625,1766508471.7112854
Loss/MoCo,118600,1.576171875,1766508585.410427
Loss/MoCo,118650,1.7265625,1766508700.9724674
Loss/MoCo,118700,1.93359375,1766508815.709689
Loss/MoCo,118750,1.84765625,1766508928.8124242
Loss/MoCo,118800,1.794921875,1766509039.2307136
Loss/MoCo,118850,1.8515625,1766509152.0553293
Loss/MoCo,118900,1.671875,1766509262.6159582
Loss/MoCo,118950,1.662109375,1766509377.182409
Loss/MoCo,119000,1.45703125,1766509491.02912
Loss/MoCo,119050,1.65625,1766509606.55351
Loss/MoCo,119100,1.2109375,1766509718.2664013
Loss/MoCo,119150,1.8798828125,1766509828.6794543
Loss/MoCo,119200,1.8349609375,1766509939.9824471
Loss/MoCo,119250,1.71875,1766510051.9704287
Loss/MoCo,119300,1.962890625,1766510162.9755929
Loss/MoCo,119350,1.5859375,1766510273.9138932
Loss/MoCo,119400,1.353515625,1766510385.630131
Loss/MoCo,119450,1.8203125,1766510498.152239
Loss/MoCo,119500,1.62890625,1766510611.3734286
Loss/MoCo,119550,1.8583984375,1766510725.7293186
Loss/MoCo,119600,1.6669921875,1766510837.657347
Loss/MoCo,119650,1.677734375,1766510950.225841
Loss/MoCo,119700,2.01953125,1766511061.4882417
Loss/MoCo,119750,1.60546875,1766511174.3503225
Loss/MoCo,119800,1.314453125,1766511283.6548162
Loss/MoCo,119850,1.8544921875,1766511399.247891
Loss/MoCo,119900,1.560546875,1766511513.4828093
Loss/MoCo,119950,1.966796875,1766511627.0440145
Loss/MoCo,120000,1.9873046875,1766511739.8613734
Loss/MoCo,120050,1.2734375,1766511853.5981147
Loss/MoCo,120100,1.9912109375,1766511967.7267804
Loss/MoCo,120150,1.845703125,1766512078.4730244
Loss/MoCo,120200,1.8017578125,1766512192.6569033
Loss/MoCo,120250,1.40234375,1766512306.4929438
Loss/MoCo,120300,1.623046875,1766512416.6587787
Loss/MoCo,120350,1.64453125,1766512530.8825078
Loss/MoCo,120400,1.76953125,1766512645.3748162
Loss/MoCo,120450,1.64453125,1766512757.6758687
Loss/MoCo,120500,2.13671875,1766512872.878797
Loss/MoCo,120550,1.7578125,1766512984.4175951
Loss/MoCo,120600,1.998046875,1766513096.3598082
Loss/MoCo,120650,1.615234375,1766513206.749798
Loss/MoCo,120700,1.552734375,1766513314.8430283
Loss/MoCo,120750,1.859375,1766513428.419963
Loss/MoCo,120800,1.865234375,1766513539.2253115
Loss/MoCo,120850,1.373046875,1766513651.532699
Loss/MoCo,120900,1.927734375,1766513763.9778554
Loss/MoCo,120950,2.08203125,1766513873.6136274
Loss/MoCo,121000,1.662109375,1766513985.1039014
Loss/MoCo,121050,1.4228515625,1766514099.3911836
Loss/MoCo,121100,1.763671875,1766514211.4925156
Loss/MoCo,121150,1.484375,1766514323.4828172
Loss/MoCo,121200,1.580078125,1766514433.4508452
Loss/MoCo,121250,1.76171875,1766514545.1784759
Loss/MoCo,121300,1.66015625,1766514657.6985369
Loss/MoCo,121350,1.576171875,1766514772.133541
Loss/MoCo,121400,1.7265625,1766514883.7862434
Loss/MoCo,121450,1.736328125,1766514995.9172583
Loss/MoCo,121500,1.6630859375,1766515110.4869766
Loss/MoCo,121550,1.9921875,1766515223.6477363
Loss/MoCo,121600,1.890625,1766515337.58466
Loss/MoCo,121650,1.5830078125,1766515448.30887
Loss/MoCo,121700,1.7578125,1766515564.58139
Loss/MoCo,121750,1.703125,1766515677.3565283
Loss/MoCo,121800,1.615234375,1766515792.1344728
Loss/MoCo,121850,1.873046875,1766515903.5892622
Loss/MoCo,121900,1.8515625,1766516015.6488373
Loss/MoCo,121950,1.876953125,1766516128.0840106
Loss/MoCo,122000,1.5205078125,1766516236.6195214
Loss/MoCo,122050,1.693359375,1766516348.9678264
Loss/MoCo,122100,1.7890625,1766516463.6771278
Loss/MoCo,122150,1.982421875,1766516578.3188243
Loss/MoCo,122200,1.50390625,1766516689.1123343
Loss/MoCo,122250,1.80078125,1766516796.1911726
Loss/MoCo,122300,1.541015625,1766516905.7788785
Loss/MoCo,122350,1.46875,1766517017.4003444
Loss/MoCo,122400,1.740234375,1766517129.0161498
Loss/MoCo,122450,1.443359375,1766517243.2921202
Loss/MoCo,122500,1.59375,1766517353.9856231
Loss/MoCo,122550,1.439453125,1766517466.5859542
Loss/MoCo,122600,1.697265625,1766517577.6900916
Loss/MoCo,122650,1.818359375,1766517688.7882462
Loss/MoCo,122700,1.388671875,1766517797.8328462
Loss/MoCo,122750,1.49609375,1766517909.7739065
Loss/MoCo,122800,1.771484375,1766518020.621634
Loss/MoCo,122850,1.6572265625,1766518135.0287595
Loss/MoCo,122900,1.76953125,1766518247.6045268
Loss/MoCo,122950,1.56640625,1766518361.2933056
Loss/MoCo,123000,1.6865234375,1766518473.045616
Loss/MoCo,123050,1.7734375,1766518584.492857
Loss/MoCo,123100,2.111328125,1766518697.4437606
Loss/MoCo,123150,1.791015625,1766518813.2973983
Loss/MoCo,123200,1.7421875,1766518927.3959837
Loss/MoCo,123250,1.732421875,1766519038.9792998
Loss/MoCo,123300,1.345703125,1766519148.2199783
Loss/MoCo,123350,1.728515625,1766519262.0861902
Loss/MoCo,123400,1.572265625,1766519374.5562177
Loss/MoCo,123450,1.72265625,1766519486.070889
Loss/MoCo,123500,1.529296875,1766519596.3397665
Loss/MoCo,123550,1.6796875,1766519706.3606527
Loss/MoCo,123600,1.431640625,1766519818.9136977
Loss/MoCo,123650,1.888671875,1766519935.608261
Loss/MoCo,123700,1.6298828125,1766520052.1281726
Loss/MoCo,123750,1.5703125,1766520166.5876813
Loss/MoCo,123800,1.794921875,1766520277.053303
Loss/MoCo,123850,1.7255859375,1766520392.6294277
Loss/MoCo,123900,1.73046875,1766520502.9478884
Loss/MoCo,123950,1.87890625,1766520618.0392442
Loss/MoCo,124000,1.62109375,1766520729.4509778
Loss/MoCo,124050,1.9365234375,1766520835.9566672
Loss/MoCo,124100,1.5927734375,1766520949.3283243
Loss/MoCo,124150,1.4140625,1766521062.53627
Loss/MoCo,124200,1.498046875,1766521180.8570127
Loss/MoCo,124250,1.9140625,1766521289.566427
Loss/MoCo,124300,1.59375,1766521406.4975686
Loss/MoCo,124350,1.6787109375,1766521518.3004172
Loss/MoCo,124400,1.767578125,1766521630.2706478
Loss/MoCo,124450,1.7275390625,1766521743.2686791
Loss/MoCo,124500,1.66015625,1766521856.2540863
Loss/MoCo,124550,1.666015625,1766521967.8155053
Loss/MoCo,124600,1.5908203125,1766522081.966439
Loss/MoCo,124650,1.66796875,1766522194.741719
Loss/MoCo,124700,1.7998046875,1766522309.9461617
Loss/MoCo,124750,1.80859375,1766522423.5571191
Loss/MoCo,124800,1.427734375,1766522538.6763434
Loss/MoCo,124850,1.927734375,1766522648.8611727
Loss/MoCo,124900,1.974609375,1766522763.009274
Loss/MoCo,124950,1.7197265625,1766522873.81799
Loss/MoCo,125000,1.962890625,1766522988.8978746
Loss/MoCo,125050,1.890625,1766523102.2398355
Loss/MoCo,125100,1.93359375,1766523210.4803786
Loss/MoCo,125150,1.892578125,1766523328.2037423
Loss/MoCo,125200,1.6376953125,1766523434.921041
Loss/MoCo,125250,1.8037109375,1766523550.887597
Loss/MoCo,125300,2.01171875,1766523662.061107
Loss/MoCo,125350,1.548828125,1766523774.7403097
Loss/MoCo,125400,2.03125,1766523881.293991
Loss/MoCo,125450,1.6982421875,1766523995.3315077
Loss/MoCo,125500,2.095703125,1766524107.3597512
Loss/MoCo,125550,2.09765625,1766524219.1022336
Loss/MoCo,125600,2.20703125,1766524334.0624993
Loss/MoCo,125650,1.7890625,1766524445.4496262
Loss/MoCo,125700,1.7421875,1766524556.6400688
Loss/MoCo,125750,1.576171875,1766524672.5412054
Loss/MoCo,125800,1.6513671875,1766524786.4350967
Loss/MoCo,125850,1.53125,1766524899.1614003
Loss/MoCo,125900,2.10546875,1766525011.976555
Loss/MoCo,125950,1.55078125,1766525124.4209824
Loss/MoCo,126000,1.560546875,1766525235.5656307
Loss/MoCo,126050,1.7939453125,1766525345.2020812
Loss/MoCo,126100,1.87890625,1766525454.995541
Loss/MoCo,126150,1.95703125,1766525566.3224912
Loss/MoCo,126200,1.5634765625,1766525685.2554169
Loss/MoCo,126250,1.962890625,1766525796.371072
Loss/MoCo,126300,2.40234375,1766525911.616196
Loss/MoCo,126350,1.6884765625,1766526028.5928051
Loss/MoCo,126400,1.75390625,1766526139.5337155
Loss/MoCo,126450,1.861328125,1766526247.2632542
Loss/MoCo,126500,1.9296875,1766526361.2532575
Loss/MoCo,126550,1.7431640625,1766526474.597411
Loss/MoCo,126600,1.982421875,1766526585.6476238
Loss/MoCo,126650,1.736328125,1766526695.2378147
Loss/MoCo,126700,1.23046875,1766526805.6734903
Loss/MoCo,126750,1.705078125,1766526918.7638073
Loss/MoCo,126800,1.4638671875,1766527030.8440804
Loss/MoCo,126850,1.9453125,1766527142.636395
Loss/MoCo,126900,1.9658203125,1766527256.23245
Loss/MoCo,126950,1.064453125,1766527368.1157587
Loss/MoCo,127000,1.833984375,1766527479.044693
Loss/MoCo,127050,1.5322265625,1766527594.21544
Loss/MoCo,127100,1.47265625,1766527707.0926812
Loss/MoCo,127150,2.041015625,1766527820.4043515
Loss/MoCo,127200,1.447265625,1766527933.4032338
Loss/MoCo,127250,1.89453125,1766528045.8990192
Loss/MoCo,127300,1.6552734375,1766528158.886824
Loss/MoCo,127350,1.330078125,1766528273.2114146
Loss/MoCo,127400,1.6982421875,1766528386.3006291
Loss/MoCo,127450,1.69140625,1766528496.1470973
Loss/MoCo,127500,1.6708984375,1766528611.431287
Loss/MoCo,127550,1.4619140625,1766528724.2651758
Loss/MoCo,127600,1.7958984375,1766528838.76996
Loss/MoCo,127650,1.4609375,1766528951.0591102
Loss/MoCo,127700,1.673828125,1766529062.745717
Loss/MoCo,127750,2.109375,1766529177.1172993
Loss/MoCo,127800,2.115234375,1766529292.0963407
Loss/MoCo,127850,1.6591796875,1766529403.1138644
Loss/MoCo,127900,1.650390625,1766529513.2106678
Loss/MoCo,127950,1.5947265625,1766529625.4481637
Loss/MoCo,128000,1.8115234375,1766529738.1065476
Loss/MoCo,128050,1.537109375,1766529847.6439958
Loss/MoCo,128100,1.978515625,1766529962.524111
Loss/MoCo,128150,1.7783203125,1766530075.491227
Loss/MoCo,128200,1.5791015625,1766530182.1243143
Loss/MoCo,128250,1.671875,1766530297.895173
Loss/MoCo,128300,1.330078125,1766530408.4573474
Loss/MoCo,128350,1.7861328125,1766530525.5320442
Loss/MoCo,128400,1.810546875,1766530637.0973775
Loss/MoCo,128450,1.7919921875,1766530753.9048023
Loss/MoCo,128500,1.935546875,1766530863.2728693
Loss/MoCo,128550,1.53125,1766530975.2405205
Loss/MoCo,128600,1.798828125,1766531086.5938218
Loss/MoCo,128650,2.1484375,1766531200.4441273
Loss/MoCo,128700,1.955078125,1766531311.6150126
Loss/MoCo,128750,1.81640625,1766531424.9198213
Loss/MoCo,128800,1.650390625,1766531541.6172283
Loss/MoCo,128850,1.744140625,1766531657.527995
Loss/MoCo,128900,1.451171875,1766531769.4777057
Loss/MoCo,128950,1.6328125,1766531881.506847
Loss/MoCo,129000,1.904296875,1766531989.2891736
Loss/MoCo,129050,1.5966796875,1766532097.3395417
Loss/MoCo,129100,1.912109375,1766532211.0084455
Loss/MoCo,129150,1.720703125,1766532326.3023252
Loss/MoCo,129200,1.705078125,1766532441.9913206
Loss/MoCo,129250,1.349609375,1766532556.1269019
Loss/MoCo,129300,1.482421875,1766532668.9962378
Loss/MoCo,129350,1.96484375,1766532782.613873
Loss/MoCo,129400,1.65234375,1766532898.8461256
Loss/MoCo,129450,1.4453125,1766533015.6003423
Loss/MoCo,129500,1.38671875,1766533133.9689841
Loss/MoCo,129550,1.9189453125,1766533245.608351
Loss/MoCo,129600,1.94921875,1766533354.8021476
Loss/MoCo,129650,1.54296875,1766533467.2762363
Loss/MoCo,129700,1.54296875,1766533576.8674011
Loss/MoCo,129750,2.0078125,1766533688.3860762
Loss/MoCo,129800,1.392578125,1766533804.5865958
Loss/MoCo,129850,1.9296875,1766533919.0098593
Loss/MoCo,129900,1.736328125,1766534033.0549154
Loss/MoCo,129950,1.4443359375,1766534143.5345478
Loss/MoCo,130000,2.1015625,1766534256.0788462
Loss/MoCo,130050,1.4462890625,1766534364.3957427
Loss/MoCo,130100,1.68359375,1766534478.349317
Loss/MoCo,130150,1.365234375,1766534596.0979388
Loss/MoCo,130200,1.5390625,1766534707.7180758
Loss/MoCo,130250,1.21484375,1766534820.094968
Loss/MoCo,130300,1.826171875,1766534929.3222337
Loss/MoCo,130350,1.697265625,1766535039.9425626
Loss/MoCo,130400,1.892578125,1766535154.788041
Loss/MoCo,130450,1.552734375,1766535265.9295824
Loss/MoCo,130500,1.30859375,1766535377.525637
Loss/MoCo,130550,1.54296875,1766535488.7015653
Loss/MoCo,130600,2.037109375,1766535599.4544446
Loss/MoCo,130650,1.568359375,1766535712.273019
Loss/MoCo,130700,1.716796875,1766535826.924681
Loss/MoCo,130750,1.57421875,1766535940.23807
Loss/MoCo,130800,1.326171875,1766536053.2650983
Loss/MoCo,130850,1.4091796875,1766536166.870127
Loss/MoCo,130900,1.7646484375,1766536279.5334835
Loss/MoCo,130950,1.91015625,1766536390.9515047
Loss/MoCo,131000,1.236328125,1766536501.137618
Loss/MoCo,131050,1.72265625,1766536612.4917505
Loss/MoCo,131100,1.392578125,1766536723.8155394
Loss/MoCo,131150,1.6640625,1766536832.8465223
Loss/MoCo,131200,1.404296875,1766536945.7360802
Loss/MoCo,131250,1.55859375,1766537057.8516207
Loss/MoCo,131300,2.001953125,1766537166.048575
Loss/MoCo,131350,1.845703125,1766537278.7907054
Loss/MoCo,131400,1.603515625,1766537391.0720239
Loss/MoCo,131450,1.9990234375,1766537505.6461134
Loss/MoCo,131500,1.54296875,1766537620.3305433
Loss/MoCo,131550,1.509765625,1766537732.2723825
Loss/MoCo,131600,1.69921875,1766537840.1583416
Loss/MoCo,131650,1.7138671875,1766537953.8474457
Loss/MoCo,131700,1.62890625,1766538068.9551067
Loss/MoCo,131750,1.3759765625,1766538178.7103899
Loss/MoCo,131800,2.130859375,1766538296.3237689
Loss/MoCo,131850,1.525390625,1766538412.5377946
Loss/MoCo,131900,1.8466796875,1766538525.3091934
Loss/MoCo,131950,1.9326171875,1766538640.4136279
Loss/MoCo,132000,1.646484375,1766538752.2104838
Loss/MoCo,132050,1.6396484375,1766538862.3914714
Loss/MoCo,132100,1.9140625,1766538972.11417
Loss/MoCo,132150,1.619140625,1766539085.6841877
Loss/MoCo,132200,1.8525390625,1766539196.7027547
Loss/MoCo,132250,1.8828125,1766539311.5529044
Loss/MoCo,132300,2.009765625,1766539430.3786857
Loss/MoCo,132350,1.896484375,1766539543.5490901
Loss/MoCo,132400,1.275390625,1766539656.1273243
Loss/MoCo,132450,1.4833984375,1766539765.7810962
Loss/MoCo,132500,1.794921875,1766539875.4025815
Loss/MoCo,132550,1.3662109375,1766539987.1064556
Loss/MoCo,132600,1.62890625,1766540098.9624372
Loss/MoCo,132650,1.7421875,1766540210.842873
Loss/MoCo,132700,1.4658203125,1766540320.7160065
Loss/MoCo,132750,1.4765625,1766540432.6514795
Loss/MoCo,132800,2.28515625,1766540545.721367
Loss/MoCo,132850,1.49609375,1766540655.5565846
Loss/MoCo,132900,1.65625,1766540766.5389922
Loss/MoCo,132950,1.2578125,1766540885.0077481
Loss/MoCo,133000,1.751953125,1766540997.2534342
Loss/MoCo,133050,1.771484375,1766541109.5168512
Loss/MoCo,133100,1.998046875,1766541220.4019005
Loss/MoCo,133150,1.763671875,1766541332.0338418
Loss/MoCo,133200,1.642578125,1766541442.8804038
Loss/MoCo,133250,1.873046875,1766541557.4177668
Loss/MoCo,133300,1.1953125,1766541668.8258986
Loss/MoCo,133350,1.7734375,1766541784.1819565
Loss/MoCo,133400,2.068359375,1766541900.2809725
Loss/MoCo,133450,1.8984375,1766542011.474363
Loss/MoCo,133500,1.806640625,1766542125.9058115
Loss/MoCo,133550,1.560546875,1766542241.0069306
Loss/MoCo,133600,1.626953125,1766542353.199654
Loss/MoCo,133650,1.544921875,1766542466.970788
Loss/MoCo,133700,1.638671875,1766542580.0537193
Loss/MoCo,133750,2.0,1766542690.6200392
Loss/MoCo,133800,1.31640625,1766542804.3803058
Loss/MoCo,133850,1.5458984375,1766542910.329148
Loss/MoCo,133900,1.5888671875,1766543025.5951521
Loss/MoCo,133950,1.5634765625,1766543136.3261793
Loss/MoCo,134000,1.744140625,1766543246.407482
Loss/MoCo,134050,1.7177734375,1766543361.7564876
Loss/MoCo,134100,1.58203125,1766543473.25572
Loss/MoCo,134150,1.662109375,1766543581.736162
Loss/MoCo,134200,1.966796875,1766543692.9442139
Loss/MoCo,134250,1.6591796875,1766543806.110068
Loss/MoCo,134300,1.7861328125,1766543914.2917588
Loss/MoCo,134350,1.591796875,1766544024.5414047
Loss/MoCo,134400,1.857421875,1766544137.8271847
Loss/MoCo,134450,1.5,1766544254.0367482
Loss/MoCo,134500,1.7421875,1766544362.328374
Loss/MoCo,134550,1.6904296875,1766544475.34708
Loss/MoCo,134600,1.509765625,1766544587.0254855
Loss/MoCo,134650,1.630859375,1766544700.5930126
Loss/MoCo,134700,2.125,1766544813.460645
Loss/MoCo,134750,1.380859375,1766544924.6591592
Loss/MoCo,134800,1.3662109375,1766545038.6194649
Loss/MoCo,134850,1.728515625,1766545153.3896067
Loss/MoCo,134900,1.85546875,1766545268.848181
Loss/MoCo,134950,1.462890625,1766545380.5767918
Loss/MoCo,135000,1.806640625,1766545491.8922145
Loss/MoCo,135050,1.755859375,1766545601.8286123
Loss/MoCo,135100,1.6826171875,1766545714.667409
Loss/MoCo,135150,1.7666015625,1766545828.3076437
Loss/MoCo,135200,1.6787109375,1766545939.4374018
Loss/MoCo,135250,1.7001953125,1766546052.1738896
Loss/MoCo,135300,1.47265625,1766546164.3767428
Loss/MoCo,135350,1.5068359375,1766546275.3446174
Loss/MoCo,135400,1.4873046875,1766546387.572326
Loss/MoCo,135450,1.564453125,1766546500.2218843
Loss/MoCo,135500,1.625,1766546612.1331913
Loss/MoCo,135550,1.462890625,1766546724.909772
Loss/MoCo,135600,1.501953125,1766546836.6716576
Loss/MoCo,135650,1.38671875,1766546948.222332
Loss/MoCo,135700,1.78515625,1766547059.1951506
Loss/MoCo,135750,1.8203125,1766547173.4464867
Loss/MoCo,135800,1.3759765625,1766547282.75839
Loss/MoCo,135850,1.849609375,1766547391.3050888
Loss/MoCo,135900,1.78125,1766547499.6841404
Loss/MoCo,135950,1.5478515625,1766547609.9433928
Loss/MoCo,136000,1.50390625,1766547721.9368439
Loss/MoCo,136050,1.337890625,1766547832.7527297
Loss/MoCo,136100,1.791015625,1766547948.2363958
Loss/MoCo,136150,1.69140625,1766548057.3610768
Loss/MoCo,136200,1.775390625,1766548167.60501
Loss/MoCo,136250,1.943359375,1766548277.1029277
Loss/MoCo,136300,1.865234375,1766548390.8801136
Loss/MoCo,136350,1.642578125,1766548501.983947
Loss/MoCo,136400,1.708984375,1766548615.6173966
Loss/MoCo,136450,1.29296875,1766548725.7391744
Loss/MoCo,136500,1.697265625,1766548837.3841274
Loss/MoCo,136550,1.7294921875,1766548950.2392912
Loss/MoCo,136600,1.646484375,1766549061.7669818
Loss/MoCo,136650,1.755859375,1766549174.7872713
Loss/MoCo,136700,1.775390625,1766549285.6687396
Loss/MoCo,136750,1.681640625,1766549397.0588837
Loss/MoCo,136800,1.810546875,1766549507.9253511
Loss/MoCo,136850,1.892578125,1766549619.98303
Loss/MoCo,136900,1.314453125,1766549735.9379644
Loss/MoCo,136950,1.599609375,1766549847.7744772
Loss/MoCo,137000,1.6689453125,1766549962.653708
Loss/MoCo,137050,1.720703125,1766550074.5443363
Loss/MoCo,137100,1.7236328125,1766550187.3717535
Loss/MoCo,137150,1.802734375,1766550298.923705
Loss/MoCo,137200,1.322265625,1766550410.5018518
Loss/MoCo,137250,1.197265625,1766550520.8555229
Loss/MoCo,137300,1.7578125,1766550633.8350983
Loss/MoCo,137350,1.4765625,1766550740.9246135
Loss/MoCo,137400,2.09765625,1766550849.1928408
Loss/MoCo,137450,1.56640625,1766550959.984996
Loss/MoCo,137500,1.4716796875,1766551077.0743423
Loss/MoCo,137550,1.58984375,1766551188.869968
Loss/MoCo,137600,2.115234375,1766551298.834587
Loss/MoCo,137650,1.443359375,1766551409.7594535
Loss/MoCo,137700,1.685546875,1766551523.9275966
Loss/MoCo,137750,1.451171875,1766551637.5390344
Loss/MoCo,137800,1.3291015625,1766551748.9390862
Loss/MoCo,137850,1.447265625,1766551863.7275844
Loss/MoCo,137900,1.6484375,1766551975.6163142
Loss/MoCo,137950,1.50390625,1766552089.542267
Loss/MoCo,138000,1.599609375,1766552202.3286412
Loss/MoCo,138050,1.697265625,1766552314.2047403
Loss/MoCo,138100,1.6640625,1766552430.1010916
Loss/MoCo,138150,1.951171875,1766552543.2086263
Loss/MoCo,138200,1.888671875,1766552656.6337607
Loss/MoCo,138250,1.734375,1766552770.4513369
Loss/MoCo,138300,1.34765625,1766552883.6575465
Loss/MoCo,138350,1.5712890625,1766552996.2760835
Loss/MoCo,138400,1.890625,1766553111.4145353
Loss/MoCo,138450,1.9287109375,1766553223.0649493
Loss/MoCo,138500,2.03125,1766553341.1974308
Loss/MoCo,138550,1.3203125,1766553453.0876987
Loss/MoCo,138600,1.4736328125,1766553568.1924987
Loss/MoCo,138650,1.5146484375,1766553678.4094355
Loss/MoCo,138700,1.5234375,1766553791.6457229
Loss/MoCo,138750,1.7451171875,1766553903.1042602
Loss/MoCo,138800,1.494140625,1766554013.4444015
Loss/MoCo,138850,2.16015625,1766554127.2229118
Loss/MoCo,138900,1.97265625,1766554241.8408694
Loss/MoCo,138950,1.62890625,1766554355.4304824
Loss/MoCo,139000,1.6640625,1766554466.1461449
Loss/MoCo,139050,1.54296875,1766554573.7925365
Loss/MoCo,139100,1.8193359375,1766554686.361024
Loss/MoCo,139150,1.9580078125,1766554797.939656
Loss/MoCo,139200,1.3671875,1766554908.374245
Loss/MoCo,139250,1.87890625,1766555023.352479
Loss/MoCo,139300,1.6103515625,1766555135.3855574
Loss/MoCo,139350,1.79296875,1766555250.5120971
Loss/MoCo,139400,1.2802734375,1766555362.1922402
Loss/MoCo,139450,1.9619140625,1766555478.6703298
Loss/MoCo,139500,1.779296875,1766555590.585841
Loss/MoCo,139550,1.634765625,1766555704.0467052
Loss/MoCo,139600,1.900390625,1766555814.3532221
Loss/MoCo,139650,1.673828125,1766555927.9769397
Loss/MoCo,139700,1.958984375,1766556038.9757795
Loss/MoCo,139750,1.564453125,1766556151.365197
Loss/MoCo,139800,1.5546875,1766556263.2874997
Loss/MoCo,139850,1.224609375,1766556377.096662
Loss/MoCo,139900,1.4990234375,1766556491.3765466
Loss/MoCo,139950,1.4345703125,1766556603.2479718
Loss/MoCo,140000,1.87109375,1766556717.7922485
Loss/MoCo,140050,1.578125,1766556834.4228406
Loss/MoCo,140100,1.66015625,1766556948.905984
Loss/MoCo,140150,1.779296875,1766557064.765859
Loss/MoCo,140200,1.7744140625,1766557176.5163183
Loss/MoCo,140250,1.576171875,1766557291.4772606
Loss/MoCo,140300,1.5625,1766557405.5688787
Loss/MoCo,140350,1.935546875,1766557521.9519095
Loss/MoCo,140400,1.353515625,1766557633.931266
Loss/MoCo,140450,1.900390625,1766557742.3269117
Loss/MoCo,140500,1.3642578125,1766557855.7369893
Loss/MoCo,140550,2.03125,1766557966.5137558
Loss/MoCo,140600,1.3935546875,1766558075.7336907
Loss/MoCo,140650,1.53125,1766558186.5628433
Loss/MoCo,140700,1.513671875,1766558301.0936904
Loss/MoCo,140750,1.65234375,1766558411.109347
Loss/MoCo,140800,1.75,1766558524.3700428
Loss/MoCo,140850,1.708984375,1766558633.4655201
Loss/MoCo,140900,1.740234375,1766558745.6199934
Loss/MoCo,140950,1.80078125,1766558856.1007142
Loss/MoCo,141000,1.8828125,1766558967.1825817
Loss/MoCo,141050,1.5517578125,1766559079.31204
Loss/MoCo,141100,1.705078125,1766559191.3833885
Loss/MoCo,141150,1.6611328125,1766559304.466027
Loss/MoCo,141200,2.12109375,1766559417.6122162
Loss/MoCo,141250,1.6728515625,1766559530.0624886
Loss/MoCo,141300,1.6640625,1766559640.1025271
Loss/MoCo,141350,1.83203125,1766559750.614038
Loss/MoCo,141400,1.5068359375,1766559863.6182551
Loss/MoCo,141450,2.48828125,1766559977.2712338
Loss/MoCo,141500,1.7333984375,1766560087.1519992
Loss/MoCo,141550,1.2421875,1766560198.014734
Loss/MoCo,141600,1.6826171875,1766560312.0468104
Loss/MoCo,141650,1.576171875,1766560424.1584742
Loss/MoCo,141700,1.728515625,1766560532.7386532
Loss/MoCo,141750,2.05859375,1766560642.426058
Loss/MoCo,141800,1.544921875,1766560760.6059084
Loss/MoCo,141850,1.9013671875,1766560868.31544
Loss/MoCo,141900,1.80078125,1766560981.0961392
Loss/MoCo,141950,1.6923828125,1766561090.2830887
Loss/MoCo,142000,1.447265625,1766561203.4046934
Loss/MoCo,142050,1.48046875,1766561317.3447735
Loss/MoCo,142100,1.2890625,1766561432.3659072
Loss/MoCo,142150,1.80859375,1766561546.9693563
Loss/MoCo,142200,1.998046875,1766561659.1120698
Loss/MoCo,142250,1.720703125,1766561769.5887504
Loss/MoCo,142300,1.646484375,1766561885.4006145
Loss/MoCo,142350,1.318359375,1766561997.352874
Loss/MoCo,142400,1.552734375,1766562111.5928516
Loss/Supervised,0,1.1296254396438599,1766241138.7906141
Loss/Supervised,50,0.751704216003418,1766241251.7526584
Loss/Supervised,100,0.9907028675079346,1766241365.1421077
Loss/Supervised,150,0.7639410495758057,1766241479.1890576
Loss/Supervised,200,0.7299162149429321,1766241593.04618
Loss/Supervised,250,0.9163978695869446,1766241707.152264
Loss/Supervised,300,0.68402498960495,1766241818.0496163
Loss/Supervised,350,0.8387073874473572,1766241932.4336846
Loss/Supervised,400,0.6859720945358276,1766242042.471016
Loss/Supervised,450,0.8467023968696594,1766242155.2170906
Loss/Supervised,500,0.8434605002403259,1766242262.0222943
Loss/Supervised,550,0.7648255228996277,1766242374.5747325
Loss/Supervised,600,0.7213259935379028,1766242489.8413765
Loss/Supervised,650,0.6544820070266724,1766242605.235486
Loss/Supervised,700,0.5045978426933289,1766242719.355917
Loss/Supervised,750,0.6314655542373657,1766242834.7384276
Loss/Supervised,800,0.6348972320556641,1766242948.6626487
Loss/Supervised,850,0.7755817770957947,1766243060.0459127
Loss/Supervised,900,0.7182286381721497,1766243176.9452593
Loss/Supervised,950,0.7113481163978577,1766243290.4390054
Loss/Supervised,1000,0.7171222567558289,1766243404.602689
Loss/Supervised,1050,0.6691719889640808,1766243518.0719025
Loss/Supervised,1100,0.705134391784668,1766243632.3847878
Loss/Supervised,1150,0.6161609888076782,1766243746.754623
Loss/Supervised,1200,0.6815714836120605,1766243859.936883
Loss/Supervised,1250,0.47523242235183716,1766243973.685255
Loss/Supervised,1300,0.5841162800788879,1766244086.9948533
Loss/Supervised,1350,0.6019554138183594,1766244201.0663197
Loss/Supervised,1400,0.668773889541626,1766244314.091067
Loss/Supervised,1450,0.7574385404586792,1766244428.3713157
Loss/Supervised,1500,0.7718019485473633,1766244540.7480595
Loss/Supervised,1550,0.5560559034347534,1766244652.9103153
Loss/Supervised,1600,0.6691238284111023,1766244765.5192368
Loss/Supervised,1650,0.612263560295105,1766244875.8543262
Loss/Supervised,1700,0.6268946528434753,1766244988.3814769
Loss/Supervised,1750,0.4867500960826874,1766245104.4561317
Loss/Supervised,1800,0.500213086605072,1766245215.1519363
Loss/Supervised,1850,0.7484361529350281,1766245328.7006512
Loss/Supervised,1900,0.5721002817153931,1766245442.4783087
Loss/Supervised,1950,0.5029510855674744,1766245554.012622
Loss/Supervised,2000,0.6327905058860779,1766245670.2605429
Loss/Supervised,2050,0.66126948595047,1766245781.344361
Loss/Supervised,2100,0.685418426990509,1766245897.0428176
Loss/Supervised,2150,0.6750263571739197,1766246007.9669826
Loss/Supervised,2200,0.4980979859828949,1766246121.3768559
Loss/Supervised,2250,0.555953860282898,1766246235.065769
Loss/Supervised,2300,0.6215337514877319,1766246350.9254942
Loss/Supervised,2350,0.5806853771209717,1766246462.0625727
Loss/Supervised,2400,0.6879997849464417,1766246577.385392
Loss/Supervised,2450,0.7254866361618042,1766246688.3865254
Loss/Supervised,2500,0.4881247580051422,1766246802.040838
Loss/Supervised,2550,0.6340214610099792,1766246915.769779
Loss/Supervised,2600,0.6099763512611389,1766247027.582783
Loss/Supervised,2650,0.4991576671600342,1766247141.1198087
Loss/Supervised,2700,0.6414062976837158,1766247253.9089754
Loss/Supervised,2750,0.49692001938819885,1766247365.963458
Loss/Supervised,2800,0.6248548626899719,1766247481.0066166
Loss/Supervised,2850,0.49582114815711975,1766247596.660769
Loss/Supervised,2900,0.5693209171295166,1766247707.947006
Loss/Supervised,2950,0.5756412744522095,1766247820.820787
Loss/Supervised,3000,0.5365322232246399,1766247933.9541245
Loss/Supervised,3050,0.6302869319915771,1766248046.0267563
Loss/Supervised,3100,0.6469200849533081,1766248157.4840546
Loss/Supervised,3150,0.5695946216583252,1766248272.0482562
Loss/Supervised,3200,0.42035847902297974,1766248380.2574267
Loss/Supervised,3250,0.5411760210990906,1766248487.1563866
Loss/Supervised,3300,0.39595308899879456,1766248597.2871435
Loss/Supervised,3350,0.5004013180732727,1766248709.802543
Loss/Supervised,3400,0.5963186025619507,1766248826.7281413
Loss/Supervised,3450,0.45509764552116394,1766248938.0746727
Loss/Supervised,3500,0.5052173733711243,1766249051.7253962
Loss/Supervised,3550,0.43829816579818726,1766249162.53259
Loss/Supervised,3600,0.4187222123146057,1766249275.0504038
Loss/Supervised,3650,0.4946839511394501,1766249390.2679052
Loss/Supervised,3700,0.4174100160598755,1766249504.0263314
Loss/Supervised,3750,0.4858245253562927,1766249618.0618691
Loss/Supervised,3800,0.6074769496917725,1766249731.6797638
Loss/Supervised,3850,0.442982941865921,1766249847.132449
Loss/Supervised,3900,0.619930624961853,1766249959.8853488
Loss/Supervised,3950,0.6254066228866577,1766250073.7377143
Loss/Supervised,4000,0.5452207922935486,1766250185.7985318
Loss/Supervised,4050,0.6377019286155701,1766250299.6099877
Loss/Supervised,4100,0.4426533877849579,1766250415.6189668
Loss/Supervised,4150,0.5641005039215088,1766250526.4081295
Loss/Supervised,4200,0.45297911763191223,1766250640.9086149
Loss/Supervised,4250,0.4882572889328003,1766250751.9503648
Loss/Supervised,4300,0.4120939075946808,1766250865.0338275
Loss/Supervised,4350,0.4547273814678192,1766250978.5930836
Loss/Supervised,4400,0.5308947563171387,1766251093.1715636
Loss/Supervised,4450,0.49316924810409546,1766251206.2794063
Loss/Supervised,4500,0.5863907337188721,1766251319.6916745
Loss/Supervised,4550,0.5647222399711609,1766251431.8320975
Loss/Supervised,4600,0.5688663125038147,1766251547.5793138
Loss/Supervised,4650,0.5214024186134338,1766251663.8176756
Loss/Supervised,4700,0.46999648213386536,1766251776.9860656
Loss/Supervised,4750,0.4471069276332855,1766251892.4567907
Loss/Supervised,4800,0.4661693871021271,1766252006.9912288
Loss/Supervised,4850,0.4465161859989166,1766252122.091556
Loss/Supervised,4900,0.4658898115158081,1766252232.6561131
Loss/Supervised,4950,0.39032360911369324,1766252346.1702213
Loss/Supervised,5000,0.47429606318473816,1766252459.1345365
Loss/Supervised,5050,0.4049980342388153,1766252572.720232
Loss/Supervised,5100,0.5613422393798828,1766252685.0600097
Loss/Supervised,5150,0.4906873106956482,1766252802.0905669
Loss/Supervised,5200,0.4083932936191559,1766252911.4583836
Loss/Supervised,5250,0.5566516518592834,1766253025.8805404
Loss/Supervised,5300,0.4567740857601166,1766253135.6349218
Loss/Supervised,5350,0.37265607714653015,1766253250.4905121
Loss/Supervised,5400,0.5685190558433533,1766253365.2721472
Loss/Supervised,5450,0.6543887853622437,1766253480.3189855
Loss/Supervised,5500,0.6158015131950378,1766253597.0922055
Loss/Supervised,5550,0.44782766699790955,1766253707.759856
Loss/Supervised,5600,0.5334487557411194,1766253821.8455834
Loss/Supervised,5650,0.5615529417991638,1766253935.6422906
Loss/Supervised,5700,0.4107527434825897,1766254045.3943357
Loss/Supervised,5750,0.5416443943977356,1766254158.1100466
Loss/Supervised,5800,0.5236117243766785,1766254268.8988743
Loss/Supervised,5850,0.5065216422080994,1766254381.7023594
Loss/Supervised,5900,0.4586884379386902,1766254494.4163969
Loss/Supervised,5950,0.47152119874954224,1766254606.035897
Loss/Supervised,6000,0.39500144124031067,1766254717.042387
Loss/Supervised,6050,0.5499206185340881,1766254831.7100039
Loss/Supervised,6100,0.690071702003479,1766254947.8933618
Loss/Supervised,6150,0.48176658153533936,1766255059.1291645
Loss/Supervised,6200,0.43999984860420227,1766255172.1974242
Loss/Supervised,6250,0.5145148634910583,1766255282.2564986
Loss/Supervised,6300,0.33452826738357544,1766255395.0165317
Loss/Supervised,6350,0.5711851119995117,1766255504.4311333
Loss/Supervised,6400,0.37759506702423096,1766255618.5562942
Loss/Supervised,6450,0.4462473690509796,1766255734.9768994
Loss/Supervised,6500,0.4482249319553375,1766255847.422033
Loss/Supervised,6550,0.3926788568496704,1766255962.7251253
Loss/Supervised,6600,0.5577789545059204,1766256073.201422
Loss/Supervised,6650,0.5059031844139099,1766256185.7267203
Loss/Supervised,6700,0.4030546247959137,1766256299.7675965
Loss/Supervised,6750,0.5199463963508606,1766256415.2264555
Loss/Supervised,6800,0.5307968258857727,1766256524.1734872
Loss/Supervised,6850,0.758181095123291,1766256636.9441261
Loss/Supervised,6900,0.6042772531509399,1766256751.8712015
Loss/Supervised,6950,0.4068619906902313,1766256863.376049
Loss/Supervised,7000,0.3871060013771057,1766256976.7815673
Loss/Supervised,7050,0.5605266690254211,1766257087.7772725
Loss/Supervised,7100,0.46113887429237366,1766257198.5922294
Loss/Supervised,7150,0.39968082308769226,1766257308.4489717
Loss/Supervised,7200,0.3400682508945465,1766257422.0030088
Loss/Supervised,7250,0.6256681680679321,1766257532.2495692
Loss/Supervised,7300,0.366684228181839,1766257642.7870696
Loss/Supervised,7350,0.5428441762924194,1766257751.4033697
Loss/Supervised,7400,0.4460674226284027,1766257862.009111
Loss/Supervised,7450,0.48467883467674255,1766257977.4874473
Loss/Supervised,7500,0.44119152426719666,1766258086.4130867
Loss/Supervised,7550,0.48848989605903625,1766258197.4203727
Loss/Supervised,7600,0.5742437243461609,1766258307.171795
Loss/Supervised,7650,0.746868371963501,1766258417.2079492
Loss/Supervised,7700,0.5010126233100891,1766258528.7177534
Loss/Supervised,7750,0.45010286569595337,1766258640.248609
Loss/Supervised,7800,0.35970237851142883,1766258756.7829866
Loss/Supervised,7850,0.3842904269695282,1766258869.47873
Loss/Supervised,7900,0.48717135190963745,1766258983.9432805
Loss/Supervised,7950,0.3338407278060913,1766259096.5244281
Loss/Supervised,8000,0.47230151295661926,1766259209.9858768
Loss/Supervised,8050,0.4909423589706421,1766259322.3274906
Loss/Supervised,8100,0.2852863371372223,1766259433.050768
Loss/Supervised,8150,0.5448887348175049,1766259543.2820115
Loss/Supervised,8200,0.595588743686676,1766259655.510506
Loss/Supervised,8250,0.642994225025177,1766259767.00474
Loss/Supervised,8300,0.3711123764514923,1766259879.3558226
Loss/Supervised,8350,0.6444317102432251,1766259990.8125412
Loss/Supervised,8400,0.5900288224220276,1766260100.613224
Loss/Supervised,8450,0.3488737940788269,1766260217.0002973
Loss/Supervised,8500,0.5393742918968201,1766260328.9522438
Loss/Supervised,8550,0.4947488307952881,1766260441.385346
Loss/Supervised,8600,0.4157552123069763,1766260550.6620865
Loss/Supervised,8650,0.416110634803772,1766260663.1666594
Loss/Supervised,8700,0.43052464723587036,1766260775.8285844
Loss/Supervised,8750,0.43845662474632263,1766260888.8041866
Loss/Supervised,8800,0.4547806978225708,1766261004.3718634
Loss/Supervised,8850,0.8041262030601501,1766261118.132613
Loss/Supervised,8900,0.3077237606048584,1766261230.3925557
Loss/Supervised,8950,0.4711433947086334,1766261343.7936795
Loss/Supervised,9000,0.5686048865318298,1766261460.8568206
Loss/Supervised,9050,0.3907032012939453,1766261576.047576
Loss/Supervised,9100,0.42263278365135193,1766261690.9854217
Loss/Supervised,9150,0.5007611513137817,1766261803.7245111
Loss/Supervised,9200,0.38805606961250305,1766261917.7395542
Loss/Supervised,9250,0.4491557478904724,1766262031.4300299
Loss/Supervised,9300,0.7716315388679504,1766262145.699055
Loss/Supervised,9350,0.580866813659668,1766262260.1692677
Loss/Supervised,9400,0.4435022175312042,1766262371.8484242
Loss/Supervised,9450,0.5452460050582886,1766262481.9957728
Loss/Supervised,9500,0.5564068555831909,1766262592.9442863
Loss/Supervised,9550,0.6110004782676697,1766262703.9217954
Loss/Supervised,9600,0.30990394949913025,1766262814.9578147
Loss/Supervised,9650,0.5335718989372253,1766262927.3266196
Loss/Supervised,9700,0.39858633279800415,1766263037.3634367
Loss/Supervised,9750,0.4126202166080475,1766263150.2548122
Loss/Supervised,9800,0.44220519065856934,1766263263.1228821
Loss/Supervised,9850,0.46177029609680176,1766263376.148697
Loss/Supervised,9900,0.356132447719574,1766263487.4065871
Loss/Supervised,9950,0.5832313895225525,1766263603.165957
Loss/Supervised,10000,0.49950793385505676,1766263715.39553
Loss/Supervised,10050,0.583818793296814,1766263823.7190082
Loss/Supervised,10100,0.545254111289978,1766263937.253637
Loss/Supervised,10150,0.5364026427268982,1766264050.79959
Loss/Supervised,10200,0.45800819993019104,1766264162.294703
Loss/Supervised,10250,0.4487529993057251,1766264270.7179325
Loss/Supervised,10300,0.44621866941452026,1766264386.6178422
Loss/Supervised,10350,0.4844261407852173,1766264501.684112
Loss/Supervised,10400,0.4738461673259735,1766264612.7011583
Loss/Supervised,10450,0.5223686695098877,1766264725.734906
Loss/Supervised,10500,0.7175440788269043,1766264841.5406382
Loss/Supervised,10550,0.42299240827560425,1766264953.1395977
Loss/Supervised,10600,0.393200159072876,1766265066.029947
Loss/Supervised,10650,0.7227636575698853,1766265176.1001594
Loss/Supervised,10700,0.5296018123626709,1766265287.4470446
Loss/Supervised,10750,0.5426602363586426,1766265402.640484
Loss/Supervised,10800,0.36657682061195374,1766265518.1845732
Loss/Supervised,10850,0.3751938045024872,1766265629.8664007
Loss/Supervised,10900,0.4279167354106903,1766265744.3420947
Loss/Supervised,10950,0.39444953203201294,1766265857.8955455
Loss/Supervised,11000,0.5798883438110352,1766265968.8068433
Loss/Supervised,11050,0.4590621292591095,1766266081.561251
Loss/Supervised,11100,0.4541732370853424,1766266196.6301594
Loss/Supervised,11150,0.45072343945503235,1766266307.119666
Loss/Supervised,11200,0.6397039890289307,1766266424.502612
Loss/Supervised,11250,0.43668317794799805,1766266535.2248545
Loss/Supervised,11300,0.3991008400917053,1766266650.022746
Loss/Supervised,11350,0.4451786279678345,1766266761.4207218
Loss/Supervised,11400,0.4164896607398987,1766266874.5834045
Loss/Supervised,11450,0.49298086762428284,1766266987.795808
Loss/Supervised,11500,0.6206738352775574,1766267097.8923461
Loss/Supervised,11550,0.5123869180679321,1766267212.389209
Loss/Supervised,11600,0.6547985672950745,1766267326.3100603
Loss/Supervised,11650,0.44288861751556396,1766267436.5233836
Loss/Supervised,11700,0.530711829662323,1766267546.9657059
Loss/Supervised,11750,0.4246222674846649,1766267660.741248
Loss/Supervised,11800,0.541254460811615,1766267773.156246
Loss/Supervised,11850,0.46960800886154175,1766267889.2543771
Loss/Supervised,11900,0.35109931230545044,1766268004.681134
Loss/Supervised,11950,0.49848389625549316,1766268117.4778094
Loss/Supervised,12000,0.5178912878036499,1766268229.4083748
Loss/Supervised,12050,0.43206897377967834,1766268341.1614792
Loss/Supervised,12100,0.4466007649898529,1766268455.5478387
Loss/Supervised,12150,0.48960185050964355,1766268568.8688936
Loss/Supervised,12200,0.5600709319114685,1766268684.6280613
Loss/Supervised,12250,0.4274422228336334,1766268798.1571705
Loss/Supervised,12300,0.4312264919281006,1766268909.8942294
Loss/Supervised,12350,0.4945608675479889,1766269022.510591
Loss/Supervised,12400,0.6463100910186768,1766269138.6087599
Loss/Supervised,12450,0.5602347254753113,1766269252.4344485
Loss/Supervised,12500,0.5571905970573425,1766269365.1438663
Loss/Supervised,12550,0.4799787402153015,1766269478.3065314
Loss/Supervised,12600,0.417722225189209,1766269591.3254988
Loss/Supervised,12650,0.35256755352020264,1766269709.4886217
Loss/Supervised,12700,0.5917066931724548,1766269822.2096124
Loss/Supervised,12750,0.3539257049560547,1766269935.237228
Loss/Supervised,12800,0.6304898858070374,1766270049.1618373
Loss/Supervised,12850,0.5442824363708496,1766270165.2653577
Loss/Supervised,12900,0.4117710590362549,1766270273.6216013
Loss/Supervised,12950,0.4958510100841522,1766270381.560099
Loss/Supervised,13000,0.4124954342842102,1766270497.704532
Loss/Supervised,13050,0.43032369017601013,1766270610.8387187
Loss/Supervised,13100,0.2680644989013672,1766270721.3462136
Loss/Supervised,13150,0.33812403678894043,1766270834.7948124
Loss/Supervised,13200,0.5223642587661743,1766270948.033713
Loss/Supervised,13250,0.6026687622070312,1766271062.706856
Loss/Supervised,13300,0.4569390118122101,1766271173.200592
Loss/Supervised,13350,0.44380033016204834,1766271289.3071666
Loss/Supervised,13400,0.4200647473335266,1766271399.631338
Loss/Supervised,13450,0.4018702805042267,1766271511.8700037
Loss/Supervised,13500,0.6036878824234009,1766271621.46541
Loss/Supervised,13550,0.4024231433868408,1766271731.9523811
Loss/Supervised,13600,0.3847426176071167,1766271846.2569525
Loss/Supervised,13650,0.39453572034835815,1766271959.7553449
Loss/Supervised,13700,0.3977262079715729,1766272071.3738515
Loss/Supervised,13750,0.48344695568084717,1766272181.638219
Loss/Supervised,13800,0.5312931537628174,1766272292.8259559
Loss/Supervised,13850,0.42221587896347046,1766272405.1973343
Loss/Supervised,13900,0.40959054231643677,1766272513.4313638
Loss/Supervised,13950,0.508205235004425,1766272627.2594938
Loss/Supervised,14000,0.3449755012989044,1766272742.5435824
Loss/Supervised,14050,0.5489903688430786,1766272857.869969
Loss/Supervised,14100,0.4276205897331238,1766272967.9690466
Loss/Supervised,14150,0.4897938370704651,1766273082.326255
Loss/Supervised,14200,0.48935672640800476,1766273195.7273395
Loss/Supervised,14250,0.458499014377594,1766273308.8327372
Loss/Supervised,14300,0.40060049295425415,1766273420.5304205
Loss/Supervised,14350,0.36036062240600586,1766273532.8069112
Loss/Supervised,14400,0.4789700210094452,1766273645.7787259
Loss/Supervised,14450,0.36885708570480347,1766273757.099831
Loss/Supervised,14500,0.6442556381225586,1766273867.5450473
Loss/Supervised,14550,0.37471073865890503,1766273981.2911506
Loss/Supervised,14600,0.6026206612586975,1766274094.8844693
Loss/Supervised,14650,0.5211193561553955,1766274207.0433378
Loss/Supervised,14700,0.5076498985290527,1766274318.9023006
Loss/Supervised,14750,0.4920513331890106,1766274436.1102083
Loss/Supervised,14800,0.5199061632156372,1766274550.3443139
Loss/Supervised,14850,0.621127188205719,1766274662.7486796
Loss/Supervised,14900,0.5900039076805115,1766274776.3068953
Loss/Supervised,14950,0.4499136805534363,1766274891.8724606
Loss/Supervised,15000,0.5891309976577759,1766275007.666204
Loss/Supervised,15050,0.3844524919986725,1766275119.9806843
Loss/Supervised,15100,0.49648380279541016,1766275230.5996265
Loss/Supervised,15150,0.584036111831665,1766275341.750935
Loss/Supervised,15200,0.4526875913143158,1766275455.8495913
Loss/Supervised,15250,0.43314677476882935,1766275570.52404
Loss/Supervised,15300,0.44288280606269836,1766275682.1781669
Loss/Supervised,15350,0.4217801094055176,1766275797.441965
Loss/Supervised,15400,0.6017060279846191,1766275909.1009417
Loss/Supervised,15450,0.49330636858940125,1766276023.5487056
Loss/Supervised,15500,0.4400363862514496,1766276131.6980927
Loss/Supervised,15550,0.6273514628410339,1766276246.197171
Loss/Supervised,15600,0.41403186321258545,1766276359.7856076
Loss/Supervised,15650,0.44288870692253113,1766276472.3002598
Loss/Supervised,15700,0.5889054536819458,1766276586.3345242
Loss/Supervised,15750,0.4571080803871155,1766276698.3327436
Loss/Supervised,15800,0.6305106282234192,1766276808.9327471
Loss/Supervised,15850,0.44521719217300415,1766276919.195547
Loss/Supervised,15900,0.5065650939941406,1766277033.8122032
Loss/Supervised,15950,0.33650726079940796,1766277145.023268
Loss/Supervised,16000,0.4133148789405823,1766277257.941858
Loss/Supervised,16050,0.5519980192184448,1766277370.3145545
Loss/Supervised,16100,0.5861206650733948,1766277484.7906084
Loss/Supervised,16150,0.4005237817764282,1766277598.4957485
Loss/Supervised,16200,0.4867863655090332,1766277711.5365798
Loss/Supervised,16250,0.5218149423599243,1766277825.9051485
Loss/Supervised,16300,0.40805232524871826,1766277939.551695
Loss/Supervised,16350,0.46973752975463867,1766278053.202124
Loss/Supervised,16400,0.5985718369483948,1766278165.523408
Loss/Supervised,16450,0.4191422462463379,1766278278.77927
Loss/Supervised,16500,0.6457708477973938,1766278391.8323474
Loss/Supervised,16550,0.3864014446735382,1766278506.336045
Loss/Supervised,16600,0.3846167027950287,1766278622.9904761
Loss/Supervised,16650,0.406391978263855,1766278734.8219728
Loss/Supervised,16700,0.47586819529533386,1766278851.2952456
Loss/Supervised,16750,0.4568500220775604,1766278963.3778002
Loss/Supervised,16800,0.3963388204574585,1766279075.8796704
Loss/Supervised,16850,0.31297314167022705,1766279189.7787318
Loss/Supervised,16900,0.5253583192825317,1766279305.635453
Loss/Supervised,16950,0.4400666356086731,1766279417.5612233
Loss/Supervised,17000,0.49669116735458374,1766279531.5444858
Loss/Supervised,17050,0.4023112654685974,1766279642.0176938
Loss/Supervised,17100,0.4520547389984131,1766279754.2864177
Loss/Supervised,17150,0.4522835910320282,1766279868.4892535
Loss/Supervised,17200,0.36328932642936707,1766279980.9369955
Loss/Supervised,17250,0.4856659770011902,1766280093.5910726
Loss/Supervised,17300,0.4212397038936615,1766280208.330591
Loss/Supervised,17350,0.41392436623573303,1766280317.1271122
Loss/Supervised,17400,0.44783204793930054,1766280426.2839215
Loss/Supervised,17450,0.31205567717552185,1766280543.8701982
Loss/Supervised,17500,0.42908093333244324,1766280659.575817
Loss/Supervised,17550,0.507958710193634,1766280770.2988386
Loss/Supervised,17600,0.46404969692230225,1766280882.9462833
Loss/Supervised,17650,0.5194126963615417,1766280996.0783007
Loss/Supervised,17700,0.3982270061969757,1766281114.1187248
Loss/Supervised,17750,0.5331330895423889,1766281227.34289
Loss/Supervised,17800,0.4255387783050537,1766281339.0119355
Loss/Supervised,17850,0.3456759750843048,1766281452.89512
Loss/Supervised,17900,0.3876420855522156,1766281569.915697
Loss/Supervised,17950,0.5133939981460571,1766281679.379594
Loss/Supervised,18000,0.5274915099143982,1766281798.499265
Loss/Supervised,18050,0.5307446122169495,1766281909.68147
Loss/Supervised,18100,0.2823140621185303,1766282023.5020864
Loss/Supervised,18150,0.5280166268348694,1766282136.9406276
Loss/Supervised,18200,0.5068826079368591,1766282251.274011
Loss/Supervised,18250,0.5727513432502747,1766282359.4460366
Loss/Supervised,18300,0.4307892620563507,1766282473.006261
Loss/Supervised,18350,0.6172057390213013,1766282587.7433012
Loss/Supervised,18400,0.5908543467521667,1766282704.8051198
Loss/Supervised,18450,0.46228504180908203,1766282814.7469568
Loss/Supervised,18500,0.5066528916358948,1766282926.4485338
Loss/Supervised,18550,0.36981821060180664,1766283042.635253
Loss/Supervised,18600,0.38575586676597595,1766283156.0412443
Loss/Supervised,18650,0.41722312569618225,1766283267.6372547
Loss/Supervised,18700,0.4704594016075134,1766283377.781231
Loss/Supervised,18750,0.5312607884407043,1766283491.7510595
Loss/Supervised,18800,0.4221216142177582,1766283606.182004
Loss/Supervised,18850,0.38402798771858215,1766283716.7415102
Loss/Supervised,18900,0.40889424085617065,1766283830.956415
Loss/Supervised,18950,0.5226336717605591,1766283942.5892704
Loss/Supervised,19000,0.3544277548789978,1766284054.0879846
Loss/Supervised,19050,0.4384585916996002,1766284165.9048235
Loss/Supervised,19100,0.5767269134521484,1766284275.0514684
Loss/Supervised,19150,0.3935597240924835,1766284386.8803458
Loss/Supervised,19200,0.45909467339515686,1766284496.2511647
Loss/Supervised,19250,0.5051718354225159,1766284608.497911
Loss/Supervised,19300,0.39882031083106995,1766284723.716397
Loss/Supervised,19350,0.5090938806533813,1766284836.7325468
Loss/Supervised,19400,0.3753565847873688,1766284951.4592772
Loss/Supervised,19450,0.3922910988330841,1766285066.5367115
Loss/Supervised,19500,0.46454355120658875,1766285175.9103792
Loss/Supervised,19550,0.4834469258785248,1766285289.5838785
Loss/Supervised,19600,0.5038444995880127,1766285405.079878
Loss/Supervised,19650,0.4260576665401459,1766285519.8508584
Loss/Supervised,19700,0.5984371304512024,1766285632.7042568
Loss/Supervised,19750,0.44194531440734863,1766285747.5795581
Loss/Supervised,19800,0.5725025534629822,1766285860.3259506
Loss/Supervised,19850,0.41473981738090515,1766285972.2361674
Loss/Supervised,19900,0.47860199213027954,1766286081.2693803
Loss/Supervised,19950,0.6680684685707092,1766286196.576394
Loss/Supervised,20000,0.4190198481082916,1766286308.9646273
Loss/Supervised,20050,0.5905894041061401,1766286423.5693457
Loss/Supervised,20100,0.48477140069007874,1766286535.8205202
Loss/Supervised,20150,0.5233339667320251,1766286649.9011955
Loss/Supervised,20200,0.5733221173286438,1766286763.110996
Loss/Supervised,20250,0.46236374974250793,1766286871.6824272
Loss/Supervised,20300,0.42212772369384766,1766286986.8023915
Loss/Supervised,20350,0.3520676791667938,1766287102.0710208
Loss/Supervised,20400,0.41004225611686707,1766287216.449881
Loss/Supervised,20450,0.4267602264881134,1766287327.3038392
Loss/Supervised,20500,0.48029181361198425,1766287438.6496267
Loss/Supervised,20550,0.46324414014816284,1766287552.9917936
Loss/Supervised,20600,0.6847571134567261,1766287668.445764
Loss/Supervised,20650,0.48222318291664124,1766287782.6533868
Loss/Supervised,20700,0.5596468448638916,1766287894.6451998
Loss/Supervised,20750,0.42253750562667847,1766288007.678197
Loss/Supervised,20800,0.45724448561668396,1766288120.4697237
Loss/Supervised,20850,0.4774763882160187,1766288230.8909428
Loss/Supervised,20900,0.47923317551612854,1766288346.2397428
Loss/Supervised,20950,0.4126102030277252,1766288459.8625772
Loss/Supervised,21000,0.6613762378692627,1766288573.9812245
Loss/Supervised,21050,0.504019558429718,1766288687.6625447
Loss/Supervised,21100,0.5485879182815552,1766288800.77755
Loss/Supervised,21150,0.4087026119232178,1766288911.5562484
Loss/Supervised,21200,0.4533977508544922,1766289021.4581158
Loss/Supervised,21250,0.5172015428543091,1766289133.953423
Loss/Supervised,21300,0.4868025779724121,1766289247.0769076
Loss/Supervised,21350,0.557610809803009,1766289357.951416
Loss/Supervised,21400,0.4837387800216675,1766289466.727207
Loss/Supervised,21450,0.46083545684814453,1766289579.9445508
Loss/Supervised,21500,0.5487444400787354,1766289696.1938465
Loss/Supervised,21550,0.48192766308784485,1766289807.499853
Loss/Supervised,21600,0.39311861991882324,1766289920.8038309
Loss/Supervised,21650,0.4137929081916809,1766290034.377548
Loss/Supervised,21700,0.4232351779937744,1766290147.929101
Loss/Supervised,21750,0.5204718112945557,1766290257.0657988
Loss/Supervised,21800,0.3781231641769409,1766290368.1982532
Loss/Supervised,21850,0.36899617314338684,1766290478.7998497
Loss/Supervised,21900,0.4641662836074829,1766290593.3299544
Loss/Supervised,21950,0.46164458990097046,1766290706.6103497
Loss/Supervised,22000,0.532113254070282,1766290820.4023988
Loss/Supervised,22050,0.4916955232620239,1766290936.0117295
Loss/Supervised,22100,0.4450792968273163,1766291051.6337883
Loss/Supervised,22150,0.46488022804260254,1766291165.862179
Loss/Supervised,22200,0.4269882142543793,1766291278.6646225
Loss/Supervised,22250,0.6873906254768372,1766291390.1678567
Loss/Supervised,22300,0.35421568155288696,1766291507.2527137
Loss/Supervised,22350,0.40574362874031067,1766291619.2630923
Loss/Supervised,22400,0.3848811388015747,1766291729.8592653
Loss/Supervised,22450,0.41144704818725586,1766291845.8361397
Loss/Supervised,22500,0.6107507944107056,1766291956.7490752
Loss/Supervised,22550,0.4430239200592041,1766292071.8255863
Loss/Supervised,22600,0.42527347803115845,1766292184.8989515
Loss/Supervised,22650,0.4309404194355011,1766292295.1198304
Loss/Supervised,22700,0.597491443157196,1766292410.6006575
Loss/Supervised,22750,0.6678656339645386,1766292523.2578871
Loss/Supervised,22800,0.44683125615119934,1766292637.4232585
Loss/Supervised,22850,0.4878844618797302,1766292749.2587948
Loss/Supervised,22900,0.49443912506103516,1766292862.673103
Loss/Supervised,22950,0.4224168658256531,1766292975.2771633
Loss/Supervised,23000,0.5780623555183411,1766293087.3660321
Loss/Supervised,23050,0.48630473017692566,1766293195.5764842
Loss/Supervised,23100,0.39772656559944153,1766293310.9557033
Loss/Supervised,23150,0.49168142676353455,1766293422.4310443
Loss/Supervised,23200,0.37070220708847046,1766293536.7927055
Loss/Supervised,23250,0.5317797064781189,1766293651.8748374
Loss/Supervised,23300,0.4807186722755432,1766293763.3648732
Loss/Supervised,23350,0.46290045976638794,1766293878.887896
Loss/Supervised,23400,0.37985745072364807,1766293992.6162338
Loss/Supervised,23450,0.3421143591403961,1766294108.80224
Loss/Supervised,23500,0.3939003348350525,1766294225.4440968
Loss/Supervised,23550,0.47505003213882446,1766294336.5568318
Loss/Supervised,23600,0.3949309289455414,1766294449.567129
Loss/Supervised,23650,0.49595752358436584,1766294562.2570271
Loss/Supervised,23700,0.39986804127693176,1766294673.8180826
Loss/Supervised,23750,0.4744359850883484,1766294785.4767828
Loss/Supervised,23800,0.49338194727897644,1766294893.9041004
Loss/Supervised,23850,0.49822747707366943,1766295005.8004405
Loss/Supervised,23900,0.486838698387146,1766295118.225399
Loss/Supervised,23950,0.5246207118034363,1766295234.4736857
Loss/Supervised,24000,0.4474567174911499,1766295346.4708412
Loss/Supervised,24050,0.5541171431541443,1766295461.3759792
Loss/Supervised,24100,0.6271161437034607,1766295575.8253531
Loss/Supervised,24150,0.4199064075946808,1766295687.276836
Loss/Supervised,24200,0.44309189915657043,1766295799.74532
Loss/Supervised,24250,0.5306410789489746,1766295912.3191266
Loss/Supervised,24300,0.6721401214599609,1766296026.028093
Loss/Supervised,24350,0.4901304841041565,1766296139.199594
Loss/Supervised,24400,0.3930191099643707,1766296252.1486456
Loss/Supervised,24450,0.3807867169380188,1766296360.5167232
Loss/Supervised,24500,0.4413270652294159,1766296475.0523243
Loss/Supervised,24550,0.36629918217658997,1766296584.0089319
Loss/Supervised,24600,0.47914424538612366,1766296700.6681457
Loss/Supervised,24650,0.4106679856777191,1766296811.9334955
Loss/Supervised,24700,0.49864882230758667,1766296923.6214569
Loss/Supervised,24750,0.3634742796421051,1766297036.010665
Loss/Supervised,24800,0.4199344217777252,1766297148.9405582
Loss/Supervised,24850,0.3303423225879669,1766297263.503114
Loss/Supervised,24900,0.4090556204319,1766297376.3973188
Loss/Supervised,24950,0.6461744904518127,1766297489.2337794
Loss/Supervised,25000,0.6145371198654175,1766297600.0831206
Loss/Supervised,25050,0.6336827874183655,1766297709.452892
Loss/Supervised,25100,0.6020128130912781,1766297821.2975485
Loss/Supervised,25150,0.4276391863822937,1766297936.6161845
Loss/Supervised,25200,0.5130056142807007,1766298044.8956976
Loss/Supervised,25250,0.3926275968551636,1766298156.5176492
Loss/Supervised,25300,0.4788019359111786,1766298266.0718226
Loss/Supervised,25350,0.5187574028968811,1766298377.46955
Loss/Supervised,25400,0.4816620945930481,1766298493.4561753
Loss/Supervised,25450,0.41397470235824585,1766298605.82215
Loss/Supervised,25500,0.504058837890625,1766298717.2873151
Loss/Supervised,25550,0.4572334587574005,1766298829.2337103
Loss/Supervised,25600,0.3822441101074219,1766298938.2646654
Loss/Supervised,25650,0.41980406641960144,1766299050.9661686
Loss/Supervised,25700,0.5247052311897278,1766299166.1934085
Loss/Supervised,25750,0.49049606919288635,1766299278.208507
Loss/Supervised,25800,0.4488261342048645,1766299390.632041
Loss/Supervised,25850,0.44378042221069336,1766299506.1673207
Loss/Supervised,25900,0.49911394715309143,1766299618.1806974
Loss/Supervised,25950,0.48086878657341003,1766299728.364501
Loss/Supervised,26000,0.38317400217056274,1766299843.07518
Loss/Supervised,26050,0.4046039581298828,1766299953.0012572
Loss/Supervised,26100,0.3342714011669159,1766300067.2392294
Loss/Supervised,26150,0.4320986568927765,1766300180.3391976
Loss/Supervised,26200,0.3291354477405548,1766300293.9343932
Loss/Supervised,26250,0.391530841588974,1766300404.6683202
Loss/Supervised,26300,0.44608625769615173,1766300518.2181787
Loss/Supervised,26350,0.4174041748046875,1766300629.5174897
Loss/Supervised,26400,0.5768557786941528,1766300740.4472249
Loss/Supervised,26450,0.5018500089645386,1766300853.9518304
Loss/Supervised,26500,0.5411098003387451,1766300965.7480102
Loss/Supervised,26550,0.3716880977153778,1766301080.0012703
Loss/Supervised,26600,0.49598416686058044,1766301193.7882795
Loss/Supervised,26650,0.3739520013332367,1766301304.2848594
Loss/Supervised,26700,0.41145914793014526,1766301419.3748796
Loss/Supervised,26750,0.3784426748752594,1766301532.3792932
Loss/Supervised,26800,0.5436437129974365,1766301648.1600568
Loss/Supervised,26850,0.45253387093544006,1766301760.6760066
Loss/Supervised,26900,0.4856798052787781,1766301871.5202868
Loss/Supervised,26950,0.5868209600448608,1766301984.7258427
Loss/Supervised,27000,0.43748939037323,1766302095.2456644
Loss/Supervised,27050,0.2867391109466553,1766302204.5454154
Loss/Supervised,27100,0.4119942784309387,1766302319.177461
Loss/Supervised,27150,0.6152907609939575,1766302430.1702583
Loss/Supervised,27200,0.3857048749923706,1766302541.9751225
Loss/Supervised,27250,0.400234580039978,1766302657.6461582
Loss/Supervised,27300,0.5275821685791016,1766302769.7172189
Loss/Supervised,27350,0.4044894576072693,1766302884.5287971
Loss/Supervised,27400,0.39899328351020813,1766302997.5324962
Loss/Supervised,27450,0.33079400658607483,1766303110.8505495
Loss/Supervised,27500,0.4322148859500885,1766303219.071593
Loss/Supervised,27550,0.3818395435810089,1766303334.4893184
Loss/Supervised,27600,0.49606022238731384,1766303450.6747751
Loss/Supervised,27650,0.42670783400535583,1766303564.9011145
Loss/Supervised,27700,0.35013407468795776,1766303677.6473427
Loss/Supervised,27750,0.4311443269252777,1766303790.238902
Loss/Supervised,27800,0.6407667994499207,1766303903.6466587
Loss/Supervised,27850,0.5603252649307251,1766304013.9766204
Loss/Supervised,27900,0.4255962669849396,1766304125.9615257
Loss/Supervised,27950,0.5213658809661865,1766304240.808257
Loss/Supervised,28000,0.3105536699295044,1766304348.014089
Loss/Supervised,28050,0.5560716390609741,1766304459.1891346
Loss/Supervised,28100,0.37634602189064026,1766304570.2468865
Loss/Supervised,28150,0.4514527916908264,1766304683.4752238
Loss/Supervised,28200,0.621512770652771,1766304796.446715
Loss/Supervised,28250,0.4618106484413147,1766304908.5578537
Loss/Supervised,28300,0.5471480488777161,1766305022.699844
Loss/Supervised,28350,0.32187482714653015,1766305128.4387524
Loss/Supervised,28400,0.34830978512763977,1766305241.0219102
Loss/Supervised,28450,0.3054696321487427,1766305354.8513372
Loss/Supervised,28500,0.3904992341995239,1766305468.9326193
Loss/Supervised,28550,0.34828895330429077,1766305577.775909
Loss/Supervised,28600,0.44109654426574707,1766305689.6384768
Loss/Supervised,28650,0.4407947361469269,1766305802.5661304
Loss/Supervised,28700,0.33093732595443726,1766305917.0437908
Loss/Supervised,28750,0.4119199514389038,1766306031.6708927
Loss/Supervised,28800,0.3833659291267395,1766306145.5811188
Loss/Supervised,28850,0.3685216009616852,1766306255.9601305
Loss/Supervised,28900,0.46828094124794006,1766306368.87429
Loss/Supervised,28950,0.33811241388320923,1766306483.2405217
Loss/Supervised,29000,0.4871317446231842,1766306596.7906218
Loss/Supervised,29050,0.4307782053947449,1766306709.9646165
Loss/Supervised,29100,0.6119742393493652,1766306820.2485726
Loss/Supervised,29150,0.45303404331207275,1766306932.099177
Loss/Supervised,29200,0.45234501361846924,1766307047.03616
Loss/Supervised,29250,0.7857962250709534,1766307158.078485
Loss/Supervised,29300,0.39605066180229187,1766307272.6549628
Loss/Supervised,29350,0.3860623836517334,1766307388.5472763
Loss/Supervised,29400,0.38994234800338745,1766307505.164632
Loss/Supervised,29450,0.42654579877853394,1766307617.508559
Loss/Supervised,29500,0.46088775992393494,1766307730.6724265
Loss/Supervised,29550,0.48861342668533325,1766307840.9817836
Loss/Supervised,29600,0.43096089363098145,1766307954.9573739
Loss/Supervised,29650,0.3073326349258423,1766308065.457321
Loss/Supervised,29700,0.5025424957275391,1766308178.8671384
Loss/Supervised,29750,0.6202320456504822,1766308292.265324
Loss/Supervised,29800,0.3821117579936981,1766308405.1956391
Loss/Supervised,29850,0.4389146864414215,1766308516.8528273
Loss/Supervised,29900,0.5208590030670166,1766308623.6584587
Loss/Supervised,29950,0.4384468197822571,1766308735.7095642
Loss/Supervised,30000,0.3348853588104248,1766308852.640618
Loss/Supervised,30050,0.34476515650749207,1766308966.9858534
Loss/Supervised,30100,0.41265714168548584,1766309081.350842
Loss/Supervised,30150,0.39726805686950684,1766309193.9396095
Loss/Supervised,30200,0.4316771328449249,1766309311.2105696
Loss/Supervised,30250,0.45326289534568787,1766309425.5317178
Loss/Supervised,30300,0.4273515045642853,1766309538.0358286
Loss/Supervised,30350,0.40884360671043396,1766309652.4344606
Loss/Supervised,30400,0.36924487352371216,1766309762.069175
Loss/Supervised,30450,0.31475940346717834,1766309874.0175974
Loss/Supervised,30500,0.41551268100738525,1766309984.9237566
Loss/Supervised,30550,0.4490091800689697,1766310099.7835565
Loss/Supervised,30600,0.4400654137134552,1766310213.568098
Loss/Supervised,30650,0.41404977440834045,1766310326.7871013
Loss/Supervised,30700,0.4116516411304474,1766310441.3398163
Loss/Supervised,30750,0.4338794946670532,1766310553.8659823
Loss/Supervised,30800,0.3228248953819275,1766310664.3321307
Loss/Supervised,30850,0.43145516514778137,1766310775.3303654
Loss/Supervised,30900,0.6411125063896179,1766310884.3556073
Loss/Supervised,30950,0.3917795419692993,1766310996.1316922
Loss/Supervised,31000,0.4120180010795593,1766311110.919426
Loss/Supervised,31050,0.42869576811790466,1766311226.5525732
Loss/Supervised,31100,0.6953721046447754,1766311335.7777367
Loss/Supervised,31150,0.3938400447368622,1766311449.8825228
Loss/Supervised,31200,0.3797365128993988,1766311563.151129
Loss/Supervised,31250,0.8668069243431091,1766311674.6102812
Loss/Supervised,31300,0.4323020875453949,1766311787.2322888
Loss/Supervised,31350,0.5424133539199829,1766311898.9011827
Loss/Supervised,31400,0.4458450675010681,1766312011.2029638
Loss/Supervised,31450,0.4426090717315674,1766312128.5304327
Loss/Supervised,31500,0.46317195892333984,1766312244.1073854
Loss/Supervised,31550,0.4019945561885834,1766312355.9847224
Loss/Supervised,31600,0.3599921464920044,1766312464.846876
Loss/Supervised,31650,0.321071594953537,1766312577.7756784
Loss/Supervised,31700,0.4227139353752136,1766312691.714685
Loss/Supervised,31750,0.35874143242836,1766312801.7360883
Loss/Supervised,31800,0.37461474537849426,1766312917.298278
Loss/Supervised,31850,0.41032537817955017,1766313023.6853626
Loss/Supervised,31900,0.41524118185043335,1766313135.4122357
Loss/Supervised,31950,0.349359393119812,1766313249.6126406
Loss/Supervised,32000,0.3718504309654236,1766313364.3738885
Loss/Supervised,32050,0.45173582434654236,1766313479.2851572
Loss/Supervised,32100,0.3996034860610962,1766313588.7349246
Loss/Supervised,32150,0.6023193001747131,1766313698.4061532
Loss/Supervised,32200,0.44536536931991577,1766313812.8820236
Loss/Supervised,32250,0.5217015147209167,1766313928.471156
Loss/Supervised,32300,0.2919377088546753,1766314041.1350026
Loss/Supervised,32350,0.4339533746242523,1766314153.291208
Loss/Supervised,32400,0.41560739278793335,1766314269.5498888
Loss/Supervised,32450,0.3754461705684662,1766314378.9522886
Loss/Supervised,32500,0.46226802468299866,1766314493.7679787
Loss/Supervised,32550,0.3892829120159149,1766314608.1356182
Loss/Supervised,32600,0.42844608426094055,1766314722.685347
Loss/Supervised,32650,0.24505285918712616,1766314838.334904
Loss/Supervised,32700,0.4647041857242584,1766314949.856674
Loss/Supervised,32750,0.4933262765407562,1766315063.310635
Loss/Supervised,32800,0.4496554136276245,1766315172.5938098
Loss/Supervised,32850,0.41517022252082825,1766315285.2900002
Loss/Supervised,32900,0.5321680307388306,1766315399.9542897
Loss/Supervised,32950,0.41671332716941833,1766315513.998592
Loss/Supervised,33000,0.5746392607688904,1766315626.2450933
Loss/Supervised,33050,0.4352869391441345,1766315742.3809595
Loss/Supervised,33100,0.46289950609207153,1766315856.0552628
Loss/Supervised,33150,0.4620931148529053,1766315970.6124232
Loss/Supervised,33200,0.5406268835067749,1766316085.3911963
Loss/Supervised,33250,0.5277350544929504,1766316199.694151
Loss/Supervised,33300,0.40296465158462524,1766316314.4091196
Loss/Supervised,33350,0.4802717864513397,1766316429.5431023
Loss/Supervised,33400,0.4899158775806427,1766316543.821387
Loss/Supervised,33450,0.3631579875946045,1766316657.1766603
Loss/Supervised,33500,0.49635758996009827,1766316771.27912
Loss/Supervised,33550,0.5219740271568298,1766316884.560946
Loss/Supervised,33600,0.4819061756134033,1766316999.9244664
Loss/Supervised,33650,0.37605494260787964,1766317113.5517788
Loss/Supervised,33700,0.544291079044342,1766317230.6594322
Loss/Supervised,33750,0.4247852861881256,1766317347.1669686
Loss/Supervised,33800,0.40918946266174316,1766317459.393472
Loss/Supervised,33850,0.46289893984794617,1766317574.288613
Loss/Supervised,33900,0.3905940055847168,1766317684.0232604
Loss/Supervised,33950,0.9530330896377563,1766317793.7018096
Loss/Supervised,34000,0.7112746238708496,1766317907.0403874
Loss/Supervised,34050,0.542892575263977,1766318021.0806513
Loss/Supervised,34100,0.6658908724784851,1766318131.5912244
Loss/Supervised,34150,0.41544604301452637,1766318243.9108648
Loss/Supervised,34200,0.4392240643501282,1766318359.0719318
Loss/Supervised,34250,0.414212167263031,1766318471.6644225
Loss/Supervised,34300,0.4779130220413208,1766318582.3133626
Loss/Supervised,34350,0.5126881003379822,1766318692.8920317
Loss/Supervised,34400,0.32631218433380127,1766318802.5229461
Loss/Supervised,34450,0.3810819387435913,1766318915.7895105
Loss/Supervised,34500,0.4436105191707611,1766319027.5529175
Loss/Supervised,34550,0.4062016010284424,1766319138.9306114
Loss/Supervised,34600,0.3481726348400116,1766319252.6390429
Loss/Supervised,34650,0.5388594269752502,1766319366.5154026
Loss/Supervised,34700,0.5106226205825806,1766319481.8104084
Loss/Supervised,34750,0.6137101054191589,1766319595.3630006
Loss/Supervised,34800,0.3868386447429657,1766319703.4954917
Loss/Supervised,34850,0.41409173607826233,1766319815.9501092
Loss/Supervised,34900,0.4710391163825989,1766319927.7050424
Loss/Supervised,34950,0.40457096695899963,1766320041.3675053
Loss/Supervised,35000,0.44370508193969727,1766320152.2389247
Loss/Supervised,35050,0.42167460918426514,1766320266.5964835
Loss/Supervised,35100,0.3461291491985321,1766320379.873465
Loss/Supervised,35150,0.31199875473976135,1766320496.2396507
Loss/Supervised,35200,0.5799310207366943,1766320606.2358851
Loss/Supervised,35250,0.9250041246414185,1766320715.327994
Loss/Supervised,35300,0.3259543180465698,1766320831.271193
Loss/Supervised,35350,0.5664684176445007,1766320940.8077424
Loss/Supervised,35400,0.41813358664512634,1766321060.1173666
Loss/Supervised,35450,0.5123111605644226,1766321170.2065783
Loss/Supervised,35500,0.5108513832092285,1766321281.9541905
Loss/Supervised,35550,0.3451107144355774,1766321395.5916204
Loss/Supervised,35600,0.3861834406852722,1766321510.495767
Loss/Supervised,35650,0.3583964705467224,1766321623.7931395
Loss/Supervised,35700,0.530327320098877,1766321734.746773
Loss/Supervised,35750,0.46388527750968933,1766321849.9687192
Loss/Supervised,35800,0.3462875187397003,1766321960.4293287
Loss/Supervised,35850,0.4477307200431824,1766322074.436478
Loss/Supervised,35900,0.4774344265460968,1766322186.8231666
Loss/Supervised,35950,0.48428216576576233,1766322300.7860026
Loss/Supervised,36000,0.33909398317337036,1766322421.2163596
Loss/Supervised,36050,0.431785523891449,1766322532.8732295
Loss/Supervised,36100,0.4377056360244751,1766322648.5035343
Loss/Supervised,36150,0.9068281054496765,1766322758.49242
Loss/Supervised,36200,0.4882059097290039,1766322873.4786253
Loss/Supervised,36250,0.5495752096176147,1766322985.5267258
Loss/Supervised,36300,0.38747909665107727,1766323098.4084845
Loss/Supervised,36350,0.6040335297584534,1766323207.3002458
Loss/Supervised,36400,0.5022363662719727,1766323319.4739285
Loss/Supervised,36450,0.34467950463294983,1766323432.9849463
Loss/Supervised,36500,0.4986616373062134,1766323546.0831156
Loss/Supervised,36550,0.5223972201347351,1766323662.028766
Loss/Supervised,36600,0.4973119795322418,1766323775.9424508
Loss/Supervised,36650,0.48096975684165955,1766323888.4660094
Loss/Supervised,36700,0.5738025307655334,1766324000.3233933
Loss/Supervised,36750,0.33217114210128784,1766324115.6098058
Loss/Supervised,36800,0.3375711739063263,1766324225.6441088
Loss/Supervised,36850,0.40158045291900635,1766324340.6331625
Loss/Supervised,36900,0.5779708027839661,1766324451.107927
Loss/Supervised,36950,0.4601624608039856,1766324564.519514
Loss/Supervised,37000,0.5739938616752625,1766324679.886477
Loss/Supervised,37050,0.5772953033447266,1766324793.6601858
Loss/Supervised,37100,0.4993705153465271,1766324906.3292851
Loss/Supervised,37150,0.3733760118484497,1766325016.8428764
Loss/Supervised,37200,0.4830813407897949,1766325127.856851
Loss/Supervised,37250,0.43332773447036743,1766325241.3670862
Loss/Supervised,37300,0.63194739818573,1766325353.1266153
Loss/Supervised,37350,0.3921058773994446,1766325468.6263657
Loss/Supervised,37400,0.4608362019062042,1766325581.9277854
Loss/Supervised,37450,0.5220056176185608,1766325698.5569468
Loss/Supervised,37500,0.41094037890434265,1766325811.7143025
Loss/Supervised,37550,0.40970277786254883,1766325924.2871654
Loss/Supervised,37600,0.44748005270957947,1766326036.9989626
Loss/Supervised,37650,0.4411460757255554,1766326150.5266805
Loss/Supervised,37700,0.49269747734069824,1766326267.3887405
Loss/Supervised,37750,0.5290593504905701,1766326382.2119498
Loss/Supervised,37800,0.5667152404785156,1766326493.8659253
Loss/Supervised,37850,0.5578526854515076,1766326608.5248482
Loss/Supervised,37900,0.6748420596122742,1766326721.2170935
Loss/Supervised,37950,0.5050302147865295,1766326832.82866
Loss/Supervised,38000,0.5011920928955078,1766326947.7239149
Loss/Supervised,38050,0.3191398084163666,1766327061.810839
Loss/Supervised,38100,0.33834731578826904,1766327175.9088295
Loss/Supervised,38150,0.5931152105331421,1766327285.286621
Loss/Supervised,38200,0.35280826687812805,1766327406.1588426
Loss/Supervised,38250,0.5745273232460022,1766327515.368781
Loss/Supervised,38300,0.46490103006362915,1766327626.3846383
Loss/Supervised,38350,0.4257926344871521,1766327736.5741506
Loss/Supervised,38400,0.3909083306789398,1766327852.4434288
Loss/Supervised,38450,0.4167201817035675,1766327965.8670774
Loss/Supervised,38500,0.5280861854553223,1766328077.9595888
Loss/Supervised,38550,0.45827338099479675,1766328188.3677595
Loss/Supervised,38600,0.3711564242839813,1766328297.558951
Loss/Supervised,38650,0.9006226062774658,1766328407.6344814
Loss/Supervised,38700,0.33801448345184326,1766328517.7620118
Loss/Supervised,38750,0.48322927951812744,1766328629.3915617
Loss/Supervised,38800,0.44600051641464233,1766328741.9175823
Loss/Supervised,38850,0.35564124584198,1766328855.1731675
Loss/Supervised,38900,0.480224072933197,1766328969.4165843
Loss/Supervised,38950,0.3190053701400757,1766329081.3723907
Loss/Supervised,39000,0.36218929290771484,1766329194.7150986
Loss/Supervised,39050,0.31998953223228455,1766329306.5151992
Loss/Supervised,39100,0.44504398107528687,1766329419.7778916
Loss/Supervised,39150,0.671256959438324,1766329533.4160547
Loss/Supervised,39200,0.39123260974884033,1766329643.1505656
Loss/Supervised,39250,0.43419715762138367,1766329753.4114137
Loss/Supervised,39300,0.3924570083618164,1766329861.2136753
Loss/Supervised,39350,0.49332544207572937,1766329971.2539172
Loss/Supervised,39400,0.3513298034667969,1766330084.2281418
Loss/Supervised,39450,0.4970107078552246,1766330198.4770274
Loss/Supervised,39500,0.38958728313446045,1766330311.836609
Loss/Supervised,39550,0.5480327010154724,1766330425.7537103
Loss/Supervised,39600,0.41418054699897766,1766330537.699005
Loss/Supervised,39650,0.4796549677848816,1766330649.241153
Loss/Supervised,39700,0.3622075617313385,1766330760.4690404
Loss/Supervised,39750,0.42608699202537537,1766330874.3692145
Loss/Supervised,39800,0.4789385497570038,1766330990.0488124
Loss/Supervised,39850,0.34131085872650146,1766331102.0297036
Loss/Supervised,39900,0.3592529296875,1766331213.4746869
Loss/Supervised,39950,0.41917574405670166,1766331328.077741
Loss/Supervised,40000,0.45408886671066284,1766331440.4287713
Loss/Supervised,40050,0.3885607421398163,1766331552.3601658
Loss/Supervised,40100,0.3702795207500458,1766331666.4306633
Loss/Supervised,40150,0.4026297330856323,1766331777.44713
Loss/Supervised,40200,0.7923673391342163,1766331890.2182276
Loss/Supervised,40250,0.601850688457489,1766332001.6155381
Loss/Supervised,40300,0.5282328128814697,1766332114.9151375
Loss/Supervised,40350,0.4286993145942688,1766332225.621411
Loss/Supervised,40400,0.41682788729667664,1766332336.8748665
Loss/Supervised,40450,0.4284723699092865,1766332448.8108368
Loss/Supervised,40500,0.5412253737449646,1766332560.2005882
Loss/Supervised,40550,0.3458920419216156,1766332674.5314605
Loss/Supervised,40600,0.5285046696662903,1766332788.6284566
Loss/Supervised,40650,0.3627091646194458,1766332900.0859172
Loss/Supervised,40700,0.4515737295150757,1766333017.0421298
Loss/Supervised,40750,0.3972034454345703,1766333128.936396
Loss/Supervised,40800,0.2902900278568268,1766333242.1578767
Loss/Supervised,40850,0.2981898784637451,1766333351.495274
Loss/Supervised,40900,0.39242318272590637,1766333463.161891
Loss/Supervised,40950,0.3404497504234314,1766333572.8196003
Loss/Supervised,41000,0.49530506134033203,1766333680.8462195
Loss/Supervised,41050,0.4784516990184784,1766333795.4614954
Loss/Supervised,41100,0.3950856626033783,1766333910.0213237
Loss/Supervised,41150,0.44239652156829834,1766334023.8010151
Loss/Supervised,41200,0.5973393321037292,1766334138.098258
Loss/Supervised,41250,0.37820303440093994,1766334251.322746
Loss/Supervised,41300,0.5736161470413208,1766334364.5688474
Loss/Supervised,41350,0.3801405429840088,1766334479.116153
Loss/Supervised,41400,0.3286938965320587,1766334590.6303263
Loss/Supervised,41450,0.48645180463790894,1766334703.139458
Loss/Supervised,41500,0.4711681306362152,1766334815.6676028
Loss/Supervised,41550,0.2826712727546692,1766334928.6306186
Loss/Supervised,41600,0.37693318724632263,1766335039.0403287
Loss/Supervised,41650,0.46017301082611084,1766335156.0933256
Loss/Supervised,41700,0.4060792624950409,1766335269.2522075
Loss/Supervised,41750,0.3948992192745209,1766335381.0989468
Loss/Supervised,41800,0.40218356251716614,1766335491.7778957
Loss/Supervised,41850,0.44757169485092163,1766335605.6044104
Loss/Supervised,41900,0.4841669201850891,1766335719.59803
Loss/Supervised,41950,0.3688860237598419,1766335836.8377163
Loss/Supervised,42000,0.5899061560630798,1766335950.3807511
Loss/Supervised,42050,0.6609203219413757,1766336058.7341301
Loss/Supervised,42100,0.4089397192001343,1766336173.079178
Loss/Supervised,42150,0.39000070095062256,1766336284.9035697
Loss/Supervised,42200,0.4749281704425812,1766336397.6868124
Loss/Supervised,42250,0.2962789833545685,1766336511.9660113
Loss/Supervised,42300,0.5022993683815002,1766336625.325915
Loss/Supervised,42350,0.30538660287857056,1766336738.485259
Loss/Supervised,42400,0.4714191257953644,1766336851.9757752
Loss/Supervised,42450,0.4608473479747772,1766336965.6796985
Loss/Supervised,42500,0.412874311208725,1766337079.9870508
Loss/Supervised,42550,0.41356515884399414,1766337194.6104124
Loss/Supervised,42600,0.5500417351722717,1766337303.0282798
Loss/Supervised,42650,0.48723629117012024,1766337413.0320404
Loss/Supervised,42700,0.49415305256843567,1766337528.058833
Loss/Supervised,42750,0.5759419798851013,1766337639.6291554
Loss/Supervised,42800,0.34608203172683716,1766337751.517836
Loss/Supervised,42850,0.5034199357032776,1766337861.8484077
Loss/Supervised,42900,0.3819810450077057,1766337975.9780324
Loss/Supervised,42950,0.5643981695175171,1766338089.0253513
Loss/Supervised,43000,0.35342973470687866,1766338204.9421806
Loss/Supervised,43050,0.3888234496116638,1766338320.3123431
Loss/Supervised,43100,0.5298251509666443,1766338435.1158683
Loss/Supervised,43150,0.682940661907196,1766338547.5715423
Loss/Supervised,43200,0.5266090631484985,1766338661.517474
Loss/Supervised,43250,0.44136032462120056,1766338772.380508
Loss/Supervised,43300,0.4011393189430237,1766338885.852983
Loss/Supervised,43350,0.5214806199073792,1766338998.5305305
Loss/Supervised,43400,0.4397174119949341,1766339109.3090189
Loss/Supervised,43450,0.5418457388877869,1766339219.760764
Loss/Supervised,43500,0.5233104228973389,1766339331.6454291
Loss/Supervised,43550,0.46036845445632935,1766339445.50221
Loss/Supervised,43600,0.5655321478843689,1766339560.2062218
Loss/Supervised,43650,0.5974392890930176,1766339670.9605696
Loss/Supervised,43700,0.4753876328468323,1766339785.2084546
Loss/Supervised,43750,0.40197768807411194,1766339894.7423565
Loss/Supervised,43800,0.556690514087677,1766340009.2613246
Loss/Supervised,43850,0.5283713936805725,1766340122.2715816
Loss/Supervised,43900,0.59750896692276,1766340230.3374772
Loss/Supervised,43950,0.3860078454017639,1766340342.2308207
Loss/Supervised,44000,0.553235650062561,1766340452.915527
Loss/Supervised,44050,0.5750752687454224,1766340567.501538
Loss/Supervised,44100,0.2977609932422638,1766340679.1210487
Loss/Supervised,44150,0.6541325449943542,1766340788.759164
Loss/Supervised,44200,0.43703341484069824,1766340900.9142516
Loss/Supervised,44250,0.49970516562461853,1766341014.6261342
Loss/Supervised,44300,0.4552946984767914,1766341127.1913056
Loss/Supervised,44350,0.6036913990974426,1766341241.425303
Loss/Supervised,44400,0.4524778723716736,1766341356.6235702
Loss/Supervised,44450,0.39937809109687805,1766341470.1661348
Loss/Supervised,44500,0.5730864405632019,1766341580.2584922
Loss/Supervised,44550,0.5036576986312866,1766341694.2483644
Loss/Supervised,44600,0.5082494616508484,1766341807.7694242
Loss/Supervised,44650,0.494844526052475,1766341920.244409
Loss/Supervised,44700,0.5430576801300049,1766342034.7430043
Loss/Supervised,44750,0.46674567461013794,1766342147.5535061
Loss/Supervised,44800,0.35517242550849915,1766342260.51042
Loss/Supervised,44850,0.4572153687477112,1766342374.7362194
Loss/Supervised,44900,0.3915101885795593,1766342492.6111794
Loss/Supervised,44950,0.4692286550998688,1766342608.2428963
Loss/Supervised,45000,0.3820251524448395,1766342723.4649522
Loss/Supervised,45050,0.4682921767234802,1766342835.7243342
Loss/Supervised,45100,0.39960867166519165,1766342946.9303534
Loss/Supervised,45150,0.3550819754600525,1766343059.448976
Loss/Supervised,45200,0.5444543957710266,1766343173.3242261
Loss/Supervised,45250,0.4844073951244354,1766343287.9626331
Loss/Supervised,45300,0.33949655294418335,1766343398.8293877
Loss/Supervised,45350,0.5194391012191772,1766343511.354995
Loss/Supervised,45400,0.4142855703830719,1766343619.4617891
Loss/Supervised,45450,0.5104923248291016,1766343727.2899244
Loss/Supervised,45500,0.3463895916938782,1766343837.9833398
Loss/Supervised,45550,0.36883172392845154,1766343952.872185
Loss/Supervised,45600,0.36400967836380005,1766344064.1663048
Loss/Supervised,45650,0.46113812923431396,1766344175.2387023
Loss/Supervised,45700,0.4580504596233368,1766344289.1950123
Loss/Supervised,45750,0.40561890602111816,1766344401.772944
Loss/Supervised,45800,0.465431809425354,1766344513.496413
Loss/Supervised,45850,0.5649881958961487,1766344627.4000459
Loss/Supervised,45900,0.49912700057029724,1766344740.4078078
Loss/Supervised,45950,0.4594840109348297,1766344855.851492
Loss/Supervised,46000,0.27007171511650085,1766344969.1142914
Loss/Supervised,46050,0.4420149326324463,1766345081.4377127
Loss/Supervised,46100,0.6368473172187805,1766345193.7161727
Loss/Supervised,46150,0.4675750136375427,1766345308.8416026
Loss/Supervised,46200,0.5051719546318054,1766345419.9822483
Loss/Supervised,46250,0.42039135098457336,1766345530.6754444
Loss/Supervised,46300,0.4514995515346527,1766345643.0851598
Loss/Supervised,46350,0.43746256828308105,1766345757.1926246
Loss/Supervised,46400,0.6945767998695374,1766345871.5502088
Loss/Supervised,46450,0.5625056028366089,1766345980.7038624
Loss/Supervised,46500,0.43048641085624695,1766346093.60195
Loss/Supervised,46550,0.3973979651927948,1766346206.4694452
Loss/Supervised,46600,0.5078014135360718,1766346317.406357
Loss/Supervised,46650,0.5699751377105713,1766346430.3621986
Loss/Supervised,46700,0.43848153948783875,1766346539.8786273
Loss/Supervised,46750,0.38909268379211426,1766346652.6317992
Loss/Supervised,46800,0.3612730801105499,1766346767.7195444
Loss/Supervised,46850,0.5254595279693604,1766346877.5742466
Loss/Supervised,46900,0.3791811764240265,1766346988.6704934
Loss/Supervised,46950,0.34388992190361023,1766347103.2660747
Loss/Supervised,47000,0.7117250561714172,1766347218.0250518
Loss/Supervised,47050,0.4092040956020355,1766347332.3860962
Loss/Supervised,47100,0.4517359733581543,1766347440.0358815
Loss/Supervised,47150,0.6189248561859131,1766347551.1854887
Loss/Supervised,47200,0.3736589252948761,1766347666.0341187
Loss/Supervised,47250,0.45378249883651733,1766347777.7910557
Loss/Supervised,47300,0.46302008628845215,1766347886.5760612
Loss/Supervised,47350,0.5558465719223022,1766348000.6233737
Loss/Supervised,47400,0.36684900522232056,1766348111.1252904
Loss/Supervised,47450,0.49346399307250977,1766348222.8332486
Loss/Supervised,47500,0.43282973766326904,1766348334.6932025
Loss/Supervised,47550,0.40911704301834106,1766348446.7895103
Loss/Supervised,47600,0.4633888304233551,1766348561.0345724
Loss/Supervised,47650,0.42377471923828125,1766348676.2618134
Loss/Supervised,47700,0.5116982460021973,1766348784.3590896
Loss/Supervised,47750,0.5424895286560059,1766348896.7642834
Loss/Supervised,47800,0.4038495719432831,1766349004.5729449
Loss/Supervised,47850,0.44429802894592285,1766349118.0065243
Loss/Supervised,47900,0.38175204396247864,1766349227.6885319
Loss/Supervised,47950,0.6064302325248718,1766349344.7453902
Loss/Supervised,48000,0.5324079394340515,1766349460.58178
Loss/Supervised,48050,0.4072737395763397,1766349574.1664212
Loss/Supervised,48100,0.3928125500679016,1766349685.7309053
Loss/Supervised,48150,0.4837433397769928,1766349795.1396203
Loss/Supervised,48200,0.48952120542526245,1766349902.9030187
Loss/Supervised,48250,0.4675285220146179,1766350016.4918106
Loss/Supervised,48300,0.440201073884964,1766350130.9342797
Loss/Supervised,48350,0.32132089138031006,1766350247.3933353
Loss/Supervised,48400,0.6352295875549316,1766350357.4212449
Loss/Supervised,48450,0.4588954746723175,1766350469.2585871
Loss/Supervised,48500,0.421954870223999,1766350579.6181574
Loss/Supervised,48550,0.2683136463165283,1766350692.904053
Loss/Supervised,48600,0.34059497714042664,1766350806.3804393
Loss/Supervised,48650,0.5267801284790039,1766350915.488927
Loss/Supervised,48700,0.4729609489440918,1766351032.7193308
Loss/Supervised,48750,0.36219680309295654,1766351142.8864686
Loss/Supervised,48800,0.33233439922332764,1766351257.309449
Loss/Supervised,48850,0.3666338622570038,1766351369.8569646
Loss/Supervised,48900,0.40823739767074585,1766351482.5114145
Loss/Supervised,48950,0.4044123888015747,1766351596.890086
Loss/Supervised,49000,0.4333145320415497,1766351710.6680717
Loss/Supervised,49050,0.41805019974708557,1766351825.584335
Loss/Supervised,49100,0.5287095308303833,1766351937.688142
Loss/Supervised,49150,0.4572361409664154,1766352050.9225202
Loss/Supervised,49200,0.42510491609573364,1766352161.9535115
Loss/Supervised,49250,0.34742414951324463,1766352272.3035834
Loss/Supervised,49300,0.3784312903881073,1766352386.9125133
Loss/Supervised,49350,0.4057498574256897,1766352498.369547
Loss/Supervised,49400,0.6493452191352844,1766352608.747262
Loss/Supervised,49450,0.46493178606033325,1766352721.2422955
Loss/Supervised,49500,1.0009063482284546,1766352831.1180334
Loss/Supervised,49550,0.6064976453781128,1766352944.0207298
Loss/Supervised,49600,0.44856229424476624,1766353055.4020762
Loss/Supervised,49650,0.5485193133354187,1766353169.5780776
Loss/Supervised,49700,0.4173225164413452,1766353281.6404123
Loss/Supervised,49750,0.3784179985523224,1766353396.8386145
Loss/Supervised,49800,0.4486584961414337,1766353509.4562786
Loss/Supervised,49850,0.38660895824432373,1766353618.7689767
Loss/Supervised,49900,0.437920480966568,1766353730.9888036
Loss/Supervised,49950,0.4768807888031006,1766353842.5985365
Loss/Supervised,50000,0.38196074962615967,1766353955.483458
Loss/Supervised,50050,0.3993866741657257,1766354067.7736208
Loss/Supervised,50100,0.6515278220176697,1766354177.4683917
Loss/Supervised,50150,0.4088175594806671,1766354292.1447709
Loss/Supervised,50200,0.3961186408996582,1766354403.7760348
Loss/Supervised,50250,0.5740408301353455,1766354517.3693027
Loss/Supervised,50300,0.6244502067565918,1766354627.9938283
Loss/Supervised,50350,0.4222898781299591,1766354740.4026217
Loss/Supervised,50400,0.4887092709541321,1766354852.7728539
Loss/Supervised,50450,0.46631094813346863,1766354964.8000503
Loss/Supervised,50500,0.5014263391494751,1766355071.3282676
Loss/Supervised,50550,0.41986721754074097,1766355182.9394515
Loss/Supervised,50600,0.4972780644893646,1766355298.1883056
Loss/Supervised,50650,0.5152406692504883,1766355408.9811943
Loss/Supervised,50700,0.46604424715042114,1766355520.871482
Loss/Supervised,50750,0.3208279609680176,1766355631.8646455
Loss/Supervised,50800,0.538967490196228,1766355746.304429
Loss/Supervised,50850,0.5483322739601135,1766355857.6940112
Loss/Supervised,50900,0.2951534688472748,1766355970.4189086
Loss/Supervised,50950,0.6022348403930664,1766356082.1347935
Loss/Supervised,51000,0.36962243914604187,1766356191.7155032
Loss/Supervised,51050,0.3107726573944092,1766356302.8563952
Loss/Supervised,51100,0.3942776322364807,1766356418.6084728
Loss/Supervised,51150,0.36837896704673767,1766356533.5438957
Loss/Supervised,51200,0.7397525906562805,1766356644.4584086
Loss/Supervised,51250,0.3724775016307831,1766356758.9430513
Loss/Supervised,51300,0.3575485646724701,1766356870.769308
Loss/Supervised,51350,0.44021937251091003,1766356981.7843332
Loss/Supervised,51400,0.41636085510253906,1766357090.1174397
Loss/Supervised,51450,0.47100773453712463,1766357198.4461296
Loss/Supervised,51500,0.39946362376213074,1766357316.1038246
Loss/Supervised,51550,0.455507755279541,1766357428.0305002
Loss/Supervised,51600,0.5117798447608948,1766357538.8679056
Loss/Supervised,51650,0.6080664396286011,1766357653.147195
Loss/Supervised,51700,0.5649299025535583,1766357770.3450904
Loss/Supervised,51750,0.48681730031967163,1766357885.7738967
Loss/Supervised,51800,0.5311025977134705,1766357997.7342744
Loss/Supervised,51850,0.4415375590324402,1766358110.0055933
Loss/Supervised,51900,0.32163143157958984,1766358227.7563524
Loss/Supervised,51950,0.42353102564811707,1766358341.2874768
Loss/Supervised,52000,0.32752758264541626,1766358456.008067
Loss/Supervised,52050,0.4585447609424591,1766358571.9683566
Loss/Supervised,52100,0.4378942549228668,1766358683.2165422
Loss/Supervised,52150,0.5724312663078308,1766358799.318735
Loss/Supervised,52200,0.558302104473114,1766358912.1834211
Loss/Supervised,52250,0.42338308691978455,1766359025.019762
Loss/Supervised,52300,0.4684433937072754,1766359134.8734393
Loss/Supervised,52350,0.45656818151474,1766359249.6572108
Loss/Supervised,52400,0.5309001803398132,1766359362.70089
Loss/Supervised,52450,0.4953785836696625,1766359475.7030854
Loss/Supervised,52500,0.3799731433391571,1766359587.9596107
Loss/Supervised,52550,0.5935429334640503,1766359699.8647506
Loss/Supervised,52600,0.3968968391418457,1766359811.8773232
Loss/Supervised,52650,0.4568333327770233,1766359924.4067433
Loss/Supervised,52700,0.3929387927055359,1766360034.0123622
Loss/Supervised,52750,0.573739767074585,1766360145.3702774
Loss/Supervised,52800,0.3930632174015045,1766360258.7752142
Loss/Supervised,52850,0.41163960099220276,1766360372.8047051
Loss/Supervised,52900,0.38729795813560486,1766360483.6965845
Loss/Supervised,52950,0.5191377997398376,1766360595.5067735
Loss/Supervised,53000,0.4350995123386383,1766360705.5160983
Loss/Supervised,53050,0.34445205330848694,1766360816.058532
Loss/Supervised,53100,0.5736054182052612,1766360928.0990503
Loss/Supervised,53150,0.40747231245040894,1766361043.4811122
Loss/Supervised,53200,0.6316097974777222,1766361156.940243
Loss/Supervised,53250,0.4287512004375458,1766361264.168551
Loss/Supervised,53300,0.4729957580566406,1766361376.7614946
Loss/Supervised,53350,0.3415133059024811,1766361489.9295146
Loss/Supervised,53400,0.45605233311653137,1766361605.4209824
Loss/Supervised,53450,0.5155954957008362,1766361717.6994023
Loss/Supervised,53500,0.30644601583480835,1766361827.235082
Loss/Supervised,53550,0.408894807100296,1766361940.5548348
Loss/Supervised,53600,0.47991520166397095,1766362055.8967028
Loss/Supervised,53650,0.4204092025756836,1766362172.3544672
Loss/Supervised,53700,0.3956356346607208,1766362282.9771383
Loss/Supervised,53750,0.34955307841300964,1766362397.371497
Loss/Supervised,53800,0.4566587209701538,1766362511.0865872
Loss/Supervised,53850,0.4505297541618347,1766362622.6457293
Loss/Supervised,53900,0.44792377948760986,1766362739.3522186
Loss/Supervised,53950,0.4848127067089081,1766362857.5827816
Loss/Supervised,54000,0.38315656781196594,1766362971.516337
Loss/Supervised,54050,0.48185884952545166,1766363083.9190629
Loss/Supervised,54100,0.4733973741531372,1766363194.7704518
Loss/Supervised,54150,0.5490047335624695,1766363307.4797947
Loss/Supervised,54200,0.43479520082473755,1766363414.3393142
Loss/Supervised,54250,0.3577774167060852,1766363525.0255082
Loss/Supervised,54300,0.33271774649620056,1766363638.7168975
Loss/Supervised,54350,0.5627521276473999,1766363752.3942058
Loss/Supervised,54400,0.36015331745147705,1766363867.7450125
Loss/Supervised,54450,0.44423606991767883,1766363982.3813388
Loss/Supervised,54500,0.4695674180984497,1766364095.08317
Loss/Supervised,54550,0.41506218910217285,1766364207.991192
Loss/Supervised,54600,0.2804144620895386,1766364323.8643398
Loss/Supervised,54650,0.6238740682601929,1766364434.8356433
Loss/Supervised,54700,0.44646817445755005,1766364549.1912265
Loss/Supervised,54750,0.3914596140384674,1766364663.5602105
Loss/Supervised,54800,0.5290346145629883,1766364775.7400966
Loss/Supervised,54850,0.38775530457496643,1766364886.4692817
Loss/Supervised,54900,0.40745168924331665,1766364998.3178122
Loss/Supervised,54950,0.4319983124732971,1766365106.9081383
Loss/Supervised,55000,0.41939786076545715,1766365216.9963522
Loss/Supervised,55050,0.4015424847602844,1766365327.6304605
Loss/Supervised,55100,0.49774324893951416,1766365438.7686598
Loss/Supervised,55150,0.4076816439628601,1766365552.7823014
Loss/Supervised,55200,0.4747183322906494,1766365667.2585394
Loss/Supervised,55250,0.3776344358921051,1766365780.8615606
Loss/Supervised,55300,0.5738421082496643,1766365895.0455716
Loss/Supervised,55350,0.35403338074684143,1766366009.158782
Loss/Supervised,55400,0.45832735300064087,1766366120.8950338
Loss/Supervised,55450,0.47240275144577026,1766366234.5360458
Loss/Supervised,55500,0.29978570342063904,1766366349.4657955
Loss/Supervised,55550,0.33207088708877563,1766366459.7797208
Loss/Supervised,55600,0.3567535877227783,1766366572.8616486
Loss/Supervised,55650,0.5070916414260864,1766366686.4157076
Loss/Supervised,55700,0.5122112035751343,1766366801.7904096
Loss/Supervised,55750,0.38528352975845337,1766366916.5454636
Loss/Supervised,55800,0.5497840046882629,1766367029.6431835
Loss/Supervised,55850,0.3930111229419708,1766367145.5055804
Loss/Supervised,55900,0.28396159410476685,1766367257.5020378
Loss/Supervised,55950,0.47708696126937866,1766367370.972325
Loss/Supervised,56000,0.4097788333892822,1766367479.6146345
Loss/Supervised,56050,0.38294872641563416,1766367592.7045066
Loss/Supervised,56100,0.5249870419502258,1766367706.5526576
Loss/Supervised,56150,0.375563383102417,1766367821.9395218
Loss/Supervised,56200,0.42856302857398987,1766367935.6870735
Loss/Supervised,56250,0.47815099358558655,1766368048.5085664
Loss/Supervised,56300,0.33895379304885864,1766368157.7705774
Loss/Supervised,56350,0.4945521652698517,1766368268.8348365
Loss/Supervised,56400,0.5613340139389038,1766368386.1488287
Loss/Supervised,56450,0.45251503586769104,1766368498.0155234
Loss/Supervised,56500,0.45848721265792847,1766368613.8354542
Loss/Supervised,56550,0.3626011908054352,1766368725.0496168
Loss/Supervised,56600,0.5099377632141113,1766368839.4226544
Loss/Supervised,56650,0.8622457385063171,1766368951.8022895
Loss/Supervised,56700,0.5098603367805481,1766369067.785505
Loss/Supervised,56750,0.3576332926750183,1766369183.0885494
Loss/Supervised,56800,0.5070760250091553,1766369294.8846967
Loss/Supervised,56850,0.38542109727859497,1766369411.3639674
Loss/Supervised,56900,0.45577773451805115,1766369522.2380757
Loss/Supervised,56950,0.4212111234664917,1766369635.4017103
Loss/Supervised,57000,0.3844663202762604,1766369746.4153666
Loss/Supervised,57050,0.3122516870498657,1766369862.0986683
Loss/Supervised,57100,0.34717586636543274,1766369977.1631446
Loss/Supervised,57150,0.44996505975723267,1766370092.3723109
Loss/Supervised,57200,0.33717960119247437,1766370203.218487
Loss/Supervised,57250,0.4536841809749603,1766370314.1755524
Loss/Supervised,57300,0.3585931062698364,1766370428.3771572
Loss/Supervised,57350,0.38905373215675354,1766370544.3443313
Loss/Supervised,57400,0.3427381217479706,1766370655.6053853
Loss/Supervised,57450,0.3243500292301178,1766370767.496739
Loss/Supervised,57500,0.5309494137763977,1766370878.5486042
Loss/Supervised,57550,0.43973496556282043,1766370990.9598231
Loss/Supervised,57600,0.47474735975265503,1766371103.512432
Loss/Supervised,57650,0.43578195571899414,1766371216.3269668
Loss/Supervised,57700,0.4549994170665741,1766371327.4408417
Loss/Supervised,57750,0.3773634433746338,1766371440.9177876
Loss/Supervised,57800,0.2766447365283966,1766371553.7146204
Loss/Supervised,57850,0.4091785252094269,1766371668.34127
Loss/Supervised,57900,0.43003177642822266,1766371783.2101362
Loss/Supervised,57950,0.38968947529792786,1766371894.0357437
Loss/Supervised,58000,0.3493272364139557,1766372009.2922504
Loss/Supervised,58050,0.4861893355846405,1766372123.7019157
Loss/Supervised,58100,0.5033606886863708,1766372240.3445451
Loss/Supervised,58150,0.3893403708934784,1766372352.7522078
Loss/Supervised,58200,0.4270853102207184,1766372465.0210285
Loss/Supervised,58250,0.3811846673488617,1766372579.408141
Loss/Supervised,58300,0.44029679894447327,1766372693.213557
Loss/Supervised,58350,0.318888783454895,1766372807.0830743
Loss/Supervised,58400,0.5667930245399475,1766372919.7946963
Loss/Supervised,58450,0.41885051131248474,1766373033.4767377
Loss/Supervised,58500,0.5097487568855286,1766373149.634061
Loss/Supervised,58550,0.45556920766830444,1766373261.6447904
Loss/Supervised,58600,0.5174856185913086,1766373374.306084
Loss/Supervised,58650,0.52848881483078,1766373488.396445
Loss/Supervised,58700,0.6393391489982605,1766373599.9585505
Loss/Supervised,58750,0.42978566884994507,1766373713.1082284
Loss/Supervised,58800,0.29547935724258423,1766373826.468386
Loss/Supervised,58850,0.3587602376937866,1766373938.6600382
Loss/Supervised,58900,0.5368202328681946,1766374054.3715036
Loss/Supervised,58950,0.44922754168510437,1766374170.9938433
Loss/Supervised,59000,0.4656021296977997,1766374280.7337494
Loss/Supervised,59050,0.3484251797199249,1766374390.5919774
Loss/Supervised,59100,0.3848136067390442,1766374509.6757572
Loss/Supervised,59150,0.4902377426624298,1766374623.220264
Loss/Supervised,59200,0.45174655318260193,1766374731.9741895
Loss/Supervised,59250,0.38194265961647034,1766374847.047782
Loss/Supervised,59300,0.37429121136665344,1766374962.7461975
Loss/Supervised,59350,0.5114666223526001,1766375077.323172
Loss/Supervised,59400,0.4921357333660126,1766375191.5489225
Loss/Supervised,59450,0.3762171268463135,1766375301.6956058
Loss/Supervised,59500,0.45673444867134094,1766375419.145703
Loss/Supervised,59550,0.520082414150238,1766375528.9817219
Loss/Supervised,59600,0.43663057684898376,1766375637.6183074
Loss/Supervised,59650,0.35830268263816833,1766375751.2852569
Loss/Supervised,59700,0.44623419642448425,1766375867.597518
Loss/Supervised,59750,0.4010002315044403,1766375985.8666732
Loss/Supervised,59800,0.4198782444000244,1766376101.4702005
Loss/Supervised,59850,0.5659840703010559,1766376213.532316
Loss/Supervised,59900,0.5223308801651001,1766376325.385736
Loss/Supervised,59950,0.4562230408191681,1766376436.3821795
Loss/Supervised,60000,0.353505939245224,1766376549.3757186
Loss/Supervised,60050,0.3792480528354645,1766376661.6599536
Loss/Supervised,60100,0.33575573563575745,1766376773.928464
Loss/Supervised,60150,0.4220721125602722,1766376885.9860013
Loss/Supervised,60200,0.5634077787399292,1766376996.567811
Loss/Supervised,60250,0.38682615756988525,1766377109.036419
Loss/Supervised,60300,0.4304059147834778,1766377218.803
Loss/Supervised,60350,0.4910084903240204,1766377329.6083884
Loss/Supervised,60400,0.30848628282546997,1766377443.4147067
Loss/Supervised,60450,0.36786267161369324,1766377553.700595
Loss/Supervised,60500,0.3329368531703949,1766377669.4419024
Loss/Supervised,60550,0.3561691343784332,1766377783.1639614
Loss/Supervised,60600,0.42229679226875305,1766377897.075177
Loss/Supervised,60650,0.4176459014415741,1766378013.0902126
Loss/Supervised,60700,0.33405810594558716,1766378125.05323
Loss/Supervised,60750,0.6273903846740723,1766378235.5781481
Loss/Supervised,60800,0.6149778962135315,1766378347.6574805
Loss/Supervised,60850,0.5424338579177856,1766378458.9150531
Loss/Supervised,60900,0.3267704248428345,1766378571.1225727
Loss/Supervised,60950,0.36948326230049133,1766378687.3728876
Loss/Supervised,61000,0.4793702960014343,1766378805.452496
Loss/Supervised,61050,0.4928818941116333,1766378918.2023168
Loss/Supervised,61100,0.3775169849395752,1766379031.9615192
Loss/Supervised,61150,0.34529736638069153,1766379147.368973
Loss/Supervised,61200,0.24447695910930634,1766379261.3141057
Loss/Supervised,61250,0.31773868203163147,1766379375.3532586
Loss/Supervised,61300,0.4852582812309265,1766379486.2588935
Loss/Supervised,61350,0.31048527359962463,1766379601.6652641
Loss/Supervised,61400,0.5655367970466614,1766379713.7118514
Loss/Supervised,61450,0.29813602566719055,1766379826.7982244
Loss/Supervised,61500,0.3371898829936981,1766379939.6839075
Loss/Supervised,61550,0.38698142766952515,1766380054.9796512
Loss/Supervised,61600,0.37136849761009216,1766380166.0082757
Loss/Supervised,61650,0.35843026638031006,1766380279.305985
Loss/Supervised,61700,0.41096991300582886,1766380389.8505466
Loss/Supervised,61750,0.5596874952316284,1766380504.892376
Loss/Supervised,61800,0.3429919481277466,1766380619.54323
Loss/Supervised,61850,0.43836289644241333,1766380726.122479
Loss/Supervised,61900,0.4477728307247162,1766380841.6550615
Loss/Supervised,61950,0.486640602350235,1766380950.110413
Loss/Supervised,62000,0.33453771471977234,1766381063.8679743
Loss/Supervised,62050,0.5519989728927612,1766381174.0982373
Loss/Supervised,62100,0.44783711433410645,1766381287.9048681
Loss/Supervised,62150,0.441970556974411,1766381399.3552902
Loss/Supervised,62200,0.28203123807907104,1766381515.0995955
Loss/Supervised,62250,0.7026655673980713,1766381630.689415
Loss/Supervised,62300,0.4859502613544464,1766381743.8773723
Loss/Supervised,62350,0.3586762845516205,1766381860.5198388
Loss/Supervised,62400,0.5747029781341553,1766381976.844835
Loss/Supervised,62450,0.36707210540771484,1766382089.507202
Loss/Supervised,62500,0.4506659209728241,1766382203.6469853
Loss/Supervised,62550,0.43969088792800903,1766382318.417126
Loss/Supervised,62600,0.6209283471107483,1766382428.8020475
Loss/Supervised,62650,0.4707081615924835,1766382542.0551984
Loss/Supervised,62700,0.5413154363632202,1766382651.2504265
Loss/Supervised,62750,0.5365739464759827,1766382765.9057784
Loss/Supervised,62800,0.38317015767097473,1766382873.7516577
Loss/Supervised,62850,0.3998101055622101,1766382985.2569072
Loss/Supervised,62900,0.46921277046203613,1766383093.9609406
Loss/Supervised,62950,0.3831976652145386,1766383209.296133
Loss/Supervised,63000,0.36677372455596924,1766383322.815037
Loss/Supervised,63050,0.7489753365516663,1766383433.2308502
Loss/Supervised,63100,0.4234746992588043,1766383543.481246
Loss/Supervised,63150,0.4671746492385864,1766383658.567099
Loss/Supervised,63200,0.47221145033836365,1766383772.5034916
Loss/Supervised,63250,0.31606727838516235,1766383885.0951798
Loss/Supervised,63300,0.44511479139328003,1766383995.9215744
Loss/Supervised,63350,0.44175615906715393,1766384104.3106155
Loss/Supervised,63400,0.2948625087738037,1766384218.6635988
Loss/Supervised,63450,0.4309183657169342,1766384327.471798
Loss/Supervised,63500,0.5863881707191467,1766384442.1520004
Loss/Supervised,63550,0.4506166875362396,1766384555.9784455
Loss/Supervised,63600,0.39019909501075745,1766384669.1922894
Loss/Supervised,63650,0.45771974325180054,1766384782.4302804
Loss/Supervised,63700,0.4202931225299835,1766384893.954038
Loss/Supervised,63750,0.503122866153717,1766385005.1148224
Loss/Supervised,63800,0.45557713508605957,1766385119.2726142
Loss/Supervised,63850,0.7787449359893799,1766385233.6152885
Loss/Supervised,63900,0.4210265874862671,1766385349.3380435
Loss/Supervised,63950,0.6496718525886536,1766385460.9785116
Loss/Supervised,64000,0.48941418528556824,1766385569.619645
Loss/Supervised,64050,0.4147474467754364,1766385682.884983
Loss/Supervised,64100,0.48162466287612915,1766385794.638572
Loss/Supervised,64150,0.5013158917427063,1766385911.7148085
Loss/Supervised,64200,0.4181363582611084,1766386029.1860101
Loss/Supervised,64250,0.3922322988510132,1766386148.0014143
Loss/Supervised,64300,0.3825511634349823,1766386263.8315916
Loss/Supervised,64350,0.5026729702949524,1766386377.7362761
Loss/Supervised,64400,0.4337812662124634,1766386495.1218908
Loss/Supervised,64450,0.369914174079895,1766386608.362946
Loss/Supervised,64500,0.39651191234588623,1766386720.1185415
Loss/Supervised,64550,0.34500613808631897,1766386832.814991
Loss/Supervised,64600,0.3330790400505066,1766386945.3123987
Loss/Supervised,64650,0.48824599385261536,1766387058.643261
Loss/Supervised,64700,0.6663700342178345,1766387168.651845
Loss/Supervised,64750,0.520287275314331,1766387279.2393322
Loss/Supervised,64800,0.5346983671188354,1766387389.9348009
Loss/Supervised,64850,0.6209524869918823,1766387504.1394708
Loss/Supervised,64900,0.5380856990814209,1766387613.7226658
Loss/Supervised,64950,0.41694197058677673,1766387727.7603168
Loss/Supervised,65000,0.390148788690567,1766387838.1514788
Loss/Supervised,65050,0.4518442749977112,1766387952.1849773
Loss/Supervised,65100,0.5012376308441162,1766388064.8679044
Loss/Supervised,65150,0.2507844567298889,1766388176.8579116
Loss/Supervised,65200,0.5050166845321655,1766388291.4932625
Loss/Supervised,65250,0.3626211881637573,1766388403.3916247
Loss/Supervised,65300,0.40932250022888184,1766388517.475933
Loss/Supervised,65350,0.44619694352149963,1766388627.8517716
Loss/Supervised,65400,0.5846152305603027,1766388737.69204
Loss/Supervised,65450,0.326661616563797,1766388854.8723042
Loss/Supervised,65500,0.38932499289512634,1766388967.9272425
Loss/Supervised,65550,0.37705567479133606,1766389086.201321
Loss/Supervised,65600,0.37077969312667847,1766389203.0471027
Loss/Supervised,65650,0.4931659400463104,1766389316.8377512
Loss/Supervised,65700,0.31799083948135376,1766389435.0516822
Loss/Supervised,65750,0.4239586591720581,1766389548.2632341
Loss/Supervised,65800,0.41918209195137024,1766389661.1485436
Loss/Supervised,65850,0.39317768812179565,1766389773.9553838
Loss/Supervised,65900,0.5095498561859131,1766389888.4066188
Loss/Supervised,65950,0.47535866498947144,1766390002.4279644
Loss/Supervised,66000,0.5713868141174316,1766390114.005641
Loss/Supervised,66050,0.41085612773895264,1766390231.100412
Loss/Supervised,66100,0.4578152298927307,1766390343.3277133
Loss/Supervised,66150,0.5613824725151062,1766390455.0407777
Loss/Supervised,66200,0.406662255525589,1766390566.5384126
Loss/Supervised,66250,0.4859035015106201,1766390679.906417
Loss/Supervised,66300,0.28169387578964233,1766390793.6146421
Loss/Supervised,66350,0.4472736120223999,1766390905.2676039
Loss/Supervised,66400,0.40608757734298706,1766391019.2017293
Loss/Supervised,66450,0.38956916332244873,1766391132.5114276
Loss/Supervised,66500,0.3968731462955475,1766391244.166333
Loss/Supervised,66550,0.467646062374115,1766391358.397124
Loss/Supervised,66600,0.5196078419685364,1766391469.6637802
Loss/Supervised,66650,0.33279797434806824,1766391582.752188
Loss/Supervised,66700,0.5846982598304749,1766391698.13757
Loss/Supervised,66750,0.7382705807685852,1766391805.9018958
Loss/Supervised,66800,0.42274191975593567,1766391919.3004851
Loss/Supervised,66850,0.5309464931488037,1766392031.7837424
Loss/Supervised,66900,0.3496164083480835,1766392145.936257
Loss/Supervised,66950,0.5220985412597656,1766392257.7091584
Loss/Supervised,67000,0.47410106658935547,1766392370.6488922
Loss/Supervised,67050,0.48067396879196167,1766392479.099801
Loss/Supervised,67100,0.6693657636642456,1766392592.1425211
Loss/Supervised,67150,0.44086939096450806,1766392703.716079
Loss/Supervised,67200,0.4401503801345825,1766392816.6894782
Loss/Supervised,67250,0.7391203045845032,1766392929.0105147
Loss/Supervised,67300,0.2724010944366455,1766393043.2604527
Loss/Supervised,67350,0.4281447231769562,1766393156.6726696
Loss/Supervised,67400,0.4077000916004181,1766393269.8632925
Loss/Supervised,67450,0.35886240005493164,1766393382.9070566
Loss/Supervised,67500,0.4599718451499939,1766393498.656842
Loss/Supervised,67550,0.44155099987983704,1766393609.8692563
Loss/Supervised,67600,0.45920830965042114,1766393725.8147225
Loss/Supervised,67650,0.4292858839035034,1766393836.838135
Loss/Supervised,67700,0.7802218198776245,1766393950.9384778
Loss/Supervised,67750,0.34724390506744385,1766394061.8163288
Loss/Supervised,67800,0.29379570484161377,1766394170.5919237
Loss/Supervised,67850,0.5985192656517029,1766394282.085655
Loss/Supervised,67900,0.40271133184432983,1766394396.833133
Loss/Supervised,67950,0.41259825229644775,1766394513.7407315
Loss/Supervised,68000,0.42766866087913513,1766394625.3078682
Loss/Supervised,68050,0.4615776836872101,1766394736.4341826
Loss/Supervised,68100,0.3440285325050354,1766394850.2113
Loss/Supervised,68150,0.462769091129303,1766394960.3467934
Loss/Supervised,68200,0.3720416724681854,1766395071.9707048
Loss/Supervised,68250,0.5632925033569336,1766395188.7984715
Loss/Supervised,68300,0.36068716645240784,1766395302.7177775
Loss/Supervised,68350,0.38939550518989563,1766395415.6246507
Loss/Supervised,68400,0.4328640103340149,1766395530.4106543
Loss/Supervised,68450,0.4792460799217224,1766395644.2173245
Loss/Supervised,68500,0.3309399485588074,1766395757.9670691
Loss/Supervised,68550,0.4133039712905884,1766395870.8847258
Loss/Supervised,68600,0.7247356176376343,1766395982.9048917
Loss/Supervised,68650,0.4693170487880707,1766396094.23338
Loss/Supervised,68700,0.39160045981407166,1766396207.7420366
Loss/Supervised,68750,0.5588439702987671,1766396321.9661517
Loss/Supervised,68800,0.29246199131011963,1766396436.272098
Loss/Supervised,68850,0.47559693455696106,1766396546.809147
Loss/Supervised,68900,0.29924213886260986,1766396661.389416
Loss/Supervised,68950,0.3415287733078003,1766396775.6495767
Loss/Supervised,69000,0.3471403121948242,1766396886.6520839
Loss/Supervised,69050,0.6457445621490479,1766396999.1515892
Loss/Supervised,69100,0.36745694279670715,1766397109.2450476
Loss/Supervised,69150,0.3724030554294586,1766397222.6186285
Loss/Supervised,69200,0.5191298127174377,1766397337.8782325
Loss/Supervised,69250,0.5417080521583557,1766397449.3205237
Loss/Supervised,69300,0.4587385058403015,1766397561.049039
Loss/Supervised,69350,0.49882933497428894,1766397671.6859612
Loss/Supervised,69400,0.4117533266544342,1766397783.45379
Loss/Supervised,69450,0.40389642119407654,1766397895.9563487
Loss/Supervised,69500,0.4021419286727905,1766398006.1611354
Loss/Supervised,69550,0.36939361691474915,1766398121.7154148
Loss/Supervised,69600,0.4457744061946869,1766398235.5726655
Loss/Supervised,69650,0.5344814658164978,1766398357.5086107
Loss/Supervised,69700,0.4123019874095917,1766398471.3687186
Loss/Supervised,69750,0.4485592842102051,1766398581.4224992
Loss/Supervised,69800,0.5107777118682861,1766398695.995805
Loss/Supervised,69850,0.6444529294967651,1766398815.2460716
Loss/Supervised,69900,0.46431204676628113,1766398931.2169836
Loss/Supervised,69950,0.5372785329818726,1766399041.6247988
Loss/Supervised,70000,0.3827793300151825,1766399153.245043
Loss/Supervised,70050,0.3450688421726227,1766399265.5857985
Loss/Supervised,70100,0.3213476836681366,1766399381.4013565
Loss/Supervised,70150,0.5745582580566406,1766399493.4822402
Loss/Supervised,70200,0.4928091764450073,1766399605.0903287
Loss/Supervised,70250,0.5266513228416443,1766399717.8128543
Loss/Supervised,70300,0.6471325159072876,1766399829.030126
Loss/Supervised,70350,0.45658934116363525,1766399944.6007323
Loss/Supervised,70400,0.32422369718551636,1766400058.946273
Loss/Supervised,70450,0.49867403507232666,1766400172.7016625
Loss/Supervised,70500,0.47327399253845215,1766400283.9436173
Loss/Supervised,70550,0.36895525455474854,1766400397.2440302
Loss/Supervised,70600,0.3042580187320709,1766400509.5076952
Loss/Supervised,70650,0.32334575057029724,1766400622.737574
Loss/Supervised,70700,0.3626300096511841,1766400736.0632133
Loss/Supervised,70750,0.5179736018180847,1766400847.9101038
Loss/Supervised,70800,0.41705629229545593,1766400961.7340982
Loss/Supervised,70850,0.5473377704620361,1766401070.5303524
Loss/Supervised,70900,0.3576023280620575,1766401186.155098
Loss/Supervised,70950,0.35273241996765137,1766401302.8810308
Loss/Supervised,71000,0.43944433331489563,1766401414.5142078
Loss/Supervised,71050,0.32652053236961365,1766401525.100686
Loss/Supervised,71100,0.33081963658332825,1766401636.7644413
Loss/Supervised,71150,0.39605599641799927,1766401746.7703178
Loss/Supervised,71200,0.5605422258377075,1766401856.6527338
Loss/Supervised,71250,0.4534837007522583,1766401969.2761748
Loss/Supervised,71300,0.4019266963005066,1766402079.3915293
Loss/Supervised,71350,0.4496707022190094,1766402192.7436535
Loss/Supervised,71400,0.3615867793560028,1766402305.8477104
Loss/Supervised,71450,0.41846907138824463,1766402415.6894042
Loss/Supervised,71500,0.6188361048698425,1766402524.7935097
Loss/Supervised,71550,0.3867448568344116,1766402637.1982777
Loss/Supervised,71600,0.518622100353241,1766402752.394344
Loss/Supervised,71650,0.5116701126098633,1766402864.5692613
Loss/Supervised,71700,0.36031341552734375,1766402980.0962358
Loss/Supervised,71750,0.5191518068313599,1766403093.0363219
Loss/Supervised,71800,0.5030736923217773,1766403203.4741914
Loss/Supervised,71850,0.5043371915817261,1766403311.6027598
Loss/Supervised,71900,0.3090376555919647,1766403421.7961423
Loss/Supervised,71950,0.4994749426841736,1766403532.962827
Loss/Supervised,72000,0.4496217966079712,1766403643.1938248
Loss/Supervised,72050,0.44421693682670593,1766403760.1667664
Loss/Supervised,72100,0.45178425312042236,1766403873.5149748
Loss/Supervised,72150,0.5650400519371033,1766403986.289536
Loss/Supervised,72200,0.4368954002857208,1766404095.9279628
Loss/Supervised,72250,0.3682889938354492,1766404210.6764774
Loss/Supervised,72300,0.683191180229187,1766404323.75077
Loss/Supervised,72350,0.49411657452583313,1766404434.4306355
Loss/Supervised,72400,0.49143078923225403,1766404543.87299
Loss/Supervised,72450,0.6336522102355957,1766404654.7054303
Loss/Supervised,72500,0.37645095586776733,1766404765.5678868
Loss/Supervised,72550,0.3664327561855316,1766404877.1113706
Loss/Supervised,72600,0.3841906785964966,1766404987.7794304
Loss/Supervised,72650,0.45908603072166443,1766405102.6956344
Loss/Supervised,72700,0.47640958428382874,1766405214.7022202
Loss/Supervised,72750,0.513664960861206,1766405328.9098487
Loss/Supervised,72800,0.34604454040527344,1766405438.6444838
Loss/Supervised,72850,0.5085634589195251,1766405552.2937212
Loss/Supervised,72900,0.520782470703125,1766405664.9114215
Loss/Supervised,72950,0.31792163848876953,1766405776.0899498
Loss/Supervised,73000,0.31510549783706665,1766405888.0573828
Loss/Supervised,73050,0.4397134482860565,1766405998.7552633
Loss/Supervised,73100,0.4588369131088257,1766406113.6253932
Loss/Supervised,73150,0.3762779235839844,1766406226.7295055
Loss/Supervised,73200,0.4328177869319916,1766406339.3067803
Loss/Supervised,73250,0.5446731448173523,1766406449.3742478
Loss/Supervised,73300,0.4906834661960602,1766406557.3313582
Loss/Supervised,73350,0.392320454120636,1766406670.328522
Loss/Supervised,73400,0.494588166475296,1766406784.095572
Loss/Supervised,73450,0.35291826725006104,1766406898.2635758
Loss/Supervised,73500,0.2600001394748688,1766407010.2162983
Loss/Supervised,73550,0.576075553894043,1766407123.8578
Loss/Supervised,73600,0.47682181000709534,1766407235.9387984
Loss/Supervised,73650,0.5317550897598267,1766407350.2515247
Loss/Supervised,73700,0.4442598819732666,1766407460.8008015
Loss/Supervised,73750,0.47713813185691833,1766407570.829269
Loss/Supervised,73800,0.3681117594242096,1766407684.3317065
Loss/Supervised,73850,0.35871925950050354,1766407798.69122
Loss/Supervised,73900,0.39352476596832275,1766407912.6709478
Loss/Supervised,73950,0.3429722189903259,1766408023.8827162
Loss/Supervised,74000,0.42691946029663086,1766408136.5426495
Loss/Supervised,74050,0.3948477506637573,1766408251.2085648
Loss/Supervised,74100,0.5409090518951416,1766408367.2081616
Loss/Supervised,74150,0.38644886016845703,1766408479.7472363
Loss/Supervised,74200,0.4578688144683838,1766408591.9996316
Loss/Supervised,74250,0.4301958382129669,1766408706.3652623
Loss/Supervised,74300,0.3327379822731018,1766408818.692803
Loss/Supervised,74350,0.3315853476524353,1766408932.215173
Loss/Supervised,74400,0.37386998534202576,1766409043.4184446
Loss/Supervised,74450,0.38628095388412476,1766409158.187525
Loss/Supervised,74500,0.442661315202713,1766409270.6959658
Loss/Supervised,74550,0.412853479385376,1766409386.9836605
Loss/Supervised,74600,0.41969043016433716,1766409498.7048767
Loss/Supervised,74650,0.4094497561454773,1766409612.7293231
Loss/Supervised,74700,0.3747052848339081,1766409720.3208873
Loss/Supervised,74750,0.3065689504146576,1766409834.085182
Loss/Supervised,74800,0.5579778552055359,1766409946.6194854
Loss/Supervised,74850,0.5239781141281128,1766410063.6838467
Loss/Supervised,74900,0.47518303990364075,1766410177.3722339
Loss/Supervised,74950,0.4256915748119354,1766410290.1853313
Loss/Supervised,75000,0.49528488516807556,1766410400.9833963
Loss/Supervised,75050,0.3265092968940735,1766410511.501596
Loss/Supervised,75100,0.30865323543548584,1766410622.1353328
Loss/Supervised,75150,0.4573230743408203,1766410732.3239927
Loss/Supervised,75200,0.444744735956192,1766410845.89058
Loss/Supervised,75250,0.4773927628993988,1766410958.421622
Loss/Supervised,75300,0.38962531089782715,1766411071.2686598
Loss/Supervised,75350,0.41642776131629944,1766411188.2130349
Loss/Supervised,75400,0.4102700352668762,1766411303.6875408
Loss/Supervised,75450,0.45666825771331787,1766411415.2604303
Loss/Supervised,75500,0.5803999304771423,1766411528.6069515
Loss/Supervised,75550,0.36805444955825806,1766411642.5805354
Loss/Supervised,75600,0.38773471117019653,1766411753.7291112
Loss/Supervised,75650,0.34999462962150574,1766411869.294889
Loss/Supervised,75700,0.4916754364967346,1766411983.3267913
Loss/Supervised,75750,0.5236831307411194,1766412095.3690028
Loss/Supervised,75800,0.4649920165538788,1766412206.9548113
Loss/Supervised,75850,0.37044060230255127,1766412317.10349
Loss/Supervised,75900,0.42251524329185486,1766412432.0715454
Loss/Supervised,75950,0.3382037281990051,1766412544.7414758
Loss/Supervised,76000,0.5214301943778992,1766412654.7974353
Loss/Supervised,76050,0.3647053837776184,1766412762.6183357
Loss/Supervised,76100,0.5630126595497131,1766412875.6668274
Loss/Supervised,76150,0.609868586063385,1766412987.2862127
Loss/Supervised,76200,0.38590699434280396,1766413099.676321
Loss/Supervised,76250,0.46037930250167847,1766413212.6405432
Loss/Supervised,76300,0.32850998640060425,1766413325.8731441
Loss/Supervised,76350,0.4066789746284485,1766413438.3506021
Loss/Supervised,76400,0.38047581911087036,1766413553.5283718
Loss/Supervised,76450,0.42820096015930176,1766413667.7809145
Loss/Supervised,76500,1.0646694898605347,1766413780.855285
Loss/Supervised,76550,0.39854034781455994,1766413894.5095317
Loss/Supervised,76600,0.4045807421207428,1766414008.5855527
Loss/Supervised,76650,0.49378108978271484,1766414121.089999
Loss/Supervised,76700,0.3776414096355438,1766414234.024759
Loss/Supervised,76750,0.5488972663879395,1766414341.6940718
Loss/Supervised,76800,0.4077562689781189,1766414452.2254958
Loss/Supervised,76850,0.42511916160583496,1766414566.4091406
Loss/Supervised,76900,0.31416863203048706,1766414676.5646908
Loss/Supervised,76950,0.5864585638046265,1766414789.185413
Loss/Supervised,77000,0.3531893193721771,1766414902.544444
Loss/Supervised,77050,0.28008219599723816,1766415014.5216422
Loss/Supervised,77100,0.32628318667411804,1766415126.820803
Loss/Supervised,77150,0.2564489245414734,1766415237.3030396
Loss/Supervised,77200,0.42992377281188965,1766415348.4704015
Loss/Supervised,77250,0.4414308965206146,1766415461.3713815
Loss/Supervised,77300,0.43281134963035583,1766415573.8361113
Loss/Supervised,77350,0.4880308210849762,1766415684.7206821
Loss/Supervised,77400,0.5201942920684814,1766415798.418306
Loss/Supervised,77450,0.49677813053131104,1766415911.4517221
Loss/Supervised,77500,0.3275150954723358,1766416021.933683
Loss/Supervised,77550,0.3896960914134979,1766416134.3391523
Loss/Supervised,77600,0.40335196256637573,1766416246.778614
Loss/Supervised,77650,0.4368136525154114,1766416356.6282942
Loss/Supervised,77700,0.3855252265930176,1766416470.6529267
Loss/Supervised,77750,0.7261126637458801,1766416586.5798125
Loss/Supervised,77800,0.4171656668186188,1766416704.5288923
Loss/Supervised,77850,0.3290129005908966,1766416821.5805335
Loss/Supervised,77900,0.25177764892578125,1766416936.2879345
Loss/Supervised,77950,0.5015816688537598,1766417048.1584244
Loss/Supervised,78000,0.754551887512207,1766417160.2260993
Loss/Supervised,78050,0.7293916344642639,1766417266.6298203
Loss/Supervised,78100,0.48148584365844727,1766417379.763935
Loss/Supervised,78150,0.3579833209514618,1766417493.0484133
Loss/Supervised,78200,0.4301484227180481,1766417607.8961785
Loss/Supervised,78250,0.5265610814094543,1766417717.3796308
Loss/Supervised,78300,0.38141775131225586,1766417831.3187008
Loss/Supervised,78350,0.41855964064598083,1766417944.411311
Loss/Supervised,78400,0.625973105430603,1766418058.4371486
Loss/Supervised,78450,0.3950593173503876,1766418173.3354602
Loss/Supervised,78500,0.4159682095050812,1766418286.574462
Loss/Supervised,78550,0.31968700885772705,1766418402.6394176
Loss/Supervised,78600,0.4729176461696625,1766418512.3713427
Loss/Supervised,78650,0.3221915066242218,1766418625.7079573
Loss/Supervised,78700,0.37389421463012695,1766418738.3037872
Loss/Supervised,78750,0.6268696784973145,1766418852.2131853
Loss/Supervised,78800,0.3800385594367981,1766418965.281117
Loss/Supervised,78850,0.4394804537296295,1766419078.3960683
Loss/Supervised,78900,0.40624895691871643,1766419191.680052
Loss/Supervised,78950,0.32456788420677185,1766419305.8852139
Loss/Supervised,79000,0.41321849822998047,1766419419.5668797
Loss/Supervised,79050,0.35204291343688965,1766419533.4151402
Loss/Supervised,79100,0.6162313222885132,1766419648.8806572
Loss/Supervised,79150,0.45409902930259705,1766419762.3160298
Loss/Supervised,79200,0.37526845932006836,1766419878.937238
Loss/Supervised,79250,0.335016131401062,1766419990.7951949
Loss/Supervised,79300,0.41985437273979187,1766420103.754854
Loss/Supervised,79350,0.46097496151924133,1766420218.9375093
Loss/Supervised,79400,0.5277587175369263,1766420333.172343
Loss/Supervised,79450,0.5216289758682251,1766420442.7091217
Loss/Supervised,79500,0.3747223913669586,1766420556.818849
Loss/Supervised,79550,0.4703594148159027,1766420667.3133054
Loss/Supervised,79600,0.37713637948036194,1766420779.9348478
Loss/Supervised,79650,0.44154423475265503,1766420893.0145838
Loss/Supervised,79700,0.33173903822898865,1766421005.4917357
Loss/Supervised,79750,0.3295747935771942,1766421113.2961311
Loss/Supervised,79800,0.44292616844177246,1766421227.392107
Loss/Supervised,79850,0.4209652841091156,1766421343.1035264
Loss/Supervised,79900,0.34860479831695557,1766421456.3743906
Loss/Supervised,79950,0.36621367931365967,1766421568.741575
Loss/Supervised,80000,0.5483801960945129,1766421680.2149322
Loss/Supervised,80050,0.365817129611969,1766421789.4386656
Loss/Supervised,80100,0.4232605993747711,1766421900.7566433
Loss/Supervised,80150,0.48549655079841614,1766422010.297939
Loss/Supervised,80200,0.3910326361656189,1766422120.805407
Loss/Supervised,80250,0.3705960512161255,1766422232.4281647
Loss/Supervised,80300,0.5451396107673645,1766422348.5214684
Loss/Supervised,80350,0.3552028238773346,1766422460.8940873
Loss/Supervised,80400,0.33995455503463745,1766422576.7961383
Loss/Supervised,80450,0.4530695378780365,1766422689.4747279
Loss/Supervised,80500,0.4890125095844269,1766422799.3667288
Loss/Supervised,80550,0.3360022306442261,1766422912.846027
Loss/Supervised,80600,0.5572923421859741,1766423025.2214584
Loss/Supervised,80650,0.3876342475414276,1766423134.4902
Loss/Supervised,80700,0.4820745289325714,1766423248.1650772
Loss/Supervised,80750,0.478029727935791,1766423360.33526
Loss/Supervised,80800,0.4573743939399719,1766423471.5012834
Loss/Supervised,80850,0.3751526176929474,1766423584.9048336
Loss/Supervised,80900,0.38558879494667053,1766423698.9585795
Loss/Supervised,80950,0.4576314091682434,1766423810.6202247
Loss/Supervised,81000,0.4131714701652527,1766423925.1800976
Loss/Supervised,81050,0.3247354030609131,1766424034.5827632
Loss/Supervised,81100,0.5576915144920349,1766424141.3581662
Loss/Supervised,81150,0.35666194558143616,1766424253.503491
Loss/Supervised,81200,0.440708190202713,1766424364.3567061
Loss/Supervised,81250,0.697263240814209,1766424470.6182911
Loss/Supervised,81300,0.42015504837036133,1766424587.2498393
Loss/Supervised,81350,0.2884083092212677,1766424697.5109901
Loss/Supervised,81400,0.6509644389152527,1766424810.7128935
Loss/Supervised,81450,0.497709721326828,1766424923.3491652
Loss/Supervised,81500,0.48147377371788025,1766425035.7309978
Loss/Supervised,81550,0.5239537358283997,1766425146.3214126
Loss/Supervised,81600,0.43656495213508606,1766425260.1904159
Loss/Supervised,81650,0.6142051219940186,1766425374.7737575
Loss/Supervised,81700,0.504035234451294,1766425487.065476
Loss/Supervised,81750,0.6137511730194092,1766425601.883621
Loss/Supervised,81800,0.3621804118156433,1766425714.0272906
Loss/Supervised,81850,0.3278888463973999,1766425826.5802448
Loss/Supervised,81900,0.5347023606300354,1766425938.039725
Loss/Supervised,81950,0.4931489825248718,1766426052.073795
Loss/Supervised,82000,0.48424917459487915,1766426164.6523166
Loss/Supervised,82050,0.3383176922798157,1766426275.2097995
Loss/Supervised,82100,0.4955855906009674,1766426387.8559103
Loss/Supervised,82150,0.40611448884010315,1766426497.812583
Loss/Supervised,82200,0.36946770548820496,1766426612.202231
Loss/Supervised,82250,0.47626328468322754,1766426726.545417
Loss/Supervised,82300,0.31943467259407043,1766426838.75633
Loss/Supervised,82350,0.3369048237800598,1766426950.7773128
Loss/Supervised,82400,0.47966310381889343,1766427062.7229548
Loss/Supervised,82450,0.3968481123447418,1766427173.4685342
Loss/Supervised,82500,0.3143768012523651,1766427284.497975
Loss/Supervised,82550,0.2719779312610626,1766427401.9641669
Loss/Supervised,82600,0.598392128944397,1766427514.5560179
Loss/Supervised,82650,0.41226425766944885,1766427628.49797
Loss/Supervised,82700,0.35546478629112244,1766427738.7779682
Loss/Supervised,82750,0.32000377774238586,1766427850.4165375
Loss/Supervised,82800,0.3912084996700287,1766427965.3780432
Loss/Supervised,82850,0.3745833933353424,1766428076.4276228
Loss/Supervised,82900,0.3897329568862915,1766428189.340593
Loss/Supervised,82950,0.5312209725379944,1766428301.8721051
Loss/Supervised,83000,0.5297611951828003,1766428409.337249
Loss/Supervised,83050,0.5017428994178772,1766428521.4618773
Loss/Supervised,83100,0.3461483120918274,1766428631.6819372
Loss/Supervised,83150,0.4724559187889099,1766428747.171015
Loss/Supervised,83200,0.4769133925437927,1766428859.148764
Loss/Supervised,83250,0.47145238518714905,1766428974.1514783
Loss/Supervised,83300,0.4982844591140747,1766429084.7699575
Loss/Supervised,83350,0.37166863679885864,1766429194.7993343
Loss/Supervised,83400,0.3684132695198059,1766429308.2395108
Loss/Supervised,83450,0.37325572967529297,1766429423.1547632
Loss/Supervised,83500,0.37561360001564026,1766429536.463782
Loss/Supervised,83550,0.44180935621261597,1766429650.5480237
Loss/Supervised,83600,0.4184093475341797,1766429765.0166564
Loss/Supervised,83650,0.37481826543807983,1766429879.3097396
Loss/Supervised,83700,0.46926212310791016,1766429991.575402
Loss/Supervised,83750,0.4949806034564972,1766430106.892177
Loss/Supervised,83800,0.3855251669883728,1766430221.6643429
Loss/Supervised,83850,0.5183050632476807,1766430333.7386415
Loss/Supervised,83900,0.5334770083427429,1766430447.469378
Loss/Supervised,83950,0.3455415964126587,1766430557.930938
Loss/Supervised,84000,0.31654903292655945,1766430671.9495595
Loss/Supervised,84050,0.5775625705718994,1766430783.5285778
Loss/Supervised,84100,0.44670549035072327,1766430897.891504
Loss/Supervised,84150,0.5248004794120789,1766431010.8129656
Loss/Supervised,84200,0.5898561477661133,1766431125.6085002
Loss/Supervised,84250,0.43345144391059875,1766431238.1279044
Loss/Supervised,84300,0.6817556023597717,1766431350.2772372
Loss/Supervised,84350,0.30156534910202026,1766431462.4690256
Loss/Supervised,84400,0.4766958951950073,1766431577.3673205
Loss/Supervised,84450,0.5849467515945435,1766431689.0843675
Loss/Supervised,84500,0.4271141290664673,1766431805.001017
Loss/Supervised,84550,0.37163156270980835,1766431921.5445557
Loss/Supervised,84600,0.3785285949707031,1766432034.7294686
Loss/Supervised,84650,0.4149050712585449,1766432144.9204865
Loss/Supervised,84700,0.5977457761764526,1766432254.5080097
Loss/Supervised,84750,0.4936387240886688,1766432364.9988446
Loss/Supervised,84800,0.5315816402435303,1766432479.7339911
Loss/Supervised,84850,0.43226397037506104,1766432590.1444416
Loss/Supervised,84900,0.40034234523773193,1766432703.2789452
Loss/Supervised,84950,0.6204119324684143,1766432816.329442
Loss/Supervised,85000,0.5596727132797241,1766432931.0286772
Loss/Supervised,85050,0.5089779496192932,1766433044.172116
Loss/Supervised,85100,0.2840433120727539,1766433154.8605268
Loss/Supervised,85150,0.37956348061561584,1766433269.0545118
Loss/Supervised,85200,0.34930670261383057,1766433378.602859
Loss/Supervised,85250,0.47956034541130066,1766433492.6839535
Loss/Supervised,85300,0.46103957295417786,1766433605.7615066
Loss/Supervised,85350,0.48910343647003174,1766433720.6402884
Loss/Supervised,85400,0.3502061367034912,1766433833.9455018
Loss/Supervised,85450,0.3130960464477539,1766433948.2645762
Loss/Supervised,85500,0.3489929437637329,1766434060.4267912
Loss/Supervised,85550,0.3712945282459259,1766434172.7846196
Loss/Supervised,85600,0.4109971523284912,1766434283.0727534
Loss/Supervised,85650,0.4044847786426544,1766434395.0572531
Loss/Supervised,85700,0.4713085889816284,1766434508.4946508
Loss/Supervised,85750,0.5895206928253174,1766434617.0198684
Loss/Supervised,85800,0.5044131875038147,1766434729.3658588
Loss/Supervised,85850,0.3041571080684662,1766434841.8953714
Loss/Supervised,85900,0.5235314965248108,1766434957.466768
Loss/Supervised,85950,0.42388227581977844,1766435069.7813516
Loss/Supervised,86000,0.4673371911048889,1766435176.9587312
Loss/Supervised,86050,0.3867321312427521,1766435290.9550173
Loss/Supervised,86100,0.293069064617157,1766435402.7987766
Loss/Supervised,86150,0.37306827306747437,1766435515.4104533
Loss/Supervised,86200,0.5350359082221985,1766435628.9286027
Loss/Supervised,86250,0.4167848229408264,1766435738.4153137
Loss/Supervised,86300,0.5889807343482971,1766435851.3695502
Loss/Supervised,86350,0.3912959396839142,1766435967.1163845
Loss/Supervised,86400,0.43581026792526245,1766436080.252226
Loss/Supervised,86450,0.45712876319885254,1766436191.6382818
Loss/Supervised,86500,0.5965458154678345,1766436300.8224251
Loss/Supervised,86550,0.36864545941352844,1766436412.7462015
Loss/Supervised,86600,0.4567401111125946,1766436526.7890108
Loss/Supervised,86650,0.37454065680503845,1766436640.1405184
Loss/Supervised,86700,0.37686070799827576,1766436756.5327716
Loss/Supervised,86750,0.47893497347831726,1766436868.0284474
Loss/Supervised,86800,0.47984927892684937,1766436981.7299275
Loss/Supervised,86850,0.42873403429985046,1766437095.0562384
Loss/Supervised,86900,0.45061975717544556,1766437207.7502162
Loss/Supervised,86950,0.5430353283882141,1766437321.9757662
Loss/Supervised,87000,0.4389861822128296,1766437436.3279839
Loss/Supervised,87050,0.42800164222717285,1766437548.2933567
Loss/Supervised,87100,0.3711839020252228,1766437661.1206656
Loss/Supervised,87150,0.43332377076148987,1766437771.8954132
Loss/Supervised,87200,0.31822866201400757,1766437882.6330583
Loss/Supervised,87250,0.39341288805007935,1766437996.6938767
Loss/Supervised,87300,0.34434443712234497,1766438107.6589282
Loss/Supervised,87350,0.38541898131370544,1766438222.6976368
Loss/Supervised,87400,0.44376492500305176,1766438333.7040067
Loss/Supervised,87450,0.6450945138931274,1766438448.4590425
Loss/Supervised,87500,0.3449742794036865,1766438557.2282004
Loss/Supervised,87550,0.5414970517158508,1766438667.8077714
Loss/Supervised,87600,0.4663527309894562,1766438782.040202
Loss/Supervised,87650,0.36814644932746887,1766438894.7843218
Loss/Supervised,87700,0.36977890133857727,1766439013.5919743
Loss/Supervised,87750,0.3459455966949463,1766439130.6186893
Loss/Supervised,87800,0.48079246282577515,1766439242.1846702
Loss/Supervised,87850,0.4759903848171234,1766439354.96131
Loss/Supervised,87900,0.5244630575180054,1766439471.2454095
Loss/Supervised,87950,0.3599715530872345,1766439585.082118
Loss/Supervised,88000,0.3775580823421478,1766439702.4216738
Loss/Supervised,88050,0.4370308220386505,1766439809.8790731
Loss/Supervised,88100,0.3903149366378784,1766439919.5113351
Loss/Supervised,88150,0.6005642414093018,1766440027.321661
Loss/Supervised,88200,0.5624336004257202,1766440139.7052977
Loss/Supervised,88250,0.4016983211040497,1766440252.2936697
Loss/Supervised,88300,0.4901532232761383,1766440366.7124069
Loss/Supervised,88350,0.39963221549987793,1766440481.0860684
Loss/Supervised,88400,0.38296186923980713,1766440593.4126143
Loss/Supervised,88450,0.24915337562561035,1766440710.0152295
Loss/Supervised,88500,0.3808309733867645,1766440821.5052912
Loss/Supervised,88550,0.4423864781856537,1766440934.4804132
Loss/Supervised,88600,0.4544943869113922,1766441045.4522436
Loss/Supervised,88650,0.502033531665802,1766441163.151044
Loss/Supervised,88700,0.31494900584220886,1766441276.6290786
Loss/Supervised,88750,0.4234168827533722,1766441387.9412577
Loss/Supervised,88800,0.5483576655387878,1766441500.2590919
Loss/Supervised,88850,0.4456554353237152,1766441612.9884923
Loss/Supervised,88900,0.43259721994400024,1766441727.5775018
Loss/Supervised,88950,0.48481282591819763,1766441833.3591578
Loss/Supervised,89000,0.42358535528182983,1766441946.724281
Loss/Supervised,89050,0.43810465931892395,1766442060.9858634
Loss/Supervised,89100,0.41133812069892883,1766442175.2706723
Loss/Supervised,89150,0.3831653594970703,1766442289.6508536
Loss/Supervised,89200,0.3317619264125824,1766442403.0566885
Loss/Supervised,89250,0.33106788992881775,1766442512.8630886
Loss/Supervised,89300,0.2798226773738861,1766442627.0084581
Loss/Supervised,89350,0.6062170267105103,1766442742.0627432
Loss/Supervised,89400,0.3804943561553955,1766442853.9285843
Loss/Supervised,89450,0.681786835193634,1766442968.157171
Loss/Supervised,89500,0.32406628131866455,1766443079.034572
Loss/Supervised,89550,0.3099399507045746,1766443191.7783797
Loss/Supervised,89600,0.5129737854003906,1766443301.7777503
Loss/Supervised,89650,0.3746654987335205,1766443417.1686306
Loss/Supervised,89700,0.38710057735443115,1766443529.4091678
Loss/Supervised,89750,0.4388485848903656,1766443641.7159677
Loss/Supervised,89800,0.35626062750816345,1766443754.4560153
Loss/Supervised,89850,0.5037104487419128,1766443866.050415
Loss/Supervised,89900,0.335067480802536,1766443975.9098182
Loss/Supervised,89950,0.39347168803215027,1766444087.0128133
Loss/Supervised,90000,0.5109433531761169,1766444199.9358962
Loss/Supervised,90050,0.41289520263671875,1766444315.8366628
Loss/Supervised,90100,0.5407562851905823,1766444430.6847327
Loss/Supervised,90150,0.3080151081085205,1766444543.0570104
Loss/Supervised,90200,0.42698934674263,1766444657.694108
Loss/Supervised,90250,0.4561484158039093,1766444773.5818365
Loss/Supervised,90300,0.391737699508667,1766444886.1335814
Loss/Supervised,90350,0.5128358006477356,1766444997.2785738
Loss/Supervised,90400,0.3950344920158386,1766445110.8009195
Loss/Supervised,90450,0.3984682559967041,1766445220.021536
Loss/Supervised,90500,0.43987375497817993,1766445332.698718
Loss/Supervised,90550,0.3531530201435089,1766445445.3432052
Loss/Supervised,90600,0.40809565782546997,1766445557.7400424
Loss/Supervised,90650,0.33914750814437866,1766445670.9589236
Loss/Supervised,90700,0.4355880916118622,1766445780.4432707
Loss/Supervised,90750,0.4315933585166931,1766445894.1080654
Loss/Supervised,90800,0.3998711407184601,1766446005.2038505
Loss/Supervised,90850,0.4898761510848999,1766446116.999668
Loss/Supervised,90900,0.49196603894233704,1766446230.2116423
Loss/Supervised,90950,0.2819404900074005,1766446340.2769144
Loss/Supervised,91000,0.4130176305770874,1766446455.4871495
Loss/Supervised,91050,0.3760644197463989,1766446568.2662756
Loss/Supervised,91100,0.5859699249267578,1766446681.3459294
Loss/Supervised,91150,0.5756145119667053,1766446794.8471239
Loss/Supervised,91200,0.31774747371673584,1766446908.8833382
Loss/Supervised,91250,0.44185587763786316,1766447022.0484388
Loss/Supervised,91300,0.4193366467952728,1766447133.356141
Loss/Supervised,91350,0.3879012167453766,1766447244.3067045
Loss/Supervised,91400,0.4207540452480316,1766447356.7535357
Loss/Supervised,91450,0.5388649106025696,1766447466.2512374
Loss/Supervised,91500,0.400547057390213,1766447576.5223
Loss/Supervised,91550,0.5487200021743774,1766447684.6029758
Loss/Supervised,91600,0.6527618169784546,1766447799.4806035
Loss/Supervised,91650,0.46743297576904297,1766447914.0194201
Loss/Supervised,91700,0.2686522901058197,1766448029.4180923
Loss/Supervised,91750,0.4336034059524536,1766448141.9157686
Loss/Supervised,91800,0.3925211429595947,1766448252.7316074
Loss/Supervised,91850,0.399954617023468,1766448366.8467894
Loss/Supervised,91900,0.47105491161346436,1766448476.560875
Loss/Supervised,91950,0.43577685952186584,1766448587.802785
Loss/Supervised,92000,0.7835552096366882,1766448697.3317108
Loss/Supervised,92050,0.4295068085193634,1766448812.113884
Loss/Supervised,92100,0.5275072455406189,1766448925.231785
Loss/Supervised,92150,0.6268547773361206,1766449042.2993572
Loss/Supervised,92200,0.5459446310997009,1766449152.2053196
Loss/Supervised,92250,0.28580451011657715,1766449262.3077936
Loss/Supervised,92300,0.45530879497528076,1766449374.1375234
Loss/Supervised,92350,0.30452656745910645,1766449485.0985723
Loss/Supervised,92400,0.29866456985473633,1766449599.0162864
Loss/Supervised,92450,0.2846449613571167,1766449711.3721776
Loss/Supervised,92500,0.3825257122516632,1766449821.793562
Loss/Supervised,92550,0.36589041352272034,1766449931.2775428
Loss/Supervised,92600,0.41774556040763855,1766450044.9155953
Loss/Supervised,92650,0.4991638958454132,1766450156.7838812
Loss/Supervised,92700,0.7575940489768982,1766450271.2419662
Loss/Supervised,92750,0.49470341205596924,1766450380.0096912
Loss/Supervised,92800,0.33911824226379395,1766450493.683522
Loss/Supervised,92850,0.4125100076198578,1766450609.0024338
Loss/Supervised,92900,0.40706366300582886,1766450722.7633276
Loss/Supervised,92950,0.5295816659927368,1766450832.404023
Loss/Supervised,93000,0.37353774905204773,1766450941.3533862
Loss/Supervised,93050,0.3885593116283417,1766451054.4100828
Loss/Supervised,93100,0.5387093424797058,1766451166.7830167
Loss/Supervised,93150,0.37415388226509094,1766451278.3961835
Loss/Supervised,93200,0.4828942120075226,1766451390.4127886
Loss/Supervised,93250,0.37539008259773254,1766451507.3141398
Loss/Supervised,93300,0.39589202404022217,1766451618.96422
Loss/Supervised,93350,0.372789204120636,1766451730.2623413
Loss/Supervised,93400,0.39823058247566223,1766451845.1464067
Loss/Supervised,93450,0.35477471351623535,1766451960.557901
Loss/Supervised,93500,0.4367199242115021,1766452072.9525118
Loss/Supervised,93550,0.37508225440979004,1766452184.9925401
Loss/Supervised,93600,0.3116428256034851,1766452302.7445858
Loss/Supervised,93650,0.42416390776634216,1766452410.7588558
Loss/Supervised,93700,0.4424889087677002,1766452519.3343613
Loss/Supervised,93750,0.3434761166572571,1766452629.3293204
Loss/Supervised,93800,0.38482600450515747,1766452743.6424189
Loss/Supervised,93850,0.374125212430954,1766452857.207852
Loss/Supervised,93900,0.42819201946258545,1766452971.5112824
Loss/Supervised,93950,0.5480747222900391,1766453084.089614
Loss/Supervised,94000,0.47187817096710205,1766453194.5168247
Loss/Supervised,94050,0.4922441244125366,1766453308.6230032
Loss/Supervised,94100,0.37447401881217957,1766453419.4517286
Loss/Supervised,94150,0.3795677125453949,1766453533.6655223
Loss/Supervised,94200,0.43415942788124084,1766453644.6803796
Loss/Supervised,94250,0.45725756883621216,1766453758.7652862
Loss/Supervised,94300,0.31398752331733704,1766453870.690351
Loss/Supervised,94350,0.4848099946975708,1766453984.742736
Loss/Supervised,94400,0.40834224224090576,1766454098.1960042
Loss/Supervised,94450,0.7419235706329346,1766454211.933436
Loss/Supervised,94500,0.3247031271457672,1766454325.878126
Loss/Supervised,94550,0.4208667576313019,1766454436.523256
Loss/Supervised,94600,0.3717641532421112,1766454546.3550766
Loss/Supervised,94650,0.5105634331703186,1766454658.8313699
Loss/Supervised,94700,0.594202995300293,1766454772.728749
Loss/Supervised,94750,0.532368004322052,1766454884.6503174
Loss/Supervised,94800,0.3784363567829132,1766454995.241804
Loss/Supervised,94850,0.6222937107086182,1766455108.4846094
Loss/Supervised,94900,0.5103388428688049,1766455218.7679694
Loss/Supervised,94950,0.4446576237678528,1766455330.953824
Loss/Supervised,95000,0.4459289610385895,1766455442.8051655
Loss/Supervised,95050,0.3512289226055145,1766455553.719788
Loss/Supervised,95100,0.4664866030216217,1766455665.9018562
Loss/Supervised,95150,0.29192790389060974,1766455778.653641
Loss/Supervised,95200,0.4656924605369568,1766455890.9900372
Loss/Supervised,95250,0.42748308181762695,1766456000.6877472
Loss/Supervised,95300,0.3119650185108185,1766456116.1624537
Loss/Supervised,95350,0.3405631184577942,1766456224.4251342
Loss/Supervised,95400,0.4063483774662018,1766456339.524155
Loss/Supervised,95450,0.4191948473453522,1766456451.4965587
Loss/Supervised,95500,0.3026125431060791,1766456562.584364
Loss/Supervised,95550,0.5228862762451172,1766456675.4679658
Loss/Supervised,95600,0.4412094056606293,1766456788.2483304
Loss/Supervised,95650,0.5024724006652832,1766456901.9753416
Loss/Supervised,95700,0.3908105194568634,1766457018.1816628
Loss/Supervised,95750,0.5286927819252014,1766457130.4093215
Loss/Supervised,95800,0.4396932125091553,1766457244.8138127
Loss/Supervised,95850,0.49163195490837097,1766457356.1300013
Loss/Supervised,95900,0.3408278226852417,1766457466.388642
Loss/Supervised,95950,0.4510011374950409,1766457574.0687811
Loss/Supervised,96000,0.40309226512908936,1766457689.6094801
Loss/Supervised,96050,0.4749736487865448,1766457802.0505528
Loss/Supervised,96100,0.5402016639709473,1766457914.6344833
Loss/Supervised,96150,0.34378862380981445,1766458029.2091825
Loss/Supervised,96200,0.4203498661518097,1766458145.5175834
Loss/Supervised,96250,0.32202526926994324,1766458256.3727024
Loss/Supervised,96300,0.353030800819397,1766458368.5853536
Loss/Supervised,96350,0.33423930406570435,1766458481.8617764
Loss/Supervised,96400,0.510863184928894,1766458593.3647962
Loss/Supervised,96450,0.40905001759529114,1766458704.9779396
Loss/Supervised,96500,0.4301145374774933,1766458816.6942885
Loss/Supervised,96550,0.46617329120635986,1766458927.3715174
Loss/Supervised,96600,0.4847855865955353,1766459040.8874607
Loss/Supervised,96650,0.5363041758537292,1766459153.801335
Loss/Supervised,96700,0.5645432472229004,1766459267.6339319
Loss/Supervised,96750,0.572625994682312,1766459378.198747
Loss/Supervised,96800,0.30744048953056335,1766459486.3992934
Loss/Supervised,96850,0.3737177550792694,1766459602.020647
Loss/Supervised,96900,0.46951887011528015,1766459716.8213305
Loss/Supervised,96950,0.4365740716457367,1766459824.9538047
Loss/Supervised,97000,0.2857185900211334,1766459936.3572803
Loss/Supervised,97050,0.5000160336494446,1766460049.541376
Loss/Supervised,97100,0.36917734146118164,1766460161.324349
Loss/Supervised,97150,0.3446040749549866,1766460272.0178988
Loss/Supervised,97200,0.6237279772758484,1766460387.226596
Loss/Supervised,97250,0.4888017177581787,1766460500.4995437
Loss/Supervised,97300,0.3621719479560852,1766460612.0180302
Loss/Supervised,97350,0.44181203842163086,1766460720.4016633
Loss/Supervised,97400,0.531964123249054,1766460834.177448
Loss/Supervised,97450,0.433736115694046,1766460946.556784
Loss/Supervised,97500,0.38022589683532715,1766461060.677492
Loss/Supervised,97550,0.3648206293582916,1766461167.8053112
Loss/Supervised,97600,0.356093168258667,1766461279.2978191
Loss/Supervised,97650,0.5398176908493042,1766461392.3202593
Loss/Supervised,97700,0.3501777946949005,1766461503.745536
Loss/Supervised,97750,0.3922876715660095,1766461617.8311927
Loss/Supervised,97800,0.4727296233177185,1766461729.5842614
Loss/Supervised,97850,0.56108558177948,1766461842.0472822
Loss/Supervised,97900,0.3810516893863678,1766461957.5547452
Loss/Supervised,97950,0.2470434606075287,1766462075.5233765
Loss/Supervised,98000,0.5010777115821838,1766462187.7217045
Loss/Supervised,98050,0.44523873925209045,1766462302.1687412
Loss/Supervised,98100,0.3889099061489105,1766462414.9858167
Loss/Supervised,98150,0.47327950596809387,1766462524.88726
Loss/Supervised,98200,0.634337306022644,1766462634.5648963
Loss/Supervised,98250,0.35442277789115906,1766462746.5142777
Loss/Supervised,98300,0.4324260652065277,1766462860.4538574
Loss/Supervised,98350,0.4178708791732788,1766462973.2840962
Loss/Supervised,98400,0.4450764060020447,1766463086.4023004
Loss/Supervised,98450,0.5665236711502075,1766463201.5861907
Loss/Supervised,98500,0.3221052587032318,1766463314.7447133
Loss/Supervised,98550,0.47802647948265076,1766463427.3006935
Loss/Supervised,98600,0.3400920331478119,1766463539.5691082
Loss/Supervised,98650,0.3200787603855133,1766463653.182057
Loss/Supervised,98700,0.33266907930374146,1766463764.3368523
Loss/Supervised,98750,0.5065209865570068,1766463879.581725
Loss/Supervised,98800,0.49272075295448303,1766463992.8330386
Loss/Supervised,98850,0.47070011496543884,1766464103.4157603
Loss/Supervised,98900,0.44381949305534363,1766464216.9637625
Loss/Supervised,98950,0.3685086667537689,1766464325.5957024
Loss/Supervised,99000,0.3430907130241394,1766464437.6024163
Loss/Supervised,99050,0.47999829053878784,1766464553.1285486
Loss/Supervised,99100,0.24488407373428345,1766464667.4516313
Loss/Supervised,99150,0.5976493954658508,1766464779.1763883
Loss/Supervised,99200,0.5378084778785706,1766464890.361321
Loss/Supervised,99250,0.463532418012619,1766465003.7662985
Loss/Supervised,99300,0.3993816077709198,1766465118.3185573
Loss/Supervised,99350,0.3993016481399536,1766465234.2209704
Loss/Supervised,99400,0.36378902196884155,1766465343.0108871
Loss/Supervised,99450,0.3925304114818573,1766465452.5317402
Loss/Supervised,99500,0.4349406957626343,1766465566.4126277
Loss/Supervised,99550,0.3568953275680542,1766465682.3521273
Loss/Supervised,99600,0.3740995228290558,1766465794.2609057
Loss/Supervised,99650,0.389103502035141,1766465902.5066588
Loss/Supervised,99700,0.447757750749588,1766466016.4755208
Loss/Supervised,99750,0.36753517389297485,1766466130.061554
Loss/Supervised,99800,0.5494193434715271,1766466240.108205
Loss/Supervised,99850,0.3280799984931946,1766466353.9671824
Loss/Supervised,99900,0.4238313138484955,1766466466.5611525
Loss/Supervised,99950,0.4652268886566162,1766466581.0312743
Loss/Supervised,100000,0.42271894216537476,1766466692.9717088
Loss/Supervised,100050,0.39599519968032837,1766466806.563103
Loss/Supervised,100100,0.4751134216785431,1766466923.568247
Loss/Supervised,100150,0.4469406008720398,1766467035.9881148
Loss/Supervised,100200,0.5100488662719727,1766467146.5980105
Loss/Supervised,100250,0.34265953302383423,1766467260.7986696
Loss/Supervised,100300,0.4110160768032074,1766467377.5262048
Loss/Supervised,100350,0.39676031470298767,1766467489.94343
Loss/Supervised,100400,0.370078980922699,1766467604.5462935
Loss/Supervised,100450,0.3253619968891144,1766467719.1947346
Loss/Supervised,100500,0.5584681034088135,1766467832.6639686
Loss/Supervised,100550,0.47313493490219116,1766467943.3523583
Loss/Supervised,100600,0.4876694679260254,1766468058.805629
Loss/Supervised,100650,0.37253448367118835,1766468175.4801974
Loss/Supervised,100700,0.4044852554798126,1766468290.5217574
Loss/Supervised,100750,0.6191072463989258,1766468403.801239
Loss/Supervised,100800,0.5228264927864075,1766468516.0034056
Loss/Supervised,100850,0.4532376229763031,1766468626.4297068
Loss/Supervised,100900,0.5208636522293091,1766468740.1197932
Loss/Supervised,100950,0.3254207372665405,1766468855.0392098
Loss/Supervised,101000,0.3505559265613556,1766468966.6300764
Loss/Supervised,101050,0.3651348054409027,1766469080.5049458
Loss/Supervised,101100,0.3667512834072113,1766469192.213676
Loss/Supervised,101150,0.5025655627250671,1766469302.5309749
Loss/Supervised,101200,0.47249066829681396,1766469413.8443987
Loss/Supervised,101250,0.3187105655670166,1766469528.7757814
Loss/Supervised,101300,0.3515205383300781,1766469642.0635605
Loss/Supervised,101350,0.40077921748161316,1766469751.3516343
Loss/Supervised,101400,0.42489224672317505,1766469862.452112
Loss/Supervised,101450,0.44478482007980347,1766469973.4387267
Loss/Supervised,101500,0.477550745010376,1766470084.339962
Loss/Supervised,101550,0.40650108456611633,1766470194.170453
Loss/Supervised,101600,0.39233940839767456,1766470307.9264717
Loss/Supervised,101650,0.4406116008758545,1766470420.988256
Loss/Supervised,101700,0.3828708529472351,1766470534.0423307
Loss/Supervised,101750,0.37177470326423645,1766470652.2920127
Loss/Supervised,101800,0.33772215247154236,1766470761.3459592
Loss/Supervised,101850,0.4361124336719513,1766470874.081993
Loss/Supervised,101900,0.42547011375427246,1766470990.5660698
Loss/Supervised,101950,0.35895615816116333,1766471107.1488452
Loss/Supervised,102000,0.34870314598083496,1766471219.2827308
Loss/Supervised,102050,0.3426322340965271,1766471331.0764277
Loss/Supervised,102100,0.3900216817855835,1766471441.2216828
Loss/Supervised,102150,0.38424184918403625,1766471554.1850507
Loss/Supervised,102200,0.3102356493473053,1766471667.4416916
Loss/Supervised,102250,0.4395048916339874,1766471782.280626
Loss/Supervised,102300,0.3487752079963684,1766471892.2402327
Loss/Supervised,102350,0.43196481466293335,1766472005.5531263
Loss/Supervised,102400,0.3649669885635376,1766472118.915176
Loss/Supervised,102450,0.7254228591918945,1766472232.6580112
Loss/Supervised,102500,0.46944019198417664,1766472344.2053025
Loss/Supervised,102550,0.5099425315856934,1766472451.7487583
Loss/Supervised,102600,0.3836957812309265,1766472558.3875475
Loss/Supervised,102650,0.39151477813720703,1766472669.5898461
Loss/Supervised,102700,0.42598122358322144,1766472781.5840423
Loss/Supervised,102750,0.3282005190849304,1766472890.4764132
Loss/Supervised,102800,0.34856539964675903,1766473003.3260071
Loss/Supervised,102850,0.4019932150840759,1766473114.4074407
Loss/Supervised,102900,0.5227136015892029,1766473228.2355835
Loss/Supervised,102950,0.525307834148407,1766473342.9941754
Loss/Supervised,103000,0.29552167654037476,1766473455.2800803
Loss/Supervised,103050,0.4127086400985718,1766473568.1459637
Loss/Supervised,103100,0.39922863245010376,1766473680.857688
Loss/Supervised,103150,0.4021286368370056,1766473795.8516784
Loss/Supervised,103200,0.29320549964904785,1766473907.5194378
Loss/Supervised,103250,0.5067442655563354,1766474020.065121
Loss/Supervised,103300,0.6328988671302795,1766474135.6016326
Loss/Supervised,103350,0.42071494460105896,1766474247.3821967
Loss/Supervised,103400,0.5056293606758118,1766474358.6859756
Loss/Supervised,103450,0.45456427335739136,1766474468.3053517
Loss/Supervised,103500,0.3982577919960022,1766474587.4923263
Loss/Supervised,103550,0.3914007246494293,1766474700.3189857
Loss/Supervised,103600,0.4537019729614258,1766474810.9776628
Loss/Supervised,103650,0.42089173197746277,1766474922.3865182
Loss/Supervised,103700,0.5094103813171387,1766475035.564002
Loss/Supervised,103750,0.34154143929481506,1766475150.3306823
Loss/Supervised,103800,0.55122971534729,1766475262.0935354
Loss/Supervised,103850,0.40868669748306274,1766475373.8277779
Loss/Supervised,103900,0.498151570558548,1766475487.1334128
Loss/Supervised,103950,0.636759877204895,1766475600.3558137
Loss/Supervised,104000,0.34835365414619446,1766475714.1632814
Loss/Supervised,104050,0.5590139031410217,1766475828.2412198
Loss/Supervised,104100,0.6230928897857666,1766475937.8747208
Loss/Supervised,104150,0.3143172264099121,1766476047.7627687
Loss/Supervised,104200,0.3040200173854828,1766476161.6528604
Loss/Supervised,104250,0.5092701315879822,1766476276.9030366
Loss/Supervised,104300,0.4615474343299866,1766476387.0409007
Loss/Supervised,104350,0.4528525769710541,1766476500.3856452
Loss/Supervised,104400,0.4249255955219269,1766476614.1440048
Loss/Supervised,104450,0.4264375865459442,1766476724.72005
Loss/Supervised,104500,0.39115574955940247,1766476838.5839112
Loss/Supervised,104550,0.4726542532444,1766476951.883666
Loss/Supervised,104600,0.3066474199295044,1766477061.6124716
Loss/Supervised,104650,0.4098294675350189,1766477176.3937297
Loss/Supervised,104700,0.26739615201950073,1766477286.6050951
Loss/Supervised,104750,0.3002791404724121,1766477400.2619894
Loss/Supervised,104800,0.3332226574420929,1766477515.9616103
Loss/Supervised,104850,0.3398384153842926,1766477625.9457428
Loss/Supervised,104900,0.37563273310661316,1766477743.0708249
Loss/Supervised,104950,0.386821985244751,1766477856.7174315
Loss/Supervised,105000,0.5471011400222778,1766477972.500429
Loss/Supervised,105050,0.5277248024940491,1766478084.7930293
Loss/Supervised,105100,0.4731431007385254,1766478201.551254
Loss/Supervised,105150,0.4122702181339264,1766478314.5051262
Loss/Supervised,105200,0.3752668499946594,1766478426.7786293
Loss/Supervised,105250,0.3792133331298828,1766478535.7454526
Loss/Supervised,105300,0.4407459795475006,1766478648.2059042
Loss/Supervised,105350,0.4596802592277527,1766478762.0730224
Loss/Supervised,105400,0.45070600509643555,1766478877.9101014
Loss/Supervised,105450,0.45594796538352966,1766478990.2790647
Loss/Supervised,105500,0.36149415373802185,1766479101.1027515
Loss/Supervised,105550,0.5567888021469116,1766479210.4613094
Loss/Supervised,105600,0.3245113790035248,1766479322.3874078
Loss/Supervised,105650,0.3141459822654724,1766479435.8103535
Loss/Supervised,105700,0.40121084451675415,1766479550.5712714
Loss/Supervised,105750,0.4832540452480316,1766479662.688522
Loss/Supervised,105800,0.2885684072971344,1766479778.8269002
Loss/Supervised,105850,0.4595825970172882,1766479893.6984968
Loss/Supervised,105900,0.3191230297088623,1766480006.6694026
Loss/Supervised,105950,0.4112529158592224,1766480117.9511406
Loss/Supervised,106000,0.3006548583507538,1766480232.1566305
Loss/Supervised,106050,0.5482811331748962,1766480348.251062
Loss/Supervised,106100,0.4201653003692627,1766480464.4692535
Loss/Supervised,106150,0.4150492250919342,1766480579.033856
Loss/Supervised,106200,0.46346956491470337,1766480688.179528
Loss/Supervised,106250,0.44374793767929077,1766480804.6267414
Loss/Supervised,106300,0.4409928321838379,1766480919.0270872
Loss/Supervised,106350,0.367287278175354,1766481032.4321868
Loss/Supervised,106400,0.5010853409767151,1766481142.5660632
Loss/Supervised,106450,0.42607206106185913,1766481256.702843
Loss/Supervised,106500,0.3737480044364929,1766481367.511998
Loss/Supervised,106550,0.759896993637085,1766481485.2971592
Loss/Supervised,106600,0.44133561849594116,1766481596.7091215
Loss/Supervised,106650,0.4623699486255646,1766481706.8634832
Loss/Supervised,106700,0.3822857141494751,1766481817.2160928
Loss/Supervised,106750,0.35228028893470764,1766481929.8617148
Loss/Supervised,106800,0.29269084334373474,1766482040.975408
Loss/Supervised,106850,0.5414777398109436,1766482154.4146628
Loss/Supervised,106900,0.5191489458084106,1766482270.2632575
Loss/Supervised,106950,0.4326375126838684,1766482382.5515645
Loss/Supervised,107000,0.3373437523841858,1766482493.771361
Loss/Supervised,107050,0.4736500680446625,1766482608.2589853
Loss/Supervised,107100,0.33456867933273315,1766482724.4248917
Loss/Supervised,107150,0.3232184648513794,1766482840.7127006
Loss/Supervised,107200,0.5339909195899963,1766482953.7629104
Loss/Supervised,107250,0.33805713057518005,1766483068.7130837
Loss/Supervised,107300,0.556382954120636,1766483180.153486
Loss/Supervised,107350,0.3788781762123108,1766483290.9342325
Loss/Supervised,107400,0.3567969799041748,1766483402.6590188
Loss/Supervised,107450,0.5217800140380859,1766483517.0341456
Loss/Supervised,107500,0.4244667589664459,1766483634.8968656
Loss/Supervised,107550,0.41779425740242004,1766483749.0637593
Loss/Supervised,107600,0.3968200385570526,1766483865.3278255
Loss/Supervised,107650,0.3311632573604584,1766483980.250657
Loss/Supervised,107700,0.3318406641483307,1766484085.3060057
Loss/Supervised,107750,0.389823317527771,1766484198.5508153
Loss/Supervised,107800,0.46935808658599854,1766484311.0625741
Loss/Supervised,107850,0.38376355171203613,1766484420.6611152
Loss/Supervised,107900,0.43327292799949646,1766484530.5212
Loss/Supervised,107950,0.4369911253452301,1766484646.5047538
Loss/Supervised,108000,0.2904376685619354,1766484762.904146
Loss/Supervised,108050,0.36890819668769836,1766484873.6855836
Loss/Supervised,108100,0.508791983127594,1766484991.624388
Loss/Supervised,108150,0.3862232267856598,1766485107.5164614
Loss/Supervised,108200,0.4852566719055176,1766485221.9146638
Loss/Supervised,108250,0.41182857751846313,1766485336.3284643
Loss/Supervised,108300,0.6766122579574585,1766485451.0992403
Loss/Supervised,108350,0.45341700315475464,1766485565.88791
Loss/Supervised,108400,0.4322841465473175,1766485679.1367342
Loss/Supervised,108450,0.49733638763427734,1766485789.0671053
Loss/Supervised,108500,0.42029517889022827,1766485900.1105542
Loss/Supervised,108550,0.36710819602012634,1766486009.8416953
Loss/Supervised,108600,0.43296018242836,1766486124.6588902
Loss/Supervised,108650,0.4071899354457855,1766486237.544666
Loss/Supervised,108700,0.4526911675930023,1766486350.9515538
Loss/Supervised,108750,0.40101444721221924,1766486462.5735776
Loss/Supervised,108800,0.274065226316452,1766486573.6966023
Loss/Supervised,108850,0.5490723252296448,1766486690.9249027
Loss/Supervised,108900,0.4291169047355652,1766486803.159881
Loss/Supervised,108950,0.3253934979438782,1766486913.378621
Loss/Supervised,109000,0.41429126262664795,1766487024.8462255
Loss/Supervised,109050,0.4497034549713135,1766487136.9716957
Loss/Supervised,109100,0.5104073286056519,1766487250.1414325
Loss/Supervised,109150,0.6069276332855225,1766487363.552969
Loss/Supervised,109200,0.3858162760734558,1766487475.4074023
Loss/Supervised,109250,0.466517835855484,1766487587.258095
Loss/Supervised,109300,0.35283276438713074,1766487699.747781
Loss/Supervised,109350,0.43890810012817383,1766487811.870538
Loss/Supervised,109400,0.3818521499633789,1766487925.0413778
Loss/Supervised,109450,0.3720254600048065,1766488037.3585246
Loss/Supervised,109500,0.4209080934524536,1766488148.929239
Loss/Supervised,109550,0.46223652362823486,1766488259.5257947
Loss/Supervised,109600,0.4139491021633148,1766488374.6317463
Loss/Supervised,109650,0.43512436747550964,1766488488.291333
Loss/Supervised,109700,0.3406524658203125,1766488599.0850797
Loss/Supervised,109750,0.5215543508529663,1766488708.013735
Loss/Supervised,109800,0.3715551495552063,1766488821.7139015
Loss/Supervised,109850,0.47231459617614746,1766488931.1595125
Loss/Supervised,109900,0.5033103823661804,1766489041.6234708
Loss/Supervised,109950,0.724089503288269,1766489152.688189
Loss/Supervised,110000,0.4754057228565216,1766489267.3935719
Loss/Supervised,110050,0.5375351309776306,1766489381.871386
Loss/Supervised,110100,0.5323061943054199,1766489490.8707535
Loss/Supervised,110150,0.40208616852760315,1766489602.099309
Loss/Supervised,110200,0.454144686460495,1766489715.111592
Loss/Supervised,110250,0.41020235419273376,1766489827.7855654
Loss/Supervised,110300,0.48818159103393555,1766489940.3818824
Loss/Supervised,110350,0.4955247640609741,1766490053.3223436
Loss/Supervised,110400,0.5018556118011475,1766490163.5120697
Loss/Supervised,110450,0.4067944884300232,1766490275.6570146
Loss/Supervised,110500,0.423974871635437,1766490389.3310533
Loss/Supervised,110550,0.37886762619018555,1766490503.512892
Loss/Supervised,110600,0.458147794008255,1766490613.2214448
Loss/Supervised,110650,0.3626066744327545,1766490726.8810918
Loss/Supervised,110700,0.5511380434036255,1766490837.7908967
Loss/Supervised,110750,0.43179264664649963,1766490950.0878363
Loss/Supervised,110800,0.5573261976242065,1766491061.5693552
Loss/Supervised,110850,0.6280851364135742,1766491173.3112998
Loss/Supervised,110900,0.4465741813182831,1766491289.8525586
Loss/Supervised,110950,0.3436379134654999,1766491406.2207923
Loss/Supervised,111000,0.3328998386859894,1766491520.7682145
Loss/Supervised,111050,0.4847260117530823,1766491634.4119682
Loss/Supervised,111100,0.44523611664772034,1766491746.9751358
Loss/Supervised,111150,0.3729162812232971,1766491860.2479675
Loss/Supervised,111200,0.27390462160110474,1766491974.6438966
Loss/Supervised,111250,0.39352381229400635,1766492083.0734196
Loss/Supervised,111300,0.5413662195205688,1766492193.3709614
Loss/Supervised,111350,0.5138735175132751,1766492305.3091078
Loss/Supervised,111400,0.5351072549819946,1766492415.8681257
Loss/Supervised,111450,0.45637205243110657,1766492526.18327
Loss/Supervised,111500,0.4243340790271759,1766492640.7866578
Loss/Supervised,111550,0.38339465856552124,1766492755.690595
Loss/Supervised,111600,0.4346901476383209,1766492870.8164206
Loss/Supervised,111650,0.3600302040576935,1766492982.1094093
Loss/Supervised,111700,0.4987349510192871,1766493097.7685268
Loss/Supervised,111750,0.39761847257614136,1766493208.9826705
Loss/Supervised,111800,0.371100515127182,1766493325.0276253
Loss/Supervised,111850,0.5311313271522522,1766493436.2487426
Loss/Supervised,111900,0.47927427291870117,1766493546.8605042
Loss/Supervised,111950,0.5096234679222107,1766493659.474499
Loss/Supervised,112000,0.4523083567619324,1766493771.2569838
Loss/Supervised,112050,0.36300644278526306,1766493883.1906354
Loss/Supervised,112100,0.4732670783996582,1766493998.545491
Loss/Supervised,112150,0.5128854513168335,1766494109.4596853
Loss/Supervised,112200,0.5294246077537537,1766494220.2759612
Loss/Supervised,112250,0.3156779706478119,1766494329.4732997
Loss/Supervised,112300,0.43422606587409973,1766494439.8389864
Loss/Supervised,112350,0.3181140720844269,1766494553.012884
Loss/Supervised,112400,0.41043025255203247,1766494664.9835386
Loss/Supervised,112450,0.3818793296813965,1766494776.7295153
Loss/Supervised,112500,0.4536665976047516,1766494890.2575405
Loss/Supervised,112550,0.2537183165550232,1766495003.024371
Loss/Supervised,112600,0.42547842860221863,1766495113.6295135
Loss/Supervised,112650,0.4477313160896301,1766495221.9372993
Loss/Supervised,112700,0.3867737948894501,1766495333.9912176
Loss/Supervised,112750,0.41947245597839355,1766495448.1335242
Loss/Supervised,112800,0.4498275816440582,1766495559.4176235
Loss/Supervised,112850,0.3645349144935608,1766495672.911571
Loss/Supervised,112900,0.6342747807502747,1766495780.8063805
Loss/Supervised,112950,0.3520490527153015,1766495891.6942897
Loss/Supervised,113000,0.5018395185470581,1766496004.8157954
Loss/Supervised,113050,0.4185267686843872,1766496118.1450887
Loss/Supervised,113100,0.45014217495918274,1766496233.0810158
Loss/Supervised,113150,0.46211278438568115,1766496342.8302538
Loss/Supervised,113200,0.40940767526626587,1766496455.716563
Loss/Supervised,113250,0.4933009445667267,1766496569.227777
Loss/Supervised,113300,0.2921481430530548,1766496683.1776295
Loss/Supervised,113350,0.5014561414718628,1766496795.6406426
Loss/Supervised,113400,0.5494042038917542,1766496909.082431
Loss/Supervised,113450,0.39055514335632324,1766497020.3907301
Loss/Supervised,113500,0.401812881231308,1766497131.1263993
Loss/Supervised,113550,0.39093196392059326,1766497241.7586951
Loss/Supervised,113600,0.5518339276313782,1766497354.9978664
Loss/Supervised,113650,0.3590935170650482,1766497465.3487918
Loss/Supervised,113700,0.4401608407497406,1766497579.139436
Loss/Supervised,113750,0.47673001885414124,1766497696.6596198
Loss/Supervised,113800,0.48574572801589966,1766497806.3559234
Loss/Supervised,113850,0.3897459805011749,1766497918.8914063
Loss/Supervised,113900,0.47807571291923523,1766498033.1469235
Loss/Supervised,113950,0.4824773371219635,1766498144.8983142
Loss/Supervised,114000,0.3115440607070923,1766498254.0074365
Loss/Supervised,114050,0.3014819025993347,1766498365.8380015
Loss/Supervised,114100,0.356632262468338,1766498478.028248
Loss/Supervised,114150,0.4486125707626343,1766498590.328017
Loss/Supervised,114200,0.38407617807388306,1766498707.0066457
Loss/Supervised,114250,0.5857802629470825,1766498816.838824
Loss/Supervised,114300,0.5285630822181702,1766498925.8804588
Loss/Supervised,114350,0.5363577008247375,1766499034.7526321
Loss/Supervised,114400,0.3880022168159485,1766499149.6198227
Loss/Supervised,114450,0.5467051863670349,1766499263.229145
Loss/Supervised,114500,0.43845298886299133,1766499376.9582949
Loss/Supervised,114550,0.4413559138774872,1766499488.6615264
Loss/Supervised,114600,0.39104798436164856,1766499598.998272
Loss/Supervised,114650,0.4460737407207489,1766499712.8437514
Loss/Supervised,114700,0.341062992811203,1766499822.3060448
Loss/Supervised,114750,0.3596705198287964,1766499932.1440058
Loss/Supervised,114800,0.3858903646469116,1766500048.4547315
Loss/Supervised,114850,0.4308926463127136,1766500161.1999614
Loss/Supervised,114900,0.43345165252685547,1766500274.8698738
Loss/Supervised,114950,0.4411829710006714,1766500387.988347
Loss/Supervised,115000,0.3834095597267151,1766500501.2639017
Loss/Supervised,115050,0.45618194341659546,1766500615.0910206
Loss/Supervised,115100,0.3436850309371948,1766500729.8607612
Loss/Supervised,115150,0.5023294687271118,1766500844.0288363
Loss/Supervised,115200,0.5060393810272217,1766500956.260753
Loss/Supervised,115250,0.34189555048942566,1766501068.1144547
Loss/Supervised,115300,0.3739522397518158,1766501181.000582
Loss/Supervised,115350,0.6302751302719116,1766501290.58033
Loss/Supervised,115400,0.42991408705711365,1766501404.2699037
Loss/Supervised,115450,0.40637555718421936,1766501512.628559
Loss/Supervised,115500,0.44392699003219604,1766501622.757583
Loss/Supervised,115550,0.4439939856529236,1766501735.7607877
Loss/Supervised,115600,0.46293285489082336,1766501842.1643963
Loss/Supervised,115650,0.4685797393321991,1766501953.6875706
Loss/Supervised,115700,0.35937726497650146,1766502068.360977
Loss/Supervised,115750,0.3042670488357544,1766502177.2951357
Loss/Supervised,115800,0.49912431836128235,1766502290.2800722
Loss/Supervised,115850,0.33518853783607483,1766502402.9544117
Loss/Supervised,115900,0.3947480320930481,1766502515.7457397
Loss/Supervised,115950,0.46404093503952026,1766502628.4563072
Loss/Supervised,116000,0.5039147734642029,1766502739.1824036
Loss/Supervised,116050,0.3693886697292328,1766502854.4546328
Loss/Supervised,116100,0.3336242139339447,1766502965.3458793
Loss/Supervised,116150,0.28211379051208496,1766503075.3080602
Loss/Supervised,116200,0.5400001406669617,1766503189.8238268
Loss/Supervised,116250,0.27783146500587463,1766503307.4484084
Loss/Supervised,116300,0.5455860495567322,1766503421.8544242
Loss/Supervised,116350,0.37396135926246643,1766503535.566901
Loss/Supervised,116400,0.5200926065444946,1766503649.1898155
Loss/Supervised,116450,0.4867869019508362,1766503763.5048735
Loss/Supervised,116500,0.538902223110199,1766503872.3612056
Loss/Supervised,116550,0.3652534782886505,1766503984.3070672
Loss/Supervised,116600,0.42036494612693787,1766504098.9186769
Loss/Supervised,116650,0.4486994445323944,1766504213.0301173
Loss/Supervised,116700,0.47186943888664246,1766504327.9930565
Loss/Supervised,116750,0.3451769948005676,1766504441.4252918
Loss/Supervised,116800,0.4408622980117798,1766504553.3184001
Loss/Supervised,116850,0.4966295659542084,1766504665.4168704
Loss/Supervised,116900,0.5527636408805847,1766504776.8625112
Loss/Supervised,116950,0.45201805233955383,1766504890.280342
Loss/Supervised,117000,0.38223522901535034,1766505002.198595
Loss/Supervised,117050,0.2821771800518036,1766505116.0053983
Loss/Supervised,117100,0.5055803060531616,1766505226.113928
Loss/Supervised,117150,0.3946533501148224,1766505336.7166939
Loss/Supervised,117200,0.3558543026447296,1766505447.3259256
Loss/Supervised,117250,0.31876707077026367,1766505558.7875638
Loss/Supervised,117300,0.3585755527019501,1766505670.1081414
Loss/Supervised,117350,0.3719738721847534,1766505780.7230568
Loss/Supervised,117400,0.4536949098110199,1766505892.8166666
Loss/Supervised,117450,0.4466994106769562,1766506001.8435483
Loss/Supervised,117500,0.42832958698272705,1766506114.6687381
Loss/Supervised,117550,0.2730552554130554,1766506229.1093483
Loss/Supervised,117600,0.3618606925010681,1766506342.5176504
Loss/Supervised,117650,0.39410310983657837,1766506456.110774
Loss/Supervised,117700,0.3997327983379364,1766506567.1627064
Loss/Supervised,117750,0.49087584018707275,1766506675.8942027
Loss/Supervised,117800,0.30027857422828674,1766506788.6269047
Loss/Supervised,117850,0.27215704321861267,1766506901.5002255
Loss/Supervised,117900,0.30325499176979065,1766507016.7191148
Loss/Supervised,117950,0.4834085702896118,1766507127.4223297
Loss/Supervised,118000,0.4135538339614868,1766507240.476992
Loss/Supervised,118050,0.508755087852478,1766507353.6153972
Loss/Supervised,118100,0.35908591747283936,1766507467.6496835
Loss/Supervised,118150,0.40983662009239197,1766507579.9494574
Loss/Supervised,118200,0.3660801351070404,1766507691.196104
Loss/Supervised,118250,0.5148196816444397,1766507800.93968
Loss/Supervised,118300,0.38943442702293396,1766507914.6721694
Loss/Supervised,118350,0.39206376671791077,1766508025.380979
Loss/Supervised,118400,0.2899547517299652,1766508137.9084547
Loss/Supervised,118450,0.39576610922813416,1766508248.0186038
Loss/Supervised,118500,0.35145750641822815,1766508361.5822952
Loss/Supervised,118550,0.2951729893684387,1766508471.7113585
Loss/Supervised,118600,0.45611771941185,1766508585.4104893
Loss/Supervised,118650,0.42928025126457214,1766508700.9725194
Loss/Supervised,118700,0.4133177101612091,1766508815.7097638
Loss/Supervised,118750,0.5130881667137146,1766508928.8124719
Loss/Supervised,118800,0.38904520869255066,1766509039.2307634
Loss/Supervised,118850,0.29833346605300903,1766509152.0553782
Loss/Supervised,118900,0.3362058997154236,1766509262.6160374
Loss/Supervised,118950,0.4909170866012573,1766509377.1824577
Loss/Supervised,119000,0.5137404799461365,1766509491.0291693
Loss/Supervised,119050,0.4881385862827301,1766509606.5535564
Loss/Supervised,119100,0.53282231092453,1766509718.2664497
Loss/Supervised,119150,0.33949583768844604,1766509828.679502
Loss/Supervised,119200,0.37138688564300537,1766509939.9824972
Loss/Supervised,119250,0.42401617765426636,1766510051.9705057
Loss/Supervised,119300,0.406321257352829,1766510162.97568
Loss/Supervised,119350,0.3513972759246826,1766510273.9139435
Loss/Supervised,119400,0.46484673023223877,1766510385.6301785
Loss/Supervised,119450,0.38090768456459045,1766510498.1523144
Loss/Supervised,119500,0.42644771933555603,1766510611.3735025
Loss/Supervised,119550,0.36938056349754333,1766510725.729403
Loss/Supervised,119600,0.384907066822052,1766510837.6573966
Loss/Supervised,119650,0.5519610047340393,1766510950.2258904
Loss/Supervised,119700,0.48413288593292236,1766511061.4883187
Loss/Supervised,119750,0.5471211671829224,1766511174.3503687
Loss/Supervised,119800,0.4110771417617798,1766511283.6548946
Loss/Supervised,119850,0.3660988211631775,1766511399.2479386
Loss/Supervised,119900,0.40752023458480835,1766511513.482887
Loss/Supervised,119950,0.3344896733760834,1766511627.0440965
Loss/Supervised,120000,0.4321807026863098,1766511739.8614533
Loss/Supervised,120050,0.4388410449028015,1766511853.598191
Loss/Supervised,120100,0.28740188479423523,1766511967.7268317
Loss/Supervised,120150,0.2963952422142029,1766512078.4731326
Loss/Supervised,120200,0.3410266935825348,1766512192.657043
Loss/Supervised,120250,0.48045614361763,1766512306.4929934
Loss/Supervised,120300,0.3419466018676758,1766512416.6588547
Loss/Supervised,120350,0.28339871764183044,1766512530.8825896
Loss/Supervised,120400,0.3450142741203308,1766512645.3748786
Loss/Supervised,120450,0.38493457436561584,1766512757.6759179
Loss/Supervised,120500,0.5557233095169067,1766512872.878848
Loss/Supervised,120550,0.3660036027431488,1766512984.4176435
Loss/Supervised,120600,0.4388695955276489,1766513096.359859
Loss/Supervised,120650,0.4860595464706421,1766513206.7499313
Loss/Supervised,120700,0.41062605381011963,1766513314.8431084
Loss/Supervised,120750,0.3518224060535431,1766513428.4200525
Loss/Supervised,120800,0.4058542549610138,1766513539.2254102
Loss/Supervised,120850,0.38175949454307556,1766513651.5327752
Loss/Supervised,120900,0.36273637413978577,1766513763.9779055
Loss/Supervised,120950,0.3220592737197876,1766513873.6137168
Loss/Supervised,121000,0.2855179011821747,1766513985.1039896
Loss/Supervised,121050,0.4694368243217468,1766514099.3912344
Loss/Supervised,121100,0.45643898844718933,1766514211.4925644
Loss/Supervised,121150,0.4725058376789093,1766514323.4828644
Loss/Supervised,121200,0.48610639572143555,1766514433.4508946
Loss/Supervised,121250,0.3833831548690796,1766514545.1785545
Loss/Supervised,121300,0.4908381700515747,1766514657.6986163
Loss/Supervised,121350,0.43310898542404175,1766514772.133621
Loss/Supervised,121400,0.36981990933418274,1766514883.786293
Loss/Supervised,121450,0.43321868777275085,1766514995.9173028
Loss/Supervised,121500,0.4069138765335083,1766515110.4870546
Loss/Supervised,121550,0.3959466218948364,1766515223.647786
Loss/Supervised,121600,0.2756747603416443,1766515337.5847332
Loss/Supervised,121650,0.5362111926078796,1766515448.3089457
Loss/Supervised,121700,0.4367968440055847,1766515564.5814703
Loss/Supervised,121750,0.3586587905883789,1766515677.3565753
Loss/Supervised,121800,0.5248785614967346,1766515792.134554
Loss/Supervised,121850,0.39574697613716125,1766515903.589338
Loss/Supervised,121900,0.634587824344635,1766516015.6488845
Loss/Supervised,121950,0.28416579961776733,1766516128.08406
Loss/Supervised,122000,0.46590447425842285,1766516236.6195714
Loss/Supervised,122050,0.2901984751224518,1766516348.9679043
Loss/Supervised,122100,0.233358234167099,1766516463.6772177
Loss/Supervised,122150,0.4192706346511841,1766516578.3189023
Loss/Supervised,122200,0.5345863699913025,1766516689.1123815
Loss/Supervised,122250,0.318904846906662,1766516796.1912231
Loss/Supervised,122300,0.4595203399658203,1766516905.7789588
Loss/Supervised,122350,0.3131800591945648,1766517017.4003918
Loss/Supervised,122400,0.34005457162857056,1766517129.0161984
Loss/Supervised,122450,0.43207409977912903,1766517243.2921684
Loss/Supervised,122500,0.4336630702018738,1766517353.9856734
Loss/Supervised,122550,0.43723219633102417,1766517466.5860035
Loss/Supervised,122600,0.40093374252319336,1766517577.6901388
Loss/Supervised,122650,0.45033562183380127,1766517688.788295
Loss/Supervised,122700,0.5336748361587524,1766517797.8328938
Loss/Supervised,122750,0.4308544099330902,1766517909.7739565
Loss/Supervised,122800,0.32150596380233765,1766518020.6217766
Loss/Supervised,122850,0.3655356466770172,1766518135.0288076
Loss/Supervised,122900,0.39029461145401,1766518247.6045773
Loss/Supervised,122950,0.3673558235168457,1766518361.2934718
Loss/Supervised,123000,0.4223328232765198,1766518473.0456638
Loss/Supervised,123050,0.28893154859542847,1766518584.4929068
Loss/Supervised,123100,0.31747967004776,1766518697.443808
Loss/Supervised,123150,0.37864217162132263,1766518813.2974453
Loss/Supervised,123200,0.3495921790599823,1766518927.39613
Loss/Supervised,123250,0.3776458203792572,1766519038.9793937
Loss/Supervised,123300,0.5016167759895325,1766519148.220054
Loss/Supervised,123350,0.3887092173099518,1766519262.086267
Loss/Supervised,123400,0.4248296618461609,1766519374.5562935
Loss/Supervised,123450,0.4707958996295929,1766519486.0709348
Loss/Supervised,123500,0.4290783405303955,1766519596.3398156
Loss/Supervised,123550,0.43897438049316406,1766519706.360801
Loss/Supervised,123600,0.5210530161857605,1766519818.9137454
Loss/Supervised,123650,0.30356264114379883,1766519935.608307
Loss/Supervised,123700,0.41800656914711,1766520052.1282492
Loss/Supervised,123750,0.4321272373199463,1766520166.5877302
Loss/Supervised,123800,0.45340532064437866,1766520277.0533516
Loss/Supervised,123850,0.367596834897995,1766520392.6294756
Loss/Supervised,123900,0.4170491695404053,1766520502.947965
Loss/Supervised,123950,0.3717067539691925,1766520618.0392916
Loss/Supervised,124000,0.3914462924003601,1766520729.4510593
Loss/Supervised,124050,0.498020201921463,1766520835.956717
Loss/Supervised,124100,0.38373273611068726,1766520949.3284006
Loss/Supervised,124150,0.4093705713748932,1766521062.53632
Loss/Supervised,124200,0.3753451406955719,1766521180.857143
Loss/Supervised,124250,0.275532990694046,1766521289.5664926
Loss/Supervised,124300,0.4086657464504242,1766521406.4976184
Loss/Supervised,124350,0.3597794473171234,1766521518.3004816
Loss/Supervised,124400,0.5708175301551819,1766521630.2707558
Loss/Supervised,124450,0.326325923204422,1766521743.2687285
Loss/Supervised,124500,0.46236881613731384,1766521856.254224
Loss/Supervised,124550,0.3813427686691284,1766521967.8155851
Loss/Supervised,124600,0.3711724281311035,1766522081.9665315
Loss/Supervised,124650,0.34222671389579773,1766522194.7417989
Loss/Supervised,124700,0.43832990527153015,1766522309.9462106
Loss/Supervised,124750,0.35322585701942444,1766522423.557176
Loss/Supervised,124800,0.4415237009525299,1766522538.6763918
Loss/Supervised,124850,0.37350723147392273,1766522648.8613088
Loss/Supervised,124900,0.3090701401233673,1766522763.0093231
Loss/Supervised,124950,0.43421778082847595,1766522873.8181443
Loss/Supervised,125000,0.4960576295852661,1766522988.8979247
Loss/Supervised,125050,0.41719159483909607,1766523102.2399848
Loss/Supervised,125100,0.30790606141090393,1766523210.4804697
Loss/Supervised,125150,0.349795401096344,1766523328.203795
Loss/Supervised,125200,0.6219084858894348,1766523434.921121
Loss/Supervised,125250,0.3537583649158478,1766523550.8876681
Loss/Supervised,125300,0.32685884833335876,1766523662.0611877
Loss/Supervised,125350,0.3821691870689392,1766523774.7403882
Loss/Supervised,125400,0.3076331913471222,1766523881.2940402
Loss/Supervised,125450,0.35791265964508057,1766523995.3315935
Loss/Supervised,125500,0.3591286242008209,1766524107.359801
Loss/Supervised,125550,0.31704455614089966,1766524219.1022813
Loss/Supervised,125600,0.3357030749320984,1766524334.0625503
Loss/Supervised,125650,0.35617363452911377,1766524445.449705
Loss/Supervised,125700,0.35331958532333374,1766524556.64015
Loss/Supervised,125750,0.3484209179878235,1766524672.5412548
Loss/Supervised,125800,0.4708636999130249,1766524786.4351506
Loss/Supervised,125850,0.5087507963180542,1766524899.1614516
Loss/Supervised,125900,0.32755184173583984,1766525011.9766335
Loss/Supervised,125950,0.4864492118358612,1766525124.4211426
Loss/Supervised,126000,0.7279807329177856,1766525235.5656807
Loss/Supervised,126050,0.4966352880001068,1766525345.2021341
Loss/Supervised,126100,0.47374510765075684,1766525454.9956186
Loss/Supervised,126150,0.4245811402797699,1766525566.3225436
Loss/Supervised,126200,0.45560723543167114,1766525685.255498
Loss/Supervised,126250,0.3534930944442749,1766525796.371118
Loss/Supervised,126300,0.3559349477291107,1766525911.6162763
Loss/Supervised,126350,0.38384735584259033,1766526028.592852
Loss/Supervised,126400,0.39298713207244873,1766526139.5337954
Loss/Supervised,126450,0.4141591489315033,1766526247.2633433
Loss/Supervised,126500,0.43189793825149536,1766526361.2533462
Loss/Supervised,126550,0.45398104190826416,1766526474.5974581
Loss/Supervised,126600,0.31114330887794495,1766526585.6477027
Loss/Supervised,126650,0.42523816227912903,1766526695.237864
Loss/Supervised,126700,0.41869020462036133,1766526805.673565
Loss/Supervised,126750,0.4896738529205322,1766526918.7638555
Loss/Supervised,126800,0.36546531319618225,1766527030.8441536
Loss/Supervised,126850,0.36607059836387634,1766527142.6364737
Loss/Supervised,126900,0.2656293213367462,1766527256.232498
Loss/Supervised,126950,0.49327048659324646,1766527368.115837
Loss/Supervised,127000,0.4458599388599396,1766527479.0447438
Loss/Supervised,127050,0.4650423526763916,1766527594.2155154
Loss/Supervised,127100,0.41984060406684875,1766527707.09273
Loss/Supervised,127150,0.3407538831233978,1766527820.4044423
Loss/Supervised,127200,0.3359839916229248,1766527933.4032836
Loss/Supervised,127250,0.5648669600486755,1766528045.8990703
Loss/Supervised,127300,0.5373064279556274,1766528158.8869011
Loss/Supervised,127350,0.43824735283851624,1766528273.2115045
Loss/Supervised,127400,0.4212755858898163,1766528386.3007085
Loss/Supervised,127450,0.40777549147605896,1766528496.147175
Loss/Supervised,127500,0.2700366973876953,1766528611.4313657
Loss/Supervised,127550,0.5296162366867065,1766528724.265225
Loss/Supervised,127600,0.45016905665397644,1766528838.7700505
Loss/Supervised,127650,0.329215943813324,1766528951.0591593
Loss/Supervised,127700,0.34649643301963806,1766529062.7457669
Loss/Supervised,127750,0.3502576947212219,1766529177.117375
Loss/Supervised,127800,0.3651079833507538,1766529292.0964904
Loss/Supervised,127850,0.3599902093410492,1766529403.1139157
Loss/Supervised,127900,0.4343373775482178,1766529513.2107577
Loss/Supervised,127950,0.4127512574195862,1766529625.4482117
Loss/Supervised,128000,0.391729474067688,1766529738.1066368
Loss/Supervised,128050,0.49091973900794983,1766529847.6440725
Loss/Supervised,128100,0.29793938994407654,1766529962.524158
Loss/Supervised,128150,0.39095720648765564,1766530075.4912784
Loss/Supervised,128200,0.3146127760410309,1766530182.1244068
Loss/Supervised,128250,0.3106686770915985,1766530297.8952239
Loss/Supervised,128300,0.5037664175033569,1766530408.4573963
Loss/Supervised,128350,0.3053743243217468,1766530525.5321195
Loss/Supervised,128400,0.6536305546760559,1766530637.0974276
Loss/Supervised,128450,0.4405759871006012,1766530753.9048505
Loss/Supervised,128500,0.34632378816604614,1766530863.2730174
Loss/Supervised,128550,0.4176352620124817,1766530975.2405937
Loss/Supervised,128600,0.31994980573654175,1766531086.59387
Loss/Supervised,128650,0.3059646189212799,1766531200.4442048
Loss/Supervised,128700,0.3972947299480438,1766531311.6150599
Loss/Supervised,128750,0.2694130837917328,1766531424.919925
Loss/Supervised,128800,0.4399852454662323,1766531541.6172764
Loss/Supervised,128850,0.5198290348052979,1766531657.5280933
Loss/Supervised,128900,0.4578104317188263,1766531769.477821
Loss/Supervised,128950,0.44596782326698303,1766531881.5069447
Loss/Supervised,129000,0.49116113781929016,1766531989.289271
Loss/Supervised,129050,0.38914069533348083,1766532097.3396344
Loss/Supervised,129100,0.3765145242214203,1766532211.0085416
Loss/Supervised,129150,0.3417554497718811,1766532326.3024113
Loss/Supervised,129200,0.37448760867118835,1766532441.9914145
Loss/Supervised,129250,0.42266008257865906,1766532556.126975
Loss/Supervised,129300,0.307566374540329,1766532668.9963229
Loss/Supervised,129350,0.28631386160850525,1766532782.6139498
Loss/Supervised,129400,0.42096126079559326,1766532898.846222
Loss/Supervised,129450,0.5259106159210205,1766533015.6004374
Loss/Supervised,129500,0.5100275278091431,1766533133.969093
Loss/Supervised,129550,0.3758394718170166,1766533245.6084597
Loss/Supervised,129600,0.3965020775794983,1766533354.8021944
Loss/Supervised,129650,0.39467328786849976,1766533467.2762856
Loss/Supervised,129700,0.49889007210731506,1766533576.8674812
Loss/Supervised,129750,0.311573326587677,1766533688.386123
Loss/Supervised,129800,0.4050696790218353,1766533804.5866745
Loss/Supervised,129850,0.46779105067253113,1766533919.0099342
Loss/Supervised,129900,0.3134501874446869,1766534033.0549934
Loss/Supervised,129950,0.4048374891281128,1766534143.5346248
Loss/Supervised,130000,0.4226623475551605,1766534256.0789335
Loss/Supervised,130050,0.475210577249527,1766534364.3958306
Loss/Supervised,130100,0.4177396297454834,1766534478.3493655
Loss/Supervised,130150,0.553785502910614,1766534596.097985
Loss/Supervised,130200,0.4817909300327301,1766534707.7181616
Loss/Supervised,130250,0.4974555969238281,1766534820.0950174
Loss/Supervised,130300,0.3294963538646698,1766534929.3223097
Loss/Supervised,130350,0.31910648941993713,1766535039.9426382
Loss/Supervised,130400,0.30687215924263,1766535154.7881198
Loss/Supervised,130450,0.45945218205451965,1766535265.9296603
Loss/Supervised,130500,0.5603651404380798,1766535377.5256865
Loss/Supervised,130550,0.5059828758239746,1766535488.7016137
Loss/Supervised,130600,0.4035431742668152,1766535599.4544935
Loss/Supervised,130650,0.3113460838794708,1766535712.273109
Loss/Supervised,130700,0.5852699279785156,1766535826.924732
Loss/Supervised,130750,0.47821784019470215,1766535940.2381198
Loss/Supervised,130800,0.49126166105270386,1766536053.2652357
Loss/Supervised,130850,0.2874618172645569,1766536166.870178
Loss/Supervised,130900,0.3238537907600403,1766536279.5335646
Loss/Supervised,130950,0.35579410195350647,1766536390.9515584
Loss/Supervised,131000,0.6143394708633423,1766536501.137668
Loss/Supervised,131050,0.494865357875824,1766536612.4918313
Loss/Supervised,131100,0.3596046268939972,1766536723.81562
Loss/Supervised,131150,0.45189136266708374,1766536832.8465707
Loss/Supervised,131200,0.5560860633850098,1766536945.7361546
Loss/Supervised,131250,0.35104742646217346,1766537057.8517716
Loss/Supervised,131300,0.368126779794693,1766537166.048655
Loss/Supervised,131350,0.4098445475101471,1766537278.7907565
Loss/Supervised,131400,0.409442275762558,1766537391.0721
Loss/Supervised,131450,0.5220481753349304,1766537505.6461878
Loss/Supervised,131500,0.4183616042137146,1766537620.3305905
Loss/Supervised,131550,0.48116543889045715,1766537732.272435
Loss/Supervised,131600,0.4357815682888031,1766537840.158416
Loss/Supervised,131650,0.6222108006477356,1766537953.8476024
Loss/Supervised,131700,0.4659794867038727,1766538068.9552062
Loss/Supervised,131750,0.3726387023925781,1766538178.7104893
Loss/Supervised,131800,0.3798843324184418,1766538296.3238187
Loss/Supervised,131850,0.5292630791664124,1766538412.5378428
Loss/Supervised,131900,0.268147349357605,1766538525.309274
Loss/Supervised,131950,0.3779388964176178,1766538640.4137058
Loss/Supervised,132000,0.3839576542377472,1766538752.2105606
Loss/Supervised,132050,0.4416505694389343,1766538862.39164
Loss/Supervised,132100,0.4851975440979004,1766538972.1142182
Loss/Supervised,132150,0.41618403792381287,1766539085.684235
Loss/Supervised,132200,0.3728099465370178,1766539196.7029002
Loss/Supervised,132250,0.3460133373737335,1766539311.55298
Loss/Supervised,132300,0.23550178110599518,1766539430.3787625
Loss/Supervised,132350,0.33025047183036804,1766539543.5491931
Loss/Supervised,132400,0.4320865273475647,1766539656.1273718
Loss/Supervised,132450,0.33816343545913696,1766539765.781144
Loss/Supervised,132500,0.29303452372550964,1766539875.4026427
Loss/Supervised,132550,0.6084078550338745,1766539987.1065028
Loss/Supervised,132600,0.2929733693599701,1766540098.9625115
Loss/Supervised,132650,0.4429877698421478,1766540210.8429499
Loss/Supervised,132700,0.37518006563186646,1766540320.7160568
Loss/Supervised,132750,0.520576000213623,1766540432.6515293
Loss/Supervised,132800,0.3874122202396393,1766540545.7214448
Loss/Supervised,132850,0.4806381165981293,1766540655.5566308
Loss/Supervised,132900,0.6180095076560974,1766540766.539074
Loss/Supervised,132950,0.49563390016555786,1766540885.0077984
Loss/Supervised,133000,0.4728982746601105,1766540997.2535315
Loss/Supervised,133050,0.4695824384689331,1766541109.516944
Loss/Supervised,133100,0.3531164526939392,1766541220.4019487
Loss/Supervised,133150,0.5111376047134399,1766541332.0338898
Loss/Supervised,133200,0.31243959069252014,1766541442.8804958
Loss/Supervised,133250,0.3106914162635803,1766541557.4178278
Loss/Supervised,133300,0.4908285439014435,1766541668.8259861
Loss/Supervised,133350,0.3624201714992523,1766541784.1820374
Loss/Supervised,133400,0.3395054340362549,1766541900.2810495
Loss/Supervised,133450,0.345478892326355,1766542011.4744408
Loss/Supervised,133500,0.4856896996498108,1766542125.9058926
Loss/Supervised,133550,0.37435832619667053,1766542241.0070097
Loss/Supervised,133600,0.46411553025245667,1766542353.199732
Loss/Supervised,133650,0.43284863233566284,1766542466.9708662
Loss/Supervised,133700,0.3684035837650299,1766542580.0537963
Loss/Supervised,133750,0.3659077286720276,1766542690.620145
Loss/Supervised,133800,0.4246807098388672,1766542804.3803854
Loss/Supervised,133850,0.4672100245952606,1766542910.3291998
Loss/Supervised,133900,0.35542741417884827,1766543025.5952291
Loss/Supervised,133950,0.40750837326049805,1766543136.3262768
Loss/Supervised,134000,0.46709901094436646,1766543246.4075298
Loss/Supervised,134050,0.4994239807128906,1766543361.7565365
Loss/Supervised,134100,0.44235071539878845,1766543473.2557752
Loss/Supervised,134150,0.3522898256778717,1766543581.7362394
Loss/Supervised,134200,0.4113965928554535,1766543692.9442914
Loss/Supervised,134250,0.2461857944726944,1766543806.1101437
Loss/Supervised,134300,0.349712073802948,1766543914.2918057
Loss/Supervised,134350,0.4571398198604584,1766544024.5414784
Loss/Supervised,134400,0.5319064259529114,1766544137.8272362
Loss/Supervised,134450,0.4526216983795166,1766544254.036797
Loss/Supervised,134500,0.5958591103553772,1766544362.3284607
Loss/Supervised,134550,0.35189345479011536,1766544475.3471582
Loss/Supervised,134600,0.4304905831813812,1766544587.0255342
Loss/Supervised,134650,0.32830810546875,1766544700.5931084
Loss/Supervised,134700,0.2567237913608551,1766544813.4607227
Loss/Supervised,134750,0.3791213035583496,1766544924.659207
Loss/Supervised,134800,0.47700822353363037,1766545038.6196194
Loss/Supervised,134850,0.4202202260494232,1766545153.389681
Loss/Supervised,134900,0.4255729615688324,1766545268.848257
Loss/Supervised,134950,0.33655983209609985,1766545380.5768716
Loss/Supervised,135000,0.3869287669658661,1766545491.892264
Loss/Supervised,135050,0.3583541810512543,1766545601.8286586
Loss/Supervised,135100,0.6184226274490356,1766545714.667483
Loss/Supervised,135150,0.44477221369743347,1766545828.3076918
Loss/Supervised,135200,0.39898407459259033,1766545939.4374754
Loss/Supervised,135250,0.31859487295150757,1766546052.1739752
Loss/Supervised,135300,0.4633115231990814,1766546164.3767915
Loss/Supervised,135350,0.38894420862197876,1766546275.3446658
Loss/Supervised,135400,0.38474908471107483,1766546387.5724041
Loss/Supervised,135450,0.3533373177051544,1766546500.22203
Loss/Supervised,135500,0.3192428946495056,1766546612.1332424
Loss/Supervised,135550,0.3716820478439331,1766546724.909823
Loss/Supervised,135600,0.43893763422966003,1766546836.6717365
Loss/Supervised,135650,0.4746590852737427,1766546948.2224069
Loss/Supervised,135700,0.5333849191665649,1766547059.195227
Loss/Supervised,135750,0.31753548979759216,1766547173.4466326
Loss/Supervised,135800,0.49906352162361145,1766547282.7584896
Loss/Supervised,135850,0.46185582876205444,1766547391.3051877
Loss/Supervised,135900,0.3858729302883148,1766547499.6842377
Loss/Supervised,135950,0.5086239576339722,1766547609.9434898
Loss/Supervised,136000,0.4920569658279419,1766547721.9368944
Loss/Supervised,136050,0.47847703099250793,1766547832.7527804
Loss/Supervised,136100,0.44392842054367065,1766547948.2364428
Loss/Supervised,136150,0.389525830745697,1766548057.361126
Loss/Supervised,136200,0.432214617729187,1766548167.605098
Loss/Supervised,136250,0.36715030670166016,1766548277.1030078
Loss/Supervised,136300,0.3007687032222748,1766548390.880193
Loss/Supervised,136350,0.4052654802799225,1766548501.984026
Loss/Supervised,136400,0.5048952698707581,1766548615.617478
Loss/Supervised,136450,0.4879322648048401,1766548725.7392216
Loss/Supervised,136500,0.4419043958187103,1766548837.3841753
Loss/Supervised,136550,0.3656279742717743,1766548950.2393384
Loss/Supervised,136600,0.38588961958885193,1766549061.7670336
Loss/Supervised,136650,0.5215805172920227,1766549174.787348
Loss/Supervised,136700,0.47295039892196655,1766549285.6687887
Loss/Supervised,136750,0.4124377369880676,1766549397.0589375
Loss/Supervised,136800,0.5709740519523621,1766549507.9254005
Loss/Supervised,136850,0.3655436038970947,1766549619.9831948
Loss/Supervised,136900,0.5260879397392273,1766549735.9380145
Loss/Supervised,136950,0.3386456370353699,1766549847.7745254
Loss/Supervised,137000,0.36721518635749817,1766549962.6537573
Loss/Supervised,137050,0.3453827202320099,1766550074.544386
Loss/Supervised,137100,0.3621826469898224,1766550187.3718505
Loss/Supervised,137150,0.44353464245796204,1766550298.923755
Loss/Supervised,137200,0.37375807762145996,1766550410.5019302
Loss/Supervised,137250,0.44398942589759827,1766550520.8555694
Loss/Supervised,137300,0.46928882598876953,1766550633.835176
Loss/Supervised,137350,0.47320473194122314,1766550740.9246912
Loss/Supervised,137400,0.3920105993747711,1766550849.1929216
Loss/Supervised,137450,0.38916781544685364,1766550959.9850838
Loss/Supervised,137500,0.36158016324043274,1766551077.0744429
Loss/Supervised,137550,0.3723801076412201,1766551188.8700593
Loss/Supervised,137600,0.40935662388801575,1766551298.8347294
Loss/Supervised,137650,0.4176495373249054,1766551409.7595894
Loss/Supervised,137700,0.45428749918937683,1766551523.927677
Loss/Supervised,137750,0.398739755153656,1766551637.5391273
Loss/Supervised,137800,0.44702863693237305,1766551748.9391627
Loss/Supervised,137850,0.533607006072998,1766551863.7276418
Loss/Supervised,137900,0.35618457198143005,1766551975.6163604
Loss/Supervised,137950,0.4295388460159302,1766552089.5423136
Loss/Supervised,138000,0.4024096727371216,1766552202.3287177
Loss/Supervised,138050,0.44260621070861816,1766552314.2047892
Loss/Supervised,138100,0.4160408675670624,1766552430.1011665
Loss/Supervised,138150,0.22958502173423767,1766552543.2086735
Loss/Supervised,138200,0.398857444524765,1766552656.6338198
Loss/Supervised,138250,0.3821847438812256,1766552770.451411
Loss/Supervised,138300,0.4513308107852936,1766552883.6576264
Loss/Supervised,138350,0.42048823833465576,1766552996.2761664
Loss/Supervised,138400,0.5002551078796387,1766553111.4145925
Loss/Supervised,138450,0.3764021098613739,1766553223.0649967
Loss/Supervised,138500,0.44215095043182373,1766553341.1975074
Loss/Supervised,138550,0.5185298919677734,1766553453.087761
Loss/Supervised,138600,0.3596060574054718,1766553568.1925464
Loss/Supervised,138650,0.40231677889823914,1766553678.4094832
Loss/Supervised,138700,0.4702388644218445,1766553791.645768
Loss/Supervised,138750,0.43262436985969543,1766553903.104337
Loss/Supervised,138800,0.448614239692688,1766554013.4444785
Loss/Supervised,138850,0.5028671026229858,1766554127.2229698
Loss/Supervised,138900,0.4197891652584076,1766554241.840944
Loss/Supervised,138950,0.46190792322158813,1766554355.4305558
Loss/Supervised,139000,0.5045638084411621,1766554466.1462934
Loss/Supervised,139050,0.4405728578567505,1766554573.792613
Loss/Supervised,139100,0.3116721510887146,1766554686.361131
Loss/Supervised,139150,0.4047306478023529,1766554797.939709
Loss/Supervised,139200,0.45119979977607727,1766554908.3742914
Loss/Supervised,139250,0.5028470754623413,1766555023.3525264
Loss/Supervised,139300,0.30422407388687134,1766555135.3856175
Loss/Supervised,139350,0.40908336639404297,1766555250.512174
Loss/Supervised,139400,0.4995713233947754,1766555362.192287
Loss/Supervised,139450,0.33381566405296326,1766555478.6703775
Loss/Supervised,139500,0.48412129282951355,1766555590.5858855
Loss/Supervised,139550,0.3864727318286896,1766555704.0467842
Loss/Supervised,139600,0.3270256221294403,1766555814.353311
Loss/Supervised,139650,0.614814281463623,1766555927.977017
Loss/Supervised,139700,0.31316980719566345,1766556038.9758267
Loss/Supervised,139750,0.39599886536598206,1766556151.3652742
Loss/Supervised,139800,0.4806710183620453,1766556263.287578
Loss/Supervised,139850,0.5528529286384583,1766556377.09674
Loss/Supervised,139900,0.6094294786453247,1766556491.3767025
Loss/Supervised,139950,0.4246896505355835,1766556603.2480502
Loss/Supervised,140000,0.32357820868492126,1766556717.7923298
Loss/Supervised,140050,0.46219536662101746,1766556834.4229193
Loss/Supervised,140100,0.37754642963409424,1766556948.906065
Loss/Supervised,140150,0.4423283636569977,1766557064.7659392
Loss/Supervised,140200,0.3396921753883362,1766557176.5163672
Loss/Supervised,140250,0.28802207112312317,1766557291.4773972
Loss/Supervised,140300,0.36571717262268066,1766557405.5689557
Loss/Supervised,140350,0.4369688332080841,1766557521.9520442
Loss/Supervised,140400,0.47775086760520935,1766557633.9313145
Loss/Supervised,140450,0.3626405894756317,1766557742.32696
Loss/Supervised,140500,0.6454784274101257,1766557855.7370381
Loss/Supervised,140550,0.38634151220321655,1766557966.5138323
Loss/Supervised,140600,0.3059159815311432,1766558075.7337642
Loss/Supervised,140650,0.5167637467384338,1766558186.5628946
Loss/Supervised,140700,0.5073772668838501,1766558301.0937672
Loss/Supervised,140750,0.34666040539741516,1766558411.109452
Loss/Supervised,140800,0.35703805088996887,1766558524.3700945
Loss/Supervised,140850,0.39464953541755676,1766558633.4655697
Loss/Supervised,140900,0.4112167954444885,1766558745.6200702
Loss/Supervised,140950,0.42817163467407227,1766558856.1007633
Loss/Supervised,141000,0.48866674304008484,1766558967.182633
Loss/Supervised,141050,0.4098454415798187,1766559079.3121166
Loss/Supervised,141100,0.3713092803955078,1766559191.3834636
Loss/Supervised,141150,0.42438456416130066,1766559304.4661043
Loss/Supervised,141200,0.32149627804756165,1766559417.6122847
Loss/Supervised,141250,0.3312912881374359,1766559530.062539
Loss/Supervised,141300,0.37022799253463745,1766559640.1025777
Loss/Supervised,141350,0.5357582569122314,1766559750.6141741
Loss/Supervised,141400,0.6214092969894409,1766559863.618335
Loss/Supervised,141450,0.31717872619628906,1766559977.2713132
Loss/Supervised,141500,0.33569052815437317,1766560087.1520772
Loss/Supervised,141550,0.44657382369041443,1766560198.0148113
Loss/Supervised,141600,0.5183429718017578,1766560312.0468893
Loss/Supervised,141650,0.4096144437789917,1766560424.158523
Loss/Supervised,141700,0.31028637290000916,1766560532.7387311
Loss/Supervised,141750,0.3621692657470703,1766560642.4261293
Loss/Supervised,141800,0.5362436771392822,1766560760.6060455
Loss/Supervised,141850,0.3857194781303406,1766560868.3154871
Loss/Supervised,141900,0.33193814754486084,1766560981.0962255
Loss/Supervised,141950,0.4712355434894562,1766561090.2831755
Loss/Supervised,142000,0.4854617416858673,1766561203.4047415
Loss/Supervised,142050,0.4925731420516968,1766561317.3448231
Loss/Supervised,142100,0.37072452902793884,1766561432.365987
Loss/Supervised,142150,0.4285842478275299,1766561546.9694328
Loss/Supervised,142200,0.3543170988559723,1766561659.1121464
Loss/Supervised,142250,0.3609461188316345,1766561769.5888252
Loss/Supervised,142300,0.39073246717453003,1766561885.4006977
Loss/Supervised,142350,0.44857728481292725,1766561997.3529227
Loss/Supervised,142400,0.346264123916626,1766562111.5930145
Stats/P_avg,0,0.501953125,1766241138.79097
Stats/P_avg,50,0.207763671875,1766241251.752857
Stats/P_avg,100,0.35009765625,1766241365.1424365
Stats/P_avg,150,0.1990966796875,1766241479.1893077
Stats/P_avg,200,0.2220458984375,1766241593.0464048
Stats/P_avg,250,0.253662109375,1766241707.1524665
Stats/P_avg,300,0.240478515625,1766241818.04986
Stats/P_avg,350,0.2481689453125,1766241932.4339154
Stats/P_avg,400,0.243408203125,1766242042.4712648
Stats/P_avg,450,0.258544921875,1766242155.2173681
Stats/P_avg,500,0.239501953125,1766242262.0224788
Stats/P_avg,550,0.1878662109375,1766242374.574975
Stats/P_avg,600,0.193603515625,1766242489.8416178
Stats/P_avg,650,0.193359375,1766242605.2357128
Stats/P_avg,700,0.1834716796875,1766242719.356117
Stats/P_avg,750,0.165771484375,1766242834.7386281
Stats/P_avg,800,0.20166015625,1766242948.6628394
Stats/P_avg,850,0.1695556640625,1766243060.0461204
Stats/P_avg,900,0.25244140625,1766243176.9455378
Stats/P_avg,950,0.204345703125,1766243290.439248
Stats/P_avg,1000,0.24658203125,1766243404.6028838
Stats/P_avg,1050,0.29248046875,1766243518.0721323
Stats/P_avg,1100,0.294677734375,1766243632.3850057
Stats/P_avg,1150,0.245849609375,1766243746.754861
Stats/P_avg,1200,0.2919921875,1766243859.9370985
Stats/P_avg,1250,0.265625,1766243973.6854525
Stats/P_avg,1300,0.251220703125,1766244086.9950438
Stats/P_avg,1350,0.264892578125,1766244201.0665321
Stats/P_avg,1400,0.314453125,1766244314.091265
Stats/P_avg,1450,0.298095703125,1766244428.3715303
Stats/P_avg,1500,0.257568359375,1766244540.748244
Stats/P_avg,1550,0.2529296875,1766244652.91051
Stats/P_avg,1600,0.2227783203125,1766244765.5194921
Stats/P_avg,1650,0.231201171875,1766244875.8545272
Stats/P_avg,1700,0.2369384765625,1766244988.3818393
Stats/P_avg,1750,0.2174072265625,1766245104.4564254
Stats/P_avg,1800,0.273193359375,1766245215.1521428
Stats/P_avg,1850,0.28759765625,1766245328.7008598
Stats/P_avg,1900,0.2366943359375,1766245442.478521
Stats/P_avg,1950,0.2236328125,1766245554.0128627
Stats/P_avg,2000,0.2305908203125,1766245670.2608066
Stats/P_avg,2050,0.25341796875,1766245781.34456
Stats/P_avg,2100,0.1934814453125,1766245897.0430164
Stats/P_avg,2150,0.2022705078125,1766246007.9672391
Stats/P_avg,2200,0.1876220703125,1766246121.3770506
Stats/P_avg,2250,0.1845703125,1766246235.066039
Stats/P_avg,2300,0.296142578125,1766246350.9257047
Stats/P_avg,2350,0.22607421875,1766246462.0627658
Stats/P_avg,2400,0.25244140625,1766246577.3856287
Stats/P_avg,2450,0.1937255859375,1766246688.3867774
Stats/P_avg,2500,0.2073974609375,1766246802.0410872
Stats/P_avg,2550,0.2425537109375,1766246915.7699816
Stats/P_avg,2600,0.192626953125,1766247027.5829937
Stats/P_avg,2650,0.2030029296875,1766247141.1200442
Stats/P_avg,2700,0.24462890625,1766247253.9091978
Stats/P_avg,2750,0.1649169921875,1766247365.963662
Stats/P_avg,2800,0.18359375,1766247481.0067916
Stats/P_avg,2850,0.1915283203125,1766247596.661023
Stats/P_avg,2900,0.208984375,1766247707.947215
Stats/P_avg,2950,0.202392578125,1766247820.8209987
Stats/P_avg,3000,0.18798828125,1766247933.9544575
Stats/P_avg,3050,0.2423095703125,1766248046.0270085
Stats/P_avg,3100,0.1903076171875,1766248157.4842656
Stats/P_avg,3150,0.20703125,1766248272.0484428
Stats/P_avg,3200,0.15625,1766248380.2576053
Stats/P_avg,3250,0.1805419921875,1766248487.156584
Stats/P_avg,3300,0.1671142578125,1766248597.2873893
Stats/P_avg,3350,0.1534423828125,1766248709.8027627
Stats/P_avg,3400,0.20458984375,1766248826.728338
Stats/P_avg,3450,0.1697998046875,1766248938.0748987
Stats/P_avg,3500,0.2021484375,1766249051.7256298
Stats/P_avg,3550,0.1531982421875,1766249162.532828
Stats/P_avg,3600,0.156005859375,1766249275.050642
Stats/P_avg,3650,0.1881103515625,1766249390.268175
Stats/P_avg,3700,0.153564453125,1766249504.0265088
Stats/P_avg,3750,0.2122802734375,1766249618.062149
Stats/P_avg,3800,0.18701171875,1766249731.6800544
Stats/P_avg,3850,0.1864013671875,1766249847.1326673
Stats/P_avg,3900,0.24853515625,1766249959.8855379
Stats/P_avg,3950,0.227294921875,1766250073.7379441
Stats/P_avg,4000,0.16748046875,1766250185.7987149
Stats/P_avg,4050,0.158935546875,1766250299.610237
Stats/P_avg,4100,0.16455078125,1766250415.6191692
Stats/P_avg,4150,0.189453125,1766250526.4083343
Stats/P_avg,4200,0.16357421875,1766250640.9088306
Stats/P_avg,4250,0.17431640625,1766250751.9505966
Stats/P_avg,4300,0.1942138671875,1766250865.0340524
Stats/P_avg,4350,0.1539306640625,1766250978.593367
Stats/P_avg,4400,0.156005859375,1766251093.1718204
Stats/P_avg,4450,0.193115234375,1766251206.2797213
Stats/P_avg,4500,0.16650390625,1766251319.6919854
Stats/P_avg,4550,0.16943359375,1766251431.8322978
Stats/P_avg,4600,0.206298828125,1766251547.5794725
Stats/P_avg,4650,0.1527099609375,1766251663.8179805
Stats/P_avg,4700,0.202392578125,1766251776.9863648
Stats/P_avg,4750,0.179443359375,1766251892.4570782
Stats/P_avg,4800,0.2005615234375,1766252006.9914021
Stats/P_avg,4850,0.17822265625,1766252122.0917618
Stats/P_avg,4900,0.1724853515625,1766252232.6563036
Stats/P_avg,4950,0.14697265625,1766252346.1704133
Stats/P_avg,5000,0.145751953125,1766252459.1347523
Stats/P_avg,5050,0.1556396484375,1766252572.7205036
Stats/P_avg,5100,0.1910400390625,1766252685.060279
Stats/P_avg,5150,0.175537109375,1766252802.0908885
Stats/P_avg,5200,0.154541015625,1766252911.45871
Stats/P_avg,5250,0.155029296875,1766253025.8807383
Stats/P_avg,5300,0.1622314453125,1766253135.6351159
Stats/P_avg,5350,0.14599609375,1766253250.4907334
Stats/P_avg,5400,0.2149658203125,1766253365.272385
Stats/P_avg,5450,0.1834716796875,1766253480.3192806
Stats/P_avg,5500,0.1685791015625,1766253597.0924892
Stats/P_avg,5550,0.179443359375,1766253707.7600727
Stats/P_avg,5600,0.1280517578125,1766253821.8458169
Stats/P_avg,5650,0.1522216796875,1766253935.6426008
Stats/P_avg,5700,0.1505126953125,1766254045.3945339
Stats/P_avg,5750,0.1617431640625,1766254158.1102383
Stats/P_avg,5800,0.1781005859375,1766254268.8990757
Stats/P_avg,5850,0.18310546875,1766254381.7025964
Stats/P_avg,5900,0.155517578125,1766254494.416621
Stats/P_avg,5950,0.1925048828125,1766254606.0361068
Stats/P_avg,6000,0.1767578125,1766254717.0426233
Stats/P_avg,6050,0.1558837890625,1766254831.7102084
Stats/P_avg,6100,0.194580078125,1766254947.8935606
Stats/P_avg,6150,0.2037353515625,1766255059.12937
Stats/P_avg,6200,0.15185546875,1766255172.1976385
Stats/P_avg,6250,0.1585693359375,1766255282.2567396
Stats/P_avg,6300,0.1544189453125,1766255395.0166936
Stats/P_avg,6350,0.2109375,1766255504.431377
Stats/P_avg,6400,0.134765625,1766255618.5564964
Stats/P_avg,6450,0.177001953125,1766255734.977099
Stats/P_avg,6500,0.1707763671875,1766255847.422255
Stats/P_avg,6550,0.1641845703125,1766255962.7253246
Stats/P_avg,6600,0.173583984375,1766256073.2016222
Stats/P_avg,6650,0.16357421875,1766256185.7268548
Stats/P_avg,6700,0.2022705078125,1766256299.7677965
Stats/P_avg,6750,0.1558837890625,1766256415.2267256
Stats/P_avg,6800,0.1767578125,1766256524.173741
Stats/P_avg,6850,0.2236328125,1766256636.9443536
Stats/P_avg,6900,0.1993408203125,1766256751.871404
Stats/P_avg,6950,0.1622314453125,1766256863.376265
Stats/P_avg,7000,0.1583251953125,1766256976.7818499
Stats/P_avg,7050,0.15771484375,1766257087.7775564
Stats/P_avg,7100,0.1749267578125,1766257198.5925128
Stats/P_avg,7150,0.1627197265625,1766257308.4493139
Stats/P_avg,7200,0.140380859375,1766257422.003244
Stats/P_avg,7250,0.1541748046875,1766257532.2497747
Stats/P_avg,7300,0.158203125,1766257642.7872837
Stats/P_avg,7350,0.2059326171875,1766257751.4036064
Stats/P_avg,7400,0.1917724609375,1766257862.0093293
Stats/P_avg,7450,0.1964111328125,1766257977.4876342
Stats/P_avg,7500,0.180908203125,1766258086.4132824
Stats/P_avg,7550,0.17431640625,1766258197.4205558
Stats/P_avg,7600,0.242431640625,1766258307.1719913
Stats/P_avg,7650,0.2335205078125,1766258417.2081516
Stats/P_avg,7700,0.1773681640625,1766258528.7179487
Stats/P_avg,7750,0.1658935546875,1766258640.2488408
Stats/P_avg,7800,0.1492919921875,1766258756.7831993
Stats/P_avg,7850,0.1688232421875,1766258869.4789479
Stats/P_avg,7900,0.1890869140625,1766258983.9434657
Stats/P_avg,7950,0.1622314453125,1766259096.5245984
Stats/P_avg,8000,0.1875,1766259209.9861403
Stats/P_avg,8050,0.196044921875,1766259322.3277686
Stats/P_avg,8100,0.15380859375,1766259433.051032
Stats/P_avg,8150,0.1815185546875,1766259543.2823095
Stats/P_avg,8200,0.23193359375,1766259655.5106828
Stats/P_avg,8250,0.239013671875,1766259767.0049787
Stats/P_avg,8300,0.159912109375,1766259879.356007
Stats/P_avg,8350,0.190673828125,1766259990.8127294
Stats/P_avg,8400,0.2314453125,1766260100.6134057
Stats/P_avg,8450,0.171142578125,1766260217.000496
Stats/P_avg,8500,0.200927734375,1766260328.9524233
Stats/P_avg,8550,0.2113037109375,1766260441.3855522
Stats/P_avg,8600,0.1812744140625,1766260550.6623278
Stats/P_avg,8650,0.169677734375,1766260663.1668844
Stats/P_avg,8700,0.1865234375,1766260775.8288362
Stats/P_avg,8750,0.174072265625,1766260888.8044415
Stats/P_avg,8800,0.203125,1766261004.3720589
Stats/P_avg,8850,0.1988525390625,1766261118.1328115
Stats/P_avg,8900,0.16650390625,1766261230.3927147
Stats/P_avg,8950,0.211181640625,1766261343.7938716
Stats/P_avg,9000,0.18896484375,1766261460.8570526
Stats/P_avg,9050,0.2115478515625,1766261576.0477614
Stats/P_avg,9100,0.1903076171875,1766261690.9856212
Stats/P_avg,9150,0.2056884765625,1766261803.7246978
Stats/P_avg,9200,0.15966796875,1766261917.7397342
Stats/P_avg,9250,0.1849365234375,1766262031.4302773
Stats/P_avg,9300,0.2071533203125,1766262145.6992493
Stats/P_avg,9350,0.241455078125,1766262260.1695192
Stats/P_avg,9400,0.221435546875,1766262371.8486366
Stats/P_avg,9450,0.2113037109375,1766262481.9960127
Stats/P_avg,9500,0.2315673828125,1766262592.9446049
Stats/P_avg,9550,0.244873046875,1766262703.9219947
Stats/P_avg,9600,0.1778564453125,1766262814.9579878
Stats/P_avg,9650,0.2235107421875,1766262927.3268619
Stats/P_avg,9700,0.214599609375,1766263037.3636816
Stats/P_avg,9750,0.1676025390625,1766263150.2550323
Stats/P_avg,9800,0.2073974609375,1766263263.123126
Stats/P_avg,9850,0.20361328125,1766263376.1489048
Stats/P_avg,9900,0.1805419921875,1766263487.4067829
Stats/P_avg,9950,0.205322265625,1766263603.166155
Stats/P_avg,10000,0.182373046875,1766263715.3957841
Stats/P_avg,10050,0.223388671875,1766263823.7191296
Stats/P_avg,10100,0.2208251953125,1766263937.2538383
Stats/P_avg,10150,0.188232421875,1766264050.7997887
Stats/P_avg,10200,0.224365234375,1766264162.29497
Stats/P_avg,10250,0.215087890625,1766264270.7181008
Stats/P_avg,10300,0.22412109375,1766264386.6180606
Stats/P_avg,10350,0.18359375,1766264501.6843383
Stats/P_avg,10400,0.184326171875,1766264612.70134
Stats/P_avg,10450,0.203125,1766264725.735078
Stats/P_avg,10500,0.1988525390625,1766264841.540814
Stats/P_avg,10550,0.2235107421875,1766264953.139907
Stats/P_avg,10600,0.181884765625,1766265066.0301363
Stats/P_avg,10650,0.2108154296875,1766265176.1003258
Stats/P_avg,10700,0.1947021484375,1766265287.4472694
Stats/P_avg,10750,0.2208251953125,1766265402.640683
Stats/P_avg,10800,0.1712646484375,1766265518.1847627
Stats/P_avg,10850,0.200927734375,1766265629.8666193
Stats/P_avg,10900,0.19775390625,1766265744.3423343
Stats/P_avg,10950,0.216552734375,1766265857.8957794
Stats/P_avg,11000,0.1903076171875,1766265968.8070052
Stats/P_avg,11050,0.1875,1766266081.5614955
Stats/P_avg,11100,0.1622314453125,1766266196.6303465
Stats/P_avg,11150,0.18408203125,1766266307.1198533
Stats/P_avg,11200,0.1907958984375,1766266424.502784
Stats/P_avg,11250,0.191650390625,1766266535.225056
Stats/P_avg,11300,0.2083740234375,1766266650.0229166
Stats/P_avg,11350,0.195556640625,1766266761.4209354
Stats/P_avg,11400,0.20166015625,1766266874.5836048
Stats/P_avg,11450,0.192138671875,1766266987.7959886
Stats/P_avg,11500,0.21826171875,1766267097.8925986
Stats/P_avg,11550,0.195556640625,1766267212.3893738
Stats/P_avg,11600,0.2100830078125,1766267326.3102648
Stats/P_avg,11650,0.206787109375,1766267436.5236187
Stats/P_avg,11700,0.26318359375,1766267546.965848
Stats/P_avg,11750,0.188232421875,1766267660.7414677
Stats/P_avg,11800,0.210693359375,1766267773.1565156
Stats/P_avg,11850,0.238525390625,1766267889.2545846
Stats/P_avg,11900,0.2315673828125,1766268004.6813762
Stats/P_avg,11950,0.2259521484375,1766268117.4779978
Stats/P_avg,12000,0.22216796875,1766268229.4085636
Stats/P_avg,12050,0.240966796875,1766268341.1616924
Stats/P_avg,12100,0.2459716796875,1766268455.5480402
Stats/P_avg,12150,0.2364501953125,1766268568.8690808
Stats/P_avg,12200,0.2076416015625,1766268684.6282506
Stats/P_avg,12250,0.1861572265625,1766268798.1573691
Stats/P_avg,12300,0.21435546875,1766268909.8944223
Stats/P_avg,12350,0.224609375,1766269022.5108373
Stats/P_avg,12400,0.1658935546875,1766269138.6089408
Stats/P_avg,12450,0.1888427734375,1766269252.4347026
Stats/P_avg,12500,0.2197265625,1766269365.1440654
Stats/P_avg,12550,0.2222900390625,1766269478.3067749
Stats/P_avg,12600,0.19775390625,1766269591.3256783
Stats/P_avg,12650,0.2012939453125,1766269709.4888594
Stats/P_avg,12700,0.2132568359375,1766269822.2098022
Stats/P_avg,12750,0.181396484375,1766269935.2374337
Stats/P_avg,12800,0.1995849609375,1766270049.1620162
Stats/P_avg,12850,0.233154296875,1766270165.265606
Stats/P_avg,12900,0.19482421875,1766270273.6217933
Stats/P_avg,12950,0.2073974609375,1766270381.560331
Stats/P_avg,13000,0.17626953125,1766270497.7047675
Stats/P_avg,13050,0.20361328125,1766270610.8389502
Stats/P_avg,13100,0.170166015625,1766270721.346386
Stats/P_avg,13150,0.1895751953125,1766270834.7950017
Stats/P_avg,13200,0.210693359375,1766270948.0338795
Stats/P_avg,13250,0.2498779296875,1766271062.7070563
Stats/P_avg,13300,0.1912841796875,1766271173.20082
Stats/P_avg,13350,0.2242431640625,1766271289.3074327
Stats/P_avg,13400,0.1944580078125,1766271399.6315238
Stats/P_avg,13450,0.2135009765625,1766271511.8702047
Stats/P_avg,13500,0.2430419921875,1766271621.4656017
Stats/P_avg,13550,0.2315673828125,1766271731.9526122
Stats/P_avg,13600,0.2200927734375,1766271846.2571402
Stats/P_avg,13650,0.194580078125,1766271959.7555888
Stats/P_avg,13700,0.167236328125,1766272071.374105
Stats/P_avg,13750,0.1702880859375,1766272181.6384265
Stats/P_avg,13800,0.2255859375,1766272292.8261907
Stats/P_avg,13850,0.2034912109375,1766272405.1975818
Stats/P_avg,13900,0.1903076171875,1766272513.431576
Stats/P_avg,13950,0.1895751953125,1766272627.2597392
Stats/P_avg,14000,0.1900634765625,1766272742.5437822
Stats/P_avg,14050,0.2213134765625,1766272857.870147
Stats/P_avg,14100,0.2064208984375,1766272967.9692764
Stats/P_avg,14150,0.2308349609375,1766273082.3263845
Stats/P_avg,14200,0.238037109375,1766273195.7275064
Stats/P_avg,14250,0.2294921875,1766273308.8329484
Stats/P_avg,14300,0.220947265625,1766273420.5306304
Stats/P_avg,14350,0.185546875,1766273532.8071222
Stats/P_avg,14400,0.224365234375,1766273645.7789052
Stats/P_avg,14450,0.2529296875,1766273757.100029
Stats/P_avg,14500,0.28076171875,1766273867.5452235
Stats/P_avg,14550,0.2027587890625,1766273981.2913616
Stats/P_avg,14600,0.2496337890625,1766274094.8847184
Stats/P_avg,14650,0.235107421875,1766274207.043624
Stats/P_avg,14700,0.219482421875,1766274318.9026089
Stats/P_avg,14750,0.237060546875,1766274436.1104717
Stats/P_avg,14800,0.2235107421875,1766274550.3445573
Stats/P_avg,14850,0.23291015625,1766274662.748963
Stats/P_avg,14900,0.241943359375,1766274776.3070738
Stats/P_avg,14950,0.2088623046875,1766274891.8727043
Stats/P_avg,15000,0.2154541015625,1766275007.6663828
Stats/P_avg,15050,0.196044921875,1766275119.980886
Stats/P_avg,15100,0.226318359375,1766275230.5997915
Stats/P_avg,15150,0.2293701171875,1766275341.751116
Stats/P_avg,15200,0.19384765625,1766275455.849762
Stats/P_avg,15250,0.2314453125,1766275570.5242672
Stats/P_avg,15300,0.2052001953125,1766275682.1783593
Stats/P_avg,15350,0.2216796875,1766275797.4421542
Stats/P_avg,15400,0.223388671875,1766275909.1011982
Stats/P_avg,15450,0.204833984375,1766276023.5489273
Stats/P_avg,15500,0.2132568359375,1766276131.6982856
Stats/P_avg,15550,0.238525390625,1766276246.1974308
Stats/P_avg,15600,0.2177734375,1766276359.7857983
Stats/P_avg,15650,0.214599609375,1766276472.3005064
Stats/P_avg,15700,0.2176513671875,1766276586.3347263
Stats/P_avg,15750,0.2286376953125,1766276698.3329315
Stats/P_avg,15800,0.228515625,1766276808.932915
Stats/P_avg,15850,0.242431640625,1766276919.1957142
Stats/P_avg,15900,0.2052001953125,1766277033.8123214
Stats/P_avg,15950,0.2060546875,1766277145.0235448
Stats/P_avg,16000,0.197021484375,1766277257.9420414
Stats/P_avg,16050,0.2337646484375,1766277370.3146687
Stats/P_avg,16100,0.186767578125,1766277484.7908115
Stats/P_avg,16150,0.1676025390625,1766277598.4959743
Stats/P_avg,16200,0.2119140625,1766277711.5368433
Stats/P_avg,16250,0.2003173828125,1766277825.9053447
Stats/P_avg,16300,0.19921875,1766277939.5519025
Stats/P_avg,16350,0.18408203125,1766278053.2023578
Stats/P_avg,16400,0.1756591796875,1766278165.5236516
Stats/P_avg,16450,0.1568603515625,1766278278.7794762
Stats/P_avg,16500,0.18994140625,1766278391.8325593
Stats/P_avg,16550,0.1712646484375,1766278506.3362522
Stats/P_avg,16600,0.169189453125,1766278622.9907758
Stats/P_avg,16650,0.1898193359375,1766278734.8221693
Stats/P_avg,16700,0.1883544921875,1766278851.2954588
Stats/P_avg,16750,0.20703125,1766278963.3779109
Stats/P_avg,16800,0.1864013671875,1766279075.879935
Stats/P_avg,16850,0.189208984375,1766279189.7789407
Stats/P_avg,16900,0.2340087890625,1766279305.6357224
Stats/P_avg,16950,0.194091796875,1766279417.5614836
Stats/P_avg,17000,0.182861328125,1766279531.5446649
Stats/P_avg,17050,0.200927734375,1766279642.0179162
Stats/P_avg,17100,0.180419921875,1766279754.2866695
Stats/P_avg,17150,0.19970703125,1766279868.4894366
Stats/P_avg,17200,0.2061767578125,1766279980.937204
Stats/P_avg,17250,0.216064453125,1766280093.5912511
Stats/P_avg,17300,0.2236328125,1766280208.3308167
Stats/P_avg,17350,0.194091796875,1766280317.1273413
Stats/P_avg,17400,0.20849609375,1766280426.284118
Stats/P_avg,17450,0.186279296875,1766280543.8703759
Stats/P_avg,17500,0.1947021484375,1766280659.5759826
Stats/P_avg,17550,0.213623046875,1766280770.2989988
Stats/P_avg,17600,0.184814453125,1766280882.9465015
Stats/P_avg,17650,0.191162109375,1766280996.078538
Stats/P_avg,17700,0.1953125,1766281114.1189368
Stats/P_avg,17750,0.2359619140625,1766281227.3430753
Stats/P_avg,17800,0.197509765625,1766281339.0121377
Stats/P_avg,17850,0.2005615234375,1766281452.8952925
Stats/P_avg,17900,0.1986083984375,1766281569.9158688
Stats/P_avg,17950,0.210205078125,1766281679.3798268
Stats/P_avg,18000,0.2371826171875,1766281798.4995992
Stats/P_avg,18050,0.1744384765625,1766281909.6817682
Stats/P_avg,18100,0.21484375,1766282023.5023174
Stats/P_avg,18150,0.2384033203125,1766282136.9408662
Stats/P_avg,18200,0.2078857421875,1766282251.2742348
Stats/P_avg,18250,0.2359619140625,1766282359.4462214
Stats/P_avg,18300,0.21826171875,1766282473.0064573
Stats/P_avg,18350,0.2279052734375,1766282587.7435155
Stats/P_avg,18400,0.2266845703125,1766282704.8052826
Stats/P_avg,18450,0.231201171875,1766282814.7471972
Stats/P_avg,18500,0.208251953125,1766282926.4486952
Stats/P_avg,18550,0.2003173828125,1766283042.635448
Stats/P_avg,18600,0.194091796875,1766283156.041539
Stats/P_avg,18650,0.197998046875,1766283267.6374214
Stats/P_avg,18700,0.1983642578125,1766283377.7814481
Stats/P_avg,18750,0.20166015625,1766283491.751235
Stats/P_avg,18800,0.2060546875,1766283606.1821754
Stats/P_avg,18850,0.1513671875,1766283716.7416635
Stats/P_avg,18900,0.191650390625,1766283830.9565384
Stats/P_avg,18950,0.2369384765625,1766283942.5894616
Stats/P_avg,19000,0.17333984375,1766284054.0882394
Stats/P_avg,19050,0.1878662109375,1766284165.9051552
Stats/P_avg,19100,0.232177734375,1766284275.0516174
Stats/P_avg,19150,0.2149658203125,1766284386.880636
Stats/P_avg,19200,0.227294921875,1766284496.2513947
Stats/P_avg,19250,0.2203369140625,1766284608.4981272
Stats/P_avg,19300,0.2069091796875,1766284723.7166338
Stats/P_avg,19350,0.2369384765625,1766284836.7327447
Stats/P_avg,19400,0.22900390625,1766284951.4595048
Stats/P_avg,19450,0.2081298828125,1766285066.5368965
Stats/P_avg,19500,0.233154296875,1766285175.910575
Stats/P_avg,19550,0.2242431640625,1766285289.5841017
Stats/P_avg,19600,0.23681640625,1766285405.080133
Stats/P_avg,19650,0.207763671875,1766285519.8511486
Stats/P_avg,19700,0.25390625,1766285632.70444
Stats/P_avg,19750,0.2138671875,1766285747.5797753
Stats/P_avg,19800,0.255615234375,1766285860.326185
Stats/P_avg,19850,0.232421875,1766285972.236331
Stats/P_avg,19900,0.2098388671875,1766286081.2696161
Stats/P_avg,19950,0.298095703125,1766286196.5765874
Stats/P_avg,20000,0.191162109375,1766286308.9648552
Stats/P_avg,20050,0.2225341796875,1766286423.569613
Stats/P_avg,20100,0.241455078125,1766286535.8207142
Stats/P_avg,20150,0.2227783203125,1766286649.9013655
Stats/P_avg,20200,0.1904296875,1766286763.1112149
Stats/P_avg,20250,0.2054443359375,1766286871.6826463
Stats/P_avg,20300,0.193603515625,1766286986.8025765
Stats/P_avg,20350,0.16943359375,1766287102.0712588
Stats/P_avg,20400,0.194580078125,1766287216.4500391
Stats/P_avg,20450,0.2467041015625,1766287327.3039618
Stats/P_avg,20500,0.26806640625,1766287438.649786
Stats/P_avg,20550,0.199951171875,1766287552.9919553
Stats/P_avg,20600,0.2266845703125,1766287668.4459658
Stats/P_avg,20650,0.2127685546875,1766287782.6536033
Stats/P_avg,20700,0.2457275390625,1766287894.6454554
Stats/P_avg,20750,0.2335205078125,1766288007.6784067
Stats/P_avg,20800,0.18798828125,1766288120.4699278
Stats/P_avg,20850,0.1937255859375,1766288230.8912306
Stats/P_avg,20900,0.194580078125,1766288346.2400768
Stats/P_avg,20950,0.181640625,1766288459.8627656
Stats/P_avg,21000,0.2294921875,1766288573.9814131
Stats/P_avg,21050,0.1943359375,1766288687.6627314
Stats/P_avg,21100,0.230712890625,1766288800.7777874
Stats/P_avg,21150,0.195556640625,1766288911.5564196
Stats/P_avg,21200,0.194580078125,1766289021.4583147
Stats/P_avg,21250,0.2017822265625,1766289133.9535854
Stats/P_avg,21300,0.2208251953125,1766289247.0771706
Stats/P_avg,21350,0.194580078125,1766289357.9515955
Stats/P_avg,21400,0.1959228515625,1766289466.7274344
Stats/P_avg,21450,0.2276611328125,1766289579.9447265
Stats/P_avg,21500,0.27978515625,1766289696.1940513
Stats/P_avg,21550,0.2276611328125,1766289807.500059
Stats/P_avg,21600,0.185302734375,1766289920.8041093
Stats/P_avg,21650,0.235107421875,1766290034.3777337
Stats/P_avg,21700,0.2076416015625,1766290147.9294071
Stats/P_avg,21750,0.1962890625,1766290257.0659642
Stats/P_avg,21800,0.1727294921875,1766290368.1984212
Stats/P_avg,21850,0.177490234375,1766290478.8000717
Stats/P_avg,21900,0.1773681640625,1766290593.3302631
Stats/P_avg,21950,0.213623046875,1766290706.6105888
Stats/P_avg,22000,0.1964111328125,1766290820.4026442
Stats/P_avg,22050,0.20166015625,1766290936.0119088
Stats/P_avg,22100,0.207763671875,1766291051.634041
Stats/P_avg,22150,0.2364501953125,1766291165.8624418
Stats/P_avg,22200,0.220947265625,1766291278.6648495
Stats/P_avg,22250,0.2421875,1766291390.1681046
Stats/P_avg,22300,0.2476806640625,1766291507.2529123
Stats/P_avg,22350,0.2120361328125,1766291619.2633216
Stats/P_avg,22400,0.1981201171875,1766291729.8594716
Stats/P_avg,22450,0.1865234375,1766291845.836342
Stats/P_avg,22500,0.1865234375,1766291956.749297
Stats/P_avg,22550,0.1939697265625,1766292071.8258367
Stats/P_avg,22600,0.209228515625,1766292184.8992274
Stats/P_avg,22650,0.21875,1766292295.1201162
Stats/P_avg,22700,0.234130859375,1766292410.6009505
Stats/P_avg,22750,0.22265625,1766292523.2580788
Stats/P_avg,22800,0.2431640625,1766292637.4234583
Stats/P_avg,22850,0.226806640625,1766292749.259031
Stats/P_avg,22900,0.245361328125,1766292862.6733444
Stats/P_avg,22950,0.1922607421875,1766292975.2773602
Stats/P_avg,23000,0.2305908203125,1766293087.366231
Stats/P_avg,23050,0.22314453125,1766293195.576672
Stats/P_avg,23100,0.1864013671875,1766293310.9559515
Stats/P_avg,23150,0.2230224609375,1766293422.4312418
Stats/P_avg,23200,0.218017578125,1766293536.79296
Stats/P_avg,23250,0.256591796875,1766293651.8750408
Stats/P_avg,23300,0.244140625,1766293763.365151
Stats/P_avg,23350,0.23486328125,1766293878.8881178
Stats/P_avg,23400,0.19873046875,1766293992.6164093
Stats/P_avg,23450,0.2017822265625,1766294108.8024566
Stats/P_avg,23500,0.183349609375,1766294225.4443262
Stats/P_avg,23550,0.166748046875,1766294336.5570884
Stats/P_avg,23600,0.20654296875,1766294449.5673306
Stats/P_avg,23650,0.216552734375,1766294562.2572987
Stats/P_avg,23700,0.218017578125,1766294673.8182518
Stats/P_avg,23750,0.257080078125,1766294785.4769807
Stats/P_avg,23800,0.230224609375,1766294893.9043002
Stats/P_avg,23850,0.22998046875,1766295005.8006427
Stats/P_avg,23900,0.2076416015625,1766295118.2256012
Stats/P_avg,23950,0.248779296875,1766295234.4739575
Stats/P_avg,24000,0.2344970703125,1766295346.4709992
Stats/P_avg,24050,0.223876953125,1766295461.3762028
Stats/P_avg,24100,0.2186279296875,1766295575.8255773
Stats/P_avg,24150,0.2113037109375,1766295687.2770863
Stats/P_avg,24200,0.2366943359375,1766295799.7455647
Stats/P_avg,24250,0.209716796875,1766295912.3193054
Stats/P_avg,24300,0.20263671875,1766296026.0283306
Stats/P_avg,24350,0.2215576171875,1766296139.1997716
Stats/P_avg,24400,0.211669921875,1766296252.1488466
Stats/P_avg,24450,0.274169921875,1766296360.5169213
Stats/P_avg,24500,0.216552734375,1766296475.052522
Stats/P_avg,24550,0.21044921875,1766296584.0091653
Stats/P_avg,24600,0.23974609375,1766296700.6683726
Stats/P_avg,24650,0.220703125,1766296811.9337227
Stats/P_avg,24700,0.2352294921875,1766296923.6216152
Stats/P_avg,24750,0.1885986328125,1766297036.0108457
Stats/P_avg,24800,0.2283935546875,1766297148.9407642
Stats/P_avg,24850,0.1661376953125,1766297263.503371
Stats/P_avg,24900,0.2158203125,1766297376.3975513
Stats/P_avg,24950,0.2174072265625,1766297489.233984
Stats/P_avg,25000,0.2384033203125,1766297600.0833247
Stats/P_avg,25050,0.278076171875,1766297709.453188
Stats/P_avg,25100,0.285888671875,1766297821.297697
Stats/P_avg,25150,0.270751953125,1766297936.616409
Stats/P_avg,25200,0.214111328125,1766298044.8959563
Stats/P_avg,25250,0.245849609375,1766298156.5179675
Stats/P_avg,25300,0.25146484375,1766298266.0720072
Stats/P_avg,25350,0.276123046875,1766298377.4697154
Stats/P_avg,25400,0.263671875,1766298493.4564314
Stats/P_avg,25450,0.302734375,1766298605.8224306
Stats/P_avg,25500,0.272705078125,1766298717.287539
Stats/P_avg,25550,0.2364501953125,1766298829.233904
Stats/P_avg,25600,0.21044921875,1766298938.264925
Stats/P_avg,25650,0.21923828125,1766299050.9663591
Stats/P_avg,25700,0.2998046875,1766299166.1936386
Stats/P_avg,25750,0.22998046875,1766299278.2087219
Stats/P_avg,25800,0.23388671875,1766299390.6322584
Stats/P_avg,25850,0.192626953125,1766299506.167488
Stats/P_avg,25900,0.220458984375,1766299618.1810086
Stats/P_avg,25950,0.258056640625,1766299728.364851
Stats/P_avg,26000,0.2418212890625,1766299843.0754762
Stats/P_avg,26050,0.228515625,1766299953.0015206
Stats/P_avg,26100,0.2392578125,1766300067.2395065
Stats/P_avg,26150,0.248291015625,1766300180.3393624
Stats/P_avg,26200,0.254638671875,1766300293.9346235
Stats/P_avg,26250,0.1968994140625,1766300404.6684873
Stats/P_avg,26300,0.2154541015625,1766300518.2183812
Stats/P_avg,26350,0.2186279296875,1766300629.5177333
Stats/P_avg,26400,0.198486328125,1766300740.447518
Stats/P_avg,26450,0.267578125,1766300853.9520476
Stats/P_avg,26500,0.288818359375,1766300965.748206
Stats/P_avg,26550,0.2105712890625,1766301080.0014284
Stats/P_avg,26600,0.20263671875,1766301193.7885165
Stats/P_avg,26650,0.1943359375,1766301304.2851055
Stats/P_avg,26700,0.1947021484375,1766301419.3751092
Stats/P_avg,26750,0.167236328125,1766301532.379483
Stats/P_avg,26800,0.2314453125,1766301648.1602497
Stats/P_avg,26850,0.2259521484375,1766301760.676226
Stats/P_avg,26900,0.259765625,1766301871.5205123
Stats/P_avg,26950,0.1973876953125,1766301984.7260923
Stats/P_avg,27000,0.2481689453125,1766302095.245901
Stats/P_avg,27050,0.2086181640625,1766302204.545611
Stats/P_avg,27100,0.2254638671875,1766302319.177636
Stats/P_avg,27150,0.285888671875,1766302430.1704853
Stats/P_avg,27200,0.251220703125,1766302541.9753556
Stats/P_avg,27250,0.1895751953125,1766302657.6463718
Stats/P_avg,27300,0.196533203125,1766302769.7174315
Stats/P_avg,27350,0.2105712890625,1766302884.5290148
Stats/P_avg,27400,0.1954345703125,1766302997.5327122
Stats/P_avg,27450,0.2005615234375,1766303110.850876
Stats/P_avg,27500,0.2164306640625,1766303219.0717502
Stats/P_avg,27550,0.218017578125,1766303334.4895096
Stats/P_avg,27600,0.1951904296875,1766303450.6749587
Stats/P_avg,27650,0.2071533203125,1766303564.9013197
Stats/P_avg,27700,0.2149658203125,1766303677.647575
Stats/P_avg,27750,0.242431640625,1766303790.2391284
Stats/P_avg,27800,0.218994140625,1766303903.6468296
Stats/P_avg,27850,0.260498046875,1766304013.9767883
Stats/P_avg,27900,0.1932373046875,1766304125.9617472
Stats/P_avg,27950,0.259521484375,1766304240.8084857
Stats/P_avg,28000,0.2249755859375,1766304348.0143912
Stats/P_avg,28050,0.259033203125,1766304459.189453
Stats/P_avg,28100,0.215087890625,1766304570.2471673
Stats/P_avg,28150,0.259521484375,1766304683.475406
Stats/P_avg,28200,0.284912109375,1766304796.4468627
Stats/P_avg,28250,0.212158203125,1766304908.5581284
Stats/P_avg,28300,0.2254638671875,1766305022.7000866
Stats/P_avg,28350,0.193359375,1766305128.4389315
Stats/P_avg,28400,0.164306640625,1766305241.022091
Stats/P_avg,28450,0.2003173828125,1766305354.851532
Stats/P_avg,28500,0.2147216796875,1766305468.9328551
Stats/P_avg,28550,0.21142578125,1766305577.7761436
Stats/P_avg,28600,0.2401123046875,1766305689.63872
Stats/P_avg,28650,0.1881103515625,1766305802.5663185
Stats/P_avg,28700,0.1947021484375,1766305917.0439875
Stats/P_avg,28750,0.2388916015625,1766306031.67112
Stats/P_avg,28800,0.2039794921875,1766306145.5813248
Stats/P_avg,28850,0.2332763671875,1766306255.9603853
Stats/P_avg,28900,0.2200927734375,1766306368.8745325
Stats/P_avg,28950,0.22509765625,1766306483.2407367
Stats/P_avg,29000,0.2161865234375,1766306596.7908077
Stats/P_avg,29050,0.2364501953125,1766306709.964833
Stats/P_avg,29100,0.2861328125,1766306820.2488084
Stats/P_avg,29150,0.258056640625,1766306932.0993667
Stats/P_avg,29200,0.2445068359375,1766307047.0363293
Stats/P_avg,29250,0.279296875,1766307158.0786827
Stats/P_avg,29300,0.27392578125,1766307272.6551743
Stats/P_avg,29350,0.2032470703125,1766307388.5474744
Stats/P_avg,29400,0.2171630859375,1766307505.1648674
Stats/P_avg,29450,0.2099609375,1766307617.5087445
Stats/P_avg,29500,0.2420654296875,1766307730.6726239
Stats/P_avg,29550,0.25927734375,1766307840.9820125
Stats/P_avg,29600,0.2457275390625,1766307954.9575415
Stats/P_avg,29650,0.206787109375,1766308065.4575415
Stats/P_avg,29700,0.2578125,1766308178.8673735
Stats/P_avg,29750,0.2476806640625,1766308292.2655332
Stats/P_avg,29800,0.206787109375,1766308405.1958263
Stats/P_avg,29850,0.2325439453125,1766308516.8530781
Stats/P_avg,29900,0.2265625,1766308623.6586864
Stats/P_avg,29950,0.28271484375,1766308735.709752
Stats/P_avg,30000,0.21533203125,1766308852.6408112
Stats/P_avg,30050,0.1947021484375,1766308966.986086
Stats/P_avg,30100,0.221923828125,1766309081.3510478
Stats/P_avg,30150,0.2264404296875,1766309193.9398365
Stats/P_avg,30200,0.2342529296875,1766309311.2108436
Stats/P_avg,30250,0.229248046875,1766309425.5319812
Stats/P_avg,30300,0.2435302734375,1766309538.0360718
Stats/P_avg,30350,0.215576171875,1766309652.4346616
Stats/P_avg,30400,0.2056884765625,1766309762.0693483
Stats/P_avg,30450,0.1905517578125,1766309874.0177493
Stats/P_avg,30500,0.2430419921875,1766309984.9239547
Stats/P_avg,30550,0.223388671875,1766310099.7837248
Stats/P_avg,30600,0.199462890625,1766310213.5683255
Stats/P_avg,30650,0.2064208984375,1766310326.7873554
Stats/P_avg,30700,0.211669921875,1766310441.3400242
Stats/P_avg,30750,0.256591796875,1766310553.8661442
Stats/P_avg,30800,0.2220458984375,1766310664.3323264
Stats/P_avg,30850,0.24609375,1766310775.3305945
Stats/P_avg,30900,0.246337890625,1766310884.355847
Stats/P_avg,30950,0.2373046875,1766310996.1319177
Stats/P_avg,31000,0.25732421875,1766311110.9196544
Stats/P_avg,31050,0.2049560546875,1766311226.5528398
Stats/P_avg,31100,0.249267578125,1766311335.777943
Stats/P_avg,31150,0.267333984375,1766311449.8827085
Stats/P_avg,31200,0.203857421875,1766311563.151392
Stats/P_avg,31250,0.243408203125,1766311674.610454
Stats/P_avg,31300,0.1925048828125,1766311787.2324505
Stats/P_avg,31350,0.2353515625,1766311898.9013581
Stats/P_avg,31400,0.2259521484375,1766312011.203147
Stats/P_avg,31450,0.2076416015625,1766312128.5307207
Stats/P_avg,31500,0.2391357421875,1766312244.1076858
Stats/P_avg,31550,0.227783203125,1766312355.984907
Stats/P_avg,31600,0.240234375,1766312464.8471808
Stats/P_avg,31650,0.1910400390625,1766312577.7759025
Stats/P_avg,31700,0.215087890625,1766312691.7148967
Stats/P_avg,31750,0.1883544921875,1766312801.7363448
Stats/P_avg,31800,0.2452392578125,1766312917.298522
Stats/P_avg,31850,0.20654296875,1766313023.685561
Stats/P_avg,31900,0.1995849609375,1766313135.412431
Stats/P_avg,31950,0.215576171875,1766313249.6128044
Stats/P_avg,32000,0.2288818359375,1766313364.3741443
Stats/P_avg,32050,0.2373046875,1766313479.2853055
Stats/P_avg,32100,0.23388671875,1766313588.735247
Stats/P_avg,32150,0.291748046875,1766313698.406346
Stats/P_avg,32200,0.2291259765625,1766313812.8822174
Stats/P_avg,32250,0.238525390625,1766313928.4713702
Stats/P_avg,32300,0.14990234375,1766314041.1351752
Stats/P_avg,32350,0.2076416015625,1766314153.291438
Stats/P_avg,32400,0.2191162109375,1766314269.5500724
Stats/P_avg,32450,0.24267578125,1766314378.9525163
Stats/P_avg,32500,0.260498046875,1766314493.7682757
Stats/P_avg,32550,0.2447509765625,1766314608.1358438
Stats/P_avg,32600,0.2200927734375,1766314722.6856265
Stats/P_avg,32650,0.188232421875,1766314838.3350964
Stats/P_avg,32700,0.1990966796875,1766314949.856953
Stats/P_avg,32750,0.2335205078125,1766315063.3108716
Stats/P_avg,32800,0.2646484375,1766315172.5940185
Stats/P_avg,32850,0.2366943359375,1766315285.2901983
Stats/P_avg,32900,0.2333984375,1766315399.9545028
Stats/P_avg,32950,0.199462890625,1766315513.9988232
Stats/P_avg,33000,0.262939453125,1766315626.245351
Stats/P_avg,33050,0.253662109375,1766315742.38116
Stats/P_avg,33100,0.245361328125,1766315856.0555015
Stats/P_avg,33150,0.240478515625,1766315970.6126323
Stats/P_avg,33200,0.208984375,1766316085.3914058
Stats/P_avg,33250,0.19189453125,1766316199.694352
Stats/P_avg,33300,0.2164306640625,1766316314.409345
Stats/P_avg,33350,0.2198486328125,1766316429.5433311
Stats/P_avg,33400,0.2427978515625,1766316543.8215742
Stats/P_avg,33450,0.25146484375,1766316657.1769195
Stats/P_avg,33500,0.2491455078125,1766316771.2793512
Stats/P_avg,33550,0.226806640625,1766316884.5611577
Stats/P_avg,33600,0.1898193359375,1766316999.9247081
Stats/P_avg,33650,0.2066650390625,1766317113.5519571
Stats/P_avg,33700,0.2149658203125,1766317230.6597016
Stats/P_avg,33750,0.2120361328125,1766317347.1672168
Stats/P_avg,33800,0.269287109375,1766317459.3936977
Stats/P_avg,33850,0.2529296875,1766317574.2889051
Stats/P_avg,33900,0.19775390625,1766317684.0234356
Stats/P_avg,33950,0.26025390625,1766317793.702066
Stats/P_avg,34000,0.27587890625,1766317907.0405593
Stats/P_avg,34050,0.265869140625,1766318021.080854
Stats/P_avg,34100,0.268798828125,1766318131.5914478
Stats/P_avg,34150,0.20556640625,1766318243.9110548
Stats/P_avg,34200,0.239013671875,1766318359.0721598
Stats/P_avg,34250,0.245849609375,1766318471.664653
Stats/P_avg,34300,0.2381591796875,1766318582.3135629
Stats/P_avg,34350,0.202880859375,1766318692.8922274
Stats/P_avg,34400,0.208984375,1766318802.5231462
Stats/P_avg,34450,0.2044677734375,1766318915.7897797
Stats/P_avg,34500,0.20166015625,1766319027.5532446
Stats/P_avg,34550,0.2249755859375,1766319138.9308622
Stats/P_avg,34600,0.235595703125,1766319252.6392393
Stats/P_avg,34650,0.27587890625,1766319366.5156236
Stats/P_avg,34700,0.270751953125,1766319481.8105915
Stats/P_avg,34750,0.265380859375,1766319595.3632376
Stats/P_avg,34800,0.253173828125,1766319703.495737
Stats/P_avg,34850,0.221435546875,1766319815.9503145
Stats/P_avg,34900,0.2161865234375,1766319927.7053046
Stats/P_avg,34950,0.1986083984375,1766320041.3676875
Stats/P_avg,35000,0.232421875,1766320152.2391264
Stats/P_avg,35050,0.233642578125,1766320266.596629
Stats/P_avg,35100,0.189697265625,1766320379.8736515
Stats/P_avg,35150,0.193359375,1766320496.2399156
Stats/P_avg,35200,0.27490234375,1766320606.236067
Stats/P_avg,35250,0.22314453125,1766320715.3282552
Stats/P_avg,35300,0.2198486328125,1766320831.2714527
Stats/P_avg,35350,0.26123046875,1766320940.8079457
Stats/P_avg,35400,0.2310791015625,1766321060.1176739
Stats/P_avg,35450,0.226806640625,1766321170.2068741
Stats/P_avg,35500,0.240966796875,1766321281.954347
Stats/P_avg,35550,0.20556640625,1766321395.5918157
Stats/P_avg,35600,0.1871337890625,1766321510.4959857
Stats/P_avg,35650,0.21142578125,1766321623.7933373
Stats/P_avg,35700,0.2408447265625,1766321734.7469857
Stats/P_avg,35750,0.2152099609375,1766321849.9689672
Stats/P_avg,35800,0.278076171875,1766321960.4295516
Stats/P_avg,35850,0.2958984375,1766322074.436709
Stats/P_avg,35900,0.2371826171875,1766322186.823357
Stats/P_avg,35950,0.27685546875,1766322300.7862256
Stats/P_avg,36000,0.218505859375,1766322421.2165542
Stats/P_avg,36050,0.2392578125,1766322532.8734722
Stats/P_avg,36100,0.2257080078125,1766322648.5038025
Stats/P_avg,36150,0.267333984375,1766322758.4926515
Stats/P_avg,36200,0.2242431640625,1766322873.4788904
Stats/P_avg,36250,0.2607421875,1766322985.5269494
Stats/P_avg,36300,0.2178955078125,1766323098.4087217
Stats/P_avg,36350,0.233154296875,1766323207.3004153
Stats/P_avg,36400,0.2318115234375,1766323319.4741325
Stats/P_avg,36450,0.252197265625,1766323432.9852512
Stats/P_avg,36500,0.237548828125,1766323546.0833044
Stats/P_avg,36550,0.2158203125,1766323662.0289705
Stats/P_avg,36600,0.244384765625,1766323775.942716
Stats/P_avg,36650,0.2322998046875,1766323888.466313
Stats/P_avg,36700,0.228515625,1766324000.3235872
Stats/P_avg,36750,0.173828125,1766324115.609953
Stats/P_avg,36800,0.1788330078125,1766324225.644341
Stats/P_avg,36850,0.1932373046875,1766324340.6333728
Stats/P_avg,36900,0.23291015625,1766324451.1082504
Stats/P_avg,36950,0.212890625,1766324564.5197082
Stats/P_avg,37000,0.2327880859375,1766324679.886695
Stats/P_avg,37050,0.2427978515625,1766324793.6603844
Stats/P_avg,37100,0.271240234375,1766324906.3294718
Stats/P_avg,37150,0.1561279296875,1766325016.8431022
Stats/P_avg,37200,0.2322998046875,1766325127.857095
Stats/P_avg,37250,0.248779296875,1766325241.367297
Stats/P_avg,37300,0.21533203125,1766325353.1267786
Stats/P_avg,37350,0.2147216796875,1766325468.6265934
Stats/P_avg,37400,0.2286376953125,1766325581.9279885
Stats/P_avg,37450,0.231201171875,1766325698.557206
Stats/P_avg,37500,0.2279052734375,1766325811.7145712
Stats/P_avg,37550,0.248046875,1766325924.2873385
Stats/P_avg,37600,0.244384765625,1766326036.9991736
Stats/P_avg,37650,0.232177734375,1766326150.5269783
Stats/P_avg,37700,0.2415771484375,1766326267.3889825
Stats/P_avg,37750,0.2744140625,1766326382.2121944
Stats/P_avg,37800,0.2529296875,1766326493.866186
Stats/P_avg,37850,0.2213134765625,1766326608.5251362
Stats/P_avg,37900,0.252685546875,1766326721.2172709
Stats/P_avg,37950,0.24462890625,1766326832.828904
Stats/P_avg,38000,0.252685546875,1766326947.724144
Stats/P_avg,38050,0.2255859375,1766327061.8110514
Stats/P_avg,38100,0.2347412109375,1766327175.9090376
Stats/P_avg,38150,0.244873046875,1766327285.2868145
Stats/P_avg,38200,0.2025146484375,1766327406.1590807
Stats/P_avg,38250,0.2275390625,1766327515.3690386
Stats/P_avg,38300,0.239501953125,1766327626.3848517
Stats/P_avg,38350,0.2064208984375,1766327736.5743785
Stats/P_avg,38400,0.25390625,1766327852.4436188
Stats/P_avg,38450,0.2147216796875,1766327965.8673067
Stats/P_avg,38500,0.272216796875,1766328077.959786
Stats/P_avg,38550,0.2091064453125,1766328188.367983
Stats/P_avg,38600,0.177490234375,1766328297.5591877
Stats/P_avg,38650,0.2440185546875,1766328407.6346827
Stats/P_avg,38700,0.1861572265625,1766328517.7622497
Stats/P_avg,38750,0.245849609375,1766328629.3917944
Stats/P_avg,38800,0.197021484375,1766328741.91778
Stats/P_avg,38850,0.1959228515625,1766328855.1733606
Stats/P_avg,38900,0.197998046875,1766328969.4168572
Stats/P_avg,38950,0.2193603515625,1766329081.3726294
Stats/P_avg,39000,0.2281494140625,1766329194.7153003
Stats/P_avg,39050,0.20166015625,1766329306.5154345
Stats/P_avg,39100,0.2144775390625,1766329419.7781172
Stats/P_avg,39150,0.2308349609375,1766329533.4162388
Stats/P_avg,39200,0.21435546875,1766329643.1507635
Stats/P_avg,39250,0.220458984375,1766329753.4116597
Stats/P_avg,39300,0.240966796875,1766329861.2138677
Stats/P_avg,39350,0.245361328125,1766329971.2541673
Stats/P_avg,39400,0.2093505859375,1766330084.2283728
Stats/P_avg,39450,0.188720703125,1766330198.477275
Stats/P_avg,39500,0.1903076171875,1766330311.8368142
Stats/P_avg,39550,0.2354736328125,1766330425.7538939
Stats/P_avg,39600,0.19140625,1766330537.6991758
Stats/P_avg,39650,0.23876953125,1766330649.2414637
Stats/P_avg,39700,0.2332763671875,1766330760.469268
Stats/P_avg,39750,0.18408203125,1766330874.3693986
Stats/P_avg,39800,0.23583984375,1766330990.0490408
Stats/P_avg,39850,0.2034912109375,1766331102.0298665
Stats/P_avg,39900,0.2059326171875,1766331213.4748843
Stats/P_avg,39950,0.19873046875,1766331328.0779743
Stats/P_avg,40000,0.2349853515625,1766331440.4289508
Stats/P_avg,40050,0.25439453125,1766331552.360395
Stats/P_avg,40100,0.1961669921875,1766331666.4308279
Stats/P_avg,40150,0.223876953125,1766331777.447305
Stats/P_avg,40200,0.2403564453125,1766331890.2183712
Stats/P_avg,40250,0.2164306640625,1766332001.61575
Stats/P_avg,40300,0.26220703125,1766332114.9153855
Stats/P_avg,40350,0.2337646484375,1766332225.6216114
Stats/P_avg,40400,0.256591796875,1766332336.875165
Stats/P_avg,40450,0.1905517578125,1766332448.8111367
Stats/P_avg,40500,0.2210693359375,1766332560.2008255
Stats/P_avg,40550,0.25732421875,1766332674.5316718
Stats/P_avg,40600,0.254638671875,1766332788.6287236
Stats/P_avg,40650,0.2003173828125,1766332900.0862164
Stats/P_avg,40700,0.23095703125,1766333017.042349
Stats/P_avg,40750,0.246337890625,1766333128.9366071
Stats/P_avg,40800,0.1851806640625,1766333242.1581151
Stats/P_avg,40850,0.2193603515625,1766333351.4955313
Stats/P_avg,40900,0.2152099609375,1766333463.1620748
Stats/P_avg,40950,0.2093505859375,1766333572.8198822
Stats/P_avg,41000,0.2301025390625,1766333680.8464172
Stats/P_avg,41050,0.270751953125,1766333795.4616828
Stats/P_avg,41100,0.2391357421875,1766333910.0216007
Stats/P_avg,41150,0.1971435546875,1766334023.801256
Stats/P_avg,41200,0.2191162109375,1766334138.0984712
Stats/P_avg,41250,0.2396240234375,1766334251.3229642
Stats/P_avg,41300,0.1937255859375,1766334364.5690944
Stats/P_avg,41350,0.21240234375,1766334479.1163127
Stats/P_avg,41400,0.2171630859375,1766334590.6304965
Stats/P_avg,41450,0.251708984375,1766334703.139717
Stats/P_avg,41500,0.224609375,1766334815.6678894
Stats/P_avg,41550,0.1824951171875,1766334928.630843
Stats/P_avg,41600,0.2156982421875,1766335039.0405447
Stats/P_avg,41650,0.173828125,1766335156.0935385
Stats/P_avg,41700,0.18994140625,1766335269.2524326
Stats/P_avg,41750,0.189453125,1766335381.0991018
Stats/P_avg,41800,0.1976318359375,1766335491.778102
Stats/P_avg,41850,0.209716796875,1766335605.6046395
Stats/P_avg,41900,0.19775390625,1766335719.598233
Stats/P_avg,41950,0.2042236328125,1766335836.8379035
Stats/P_avg,42000,0.24462890625,1766335950.3809586
Stats/P_avg,42050,0.2425537109375,1766336058.7343473
Stats/P_avg,42100,0.2176513671875,1766336173.07935
Stats/P_avg,42150,0.22119140625,1766336284.9037633
Stats/P_avg,42200,0.2418212890625,1766336397.6870143
Stats/P_avg,42250,0.184326171875,1766336511.9662836
Stats/P_avg,42300,0.23779296875,1766336625.3261154
Stats/P_avg,42350,0.2265625,1766336738.4854312
Stats/P_avg,42400,0.2191162109375,1766336851.9759626
Stats/P_avg,42450,0.21142578125,1766336965.679892
Stats/P_avg,42500,0.2386474609375,1766337079.9872344
Stats/P_avg,42550,0.2130126953125,1766337194.6105986
Stats/P_avg,42600,0.219970703125,1766337303.0285716
Stats/P_avg,42650,0.2230224609375,1766337413.0323918
Stats/P_avg,42700,0.2252197265625,1766337528.0591369
Stats/P_avg,42750,0.2315673828125,1766337639.629439
Stats/P_avg,42800,0.19580078125,1766337751.5179365
Stats/P_avg,42850,0.242431640625,1766337861.848583
Stats/P_avg,42900,0.2142333984375,1766337975.97829
Stats/P_avg,42950,0.218994140625,1766338089.0255315
Stats/P_avg,43000,0.207275390625,1766338204.9423862
Stats/P_avg,43050,0.263916015625,1766338320.312681
Stats/P_avg,43100,0.2432861328125,1766338435.115992
Stats/P_avg,43150,0.1905517578125,1766338547.571737
Stats/P_avg,43200,0.15966796875,1766338661.5176976
Stats/P_avg,43250,0.14990234375,1766338772.380726
Stats/P_avg,43300,0.1834716796875,1766338885.853204
Stats/P_avg,43350,0.1475830078125,1766338998.5308163
Stats/P_avg,43400,0.21875,1766339109.3093476
Stats/P_avg,43450,0.202392578125,1766339219.7610717
Stats/P_avg,43500,0.18798828125,1766339331.6457317
Stats/P_avg,43550,0.1444091796875,1766339445.502453
Stats/P_avg,43600,0.1900634765625,1766339560.2064078
Stats/P_avg,43650,0.15380859375,1766339670.960749
Stats/P_avg,43700,0.2471923828125,1766339785.2086859
Stats/P_avg,43750,0.162353515625,1766339894.7425582
Stats/P_avg,43800,0.23388671875,1766340009.261504
Stats/P_avg,43850,0.3515625,1766340122.2718718
Stats/P_avg,43900,0.31005859375,1766340230.3376758
Stats/P_avg,43950,0.1917724609375,1766340342.23103
Stats/P_avg,44000,0.291015625,1766340452.9156904
Stats/P_avg,44050,0.2242431640625,1766340567.5017698
Stats/P_avg,44100,0.1827392578125,1766340679.1212592
Stats/P_avg,44150,0.2188720703125,1766340788.7593498
Stats/P_avg,44200,0.225830078125,1766340900.9144797
Stats/P_avg,44250,0.1866455078125,1766341014.6264584
Stats/P_avg,44300,0.236083984375,1766341127.1915104
Stats/P_avg,44350,0.284423828125,1766341241.4254756
Stats/P_avg,44400,0.170166015625,1766341356.623779
Stats/P_avg,44450,0.2142333984375,1766341470.1663277
Stats/P_avg,44500,0.2144775390625,1766341580.258713
Stats/P_avg,44550,0.224365234375,1766341694.248557
Stats/P_avg,44600,0.26611328125,1766341807.7696524
Stats/P_avg,44650,0.2257080078125,1766341920.2446027
Stats/P_avg,44700,0.248046875,1766342034.7431931
Stats/P_avg,44750,0.2235107421875,1766342147.5537336
Stats/P_avg,44800,0.217041015625,1766342260.510607
Stats/P_avg,44850,0.21875,1766342374.7364058
Stats/P_avg,44900,0.1895751953125,1766342492.6114073
Stats/P_avg,44950,0.211669921875,1766342608.243095
Stats/P_avg,45000,0.1748046875,1766342723.4651911
Stats/P_avg,45050,0.19970703125,1766342835.7245324
Stats/P_avg,45100,0.1925048828125,1766342946.9305463
Stats/P_avg,45150,0.189697265625,1766343059.4492364
Stats/P_avg,45200,0.2232666015625,1766343173.324454
Stats/P_avg,45250,0.1715087890625,1766343287.9628587
Stats/P_avg,45300,0.173583984375,1766343398.8295376
Stats/P_avg,45350,0.2054443359375,1766343511.3552527
Stats/P_avg,45400,0.228759765625,1766343619.461985
Stats/P_avg,45450,0.2393798828125,1766343727.2901356
Stats/P_avg,45500,0.2296142578125,1766343837.9835355
Stats/P_avg,45550,0.1741943359375,1766343952.8723547
Stats/P_avg,45600,0.178466796875,1766344064.1664789
Stats/P_avg,45650,0.2333984375,1766344175.2388859
Stats/P_avg,45700,0.2314453125,1766344289.1952002
Stats/P_avg,45750,0.201171875,1766344401.7732103
Stats/P_avg,45800,0.1800537109375,1766344513.4966092
Stats/P_avg,45850,0.1776123046875,1766344627.400245
Stats/P_avg,45900,0.18896484375,1766344740.4080524
Stats/P_avg,45950,0.190185546875,1766344855.8517234
Stats/P_avg,46000,0.1551513671875,1766344969.1145177
Stats/P_avg,46050,0.188232421875,1766345081.437879
Stats/P_avg,46100,0.197265625,1766345193.7163827
Stats/P_avg,46150,0.1990966796875,1766345308.8418329
Stats/P_avg,46200,0.27001953125,1766345419.9824708
Stats/P_avg,46250,0.182861328125,1766345530.6756432
Stats/P_avg,46300,0.2161865234375,1766345643.0854435
Stats/P_avg,46350,0.20068359375,1766345757.1929286
Stats/P_avg,46400,0.2156982421875,1766345871.5504718
Stats/P_avg,46450,0.1837158203125,1766345980.704178
Stats/P_avg,46500,0.16552734375,1766346093.6022334
Stats/P_avg,46550,0.1715087890625,1766346206.46973
Stats/P_avg,46600,0.2015380859375,1766346317.406648
Stats/P_avg,46650,0.1868896484375,1766346430.3625166
Stats/P_avg,46700,0.192626953125,1766346539.8789313
Stats/P_avg,46750,0.175537109375,1766346652.6320653
Stats/P_avg,46800,0.1917724609375,1766346767.7197666
Stats/P_avg,46850,0.2320556640625,1766346877.574539
Stats/P_avg,46900,0.1810302734375,1766346988.6707258
Stats/P_avg,46950,0.1883544921875,1766347103.2663612
Stats/P_avg,47000,0.1842041015625,1766347218.0253413
Stats/P_avg,47050,0.2138671875,1766347332.3862932
Stats/P_avg,47100,0.17529296875,1766347440.0361135
Stats/P_avg,47150,0.25830078125,1766347551.1857157
Stats/P_avg,47200,0.17041015625,1766347666.0342774
Stats/P_avg,47250,0.1806640625,1766347777.791257
Stats/P_avg,47300,0.2362060546875,1766347886.5762553
Stats/P_avg,47350,0.226318359375,1766348000.6235695
Stats/P_avg,47400,0.194091796875,1766348111.125485
Stats/P_avg,47450,0.2425537109375,1766348222.833446
Stats/P_avg,47500,0.1878662109375,1766348334.6934252
Stats/P_avg,47550,0.1873779296875,1766348446.7897086
Stats/P_avg,47600,0.1993408203125,1766348561.034736
Stats/P_avg,47650,0.184814453125,1766348676.2620585
Stats/P_avg,47700,0.21728515625,1766348784.3592732
Stats/P_avg,47750,0.229248046875,1766348896.7644653
Stats/P_avg,47800,0.174560546875,1766349004.573177
Stats/P_avg,47850,0.1912841796875,1766349118.0067647
Stats/P_avg,47900,0.198974609375,1766349227.6887941
Stats/P_avg,47950,0.2249755859375,1766349344.7456858
Stats/P_avg,48000,0.2000732421875,1766349460.5819876
Stats/P_avg,48050,0.2078857421875,1766349574.1666613
Stats/P_avg,48100,0.1724853515625,1766349685.7311637
Stats/P_avg,48150,0.2445068359375,1766349795.1398613
Stats/P_avg,48200,0.255126953125,1766349902.903191
Stats/P_avg,48250,0.2059326171875,1766350016.4920278
Stats/P_avg,48300,0.184326171875,1766350130.9344635
Stats/P_avg,48350,0.1697998046875,1766350247.393595
Stats/P_avg,48400,0.2230224609375,1766350357.4214456
Stats/P_avg,48450,0.2249755859375,1766350469.258819
Stats/P_avg,48500,0.1917724609375,1766350579.6183734
Stats/P_avg,48550,0.1644287109375,1766350692.9043157
Stats/P_avg,48600,0.167236328125,1766350806.3806722
Stats/P_avg,48650,0.21875,1766350915.489183
Stats/P_avg,48700,0.2105712890625,1766351032.719526
Stats/P_avg,48750,0.158447265625,1766351142.8867111
Stats/P_avg,48800,0.16650390625,1766351257.3096926
Stats/P_avg,48850,0.1700439453125,1766351369.8571944
Stats/P_avg,48900,0.1553955078125,1766351482.511613
Stats/P_avg,48950,0.1920166015625,1766351596.8902946
Stats/P_avg,49000,0.18798828125,1766351710.6682703
Stats/P_avg,49050,0.1580810546875,1766351825.584537
Stats/P_avg,49100,0.1776123046875,1766351937.6883805
Stats/P_avg,49150,0.183349609375,1766352050.9227762
Stats/P_avg,49200,0.2093505859375,1766352161.9537919
Stats/P_avg,49250,0.171875,1766352272.303801
Stats/P_avg,49300,0.1864013671875,1766352386.9127076
Stats/P_avg,49350,0.2021484375,1766352498.3697422
Stats/P_avg,49400,0.2166748046875,1766352608.747428
Stats/P_avg,49450,0.1800537109375,1766352721.2424965
Stats/P_avg,49500,0.2069091796875,1766352831.1182287
Stats/P_avg,49550,0.197021484375,1766352944.020926
Stats/P_avg,49600,0.213134765625,1766353055.4023216
Stats/P_avg,49650,0.1717529296875,1766353169.5782824
Stats/P_avg,49700,0.228271484375,1766353281.6406102
Stats/P_avg,49750,0.1953125,1766353396.8388374
Stats/P_avg,49800,0.2196044921875,1766353509.4565244
Stats/P_avg,49850,0.2041015625,1766353618.7691286
Stats/P_avg,49900,0.18603515625,1766353730.989027
Stats/P_avg,49950,0.2227783203125,1766353842.5987623
Stats/P_avg,50000,0.194091796875,1766353955.4836397
Stats/P_avg,50050,0.2001953125,1766354067.7738569
Stats/P_avg,50100,0.1744384765625,1766354177.46861
Stats/P_avg,50150,0.1695556640625,1766354292.1449685
Stats/P_avg,50200,0.1578369140625,1766354403.7762885
Stats/P_avg,50250,0.1968994140625,1766354517.3694973
Stats/P_avg,50300,0.18798828125,1766354627.994065
Stats/P_avg,50350,0.1656494140625,1766354740.4028878
Stats/P_avg,50400,0.1851806640625,1766354852.7730236
Stats/P_avg,50450,0.1802978515625,1766354964.800299
Stats/P_avg,50500,0.2076416015625,1766355071.328495
Stats/P_avg,50550,0.1768798828125,1766355182.9396458
Stats/P_avg,50600,0.210693359375,1766355298.1885352
Stats/P_avg,50650,0.2156982421875,1766355408.9814174
Stats/P_avg,50700,0.2054443359375,1766355520.8716931
Stats/P_avg,50750,0.1456298828125,1766355631.8648405
Stats/P_avg,50800,0.2257080078125,1766355746.3046243
Stats/P_avg,50850,0.20361328125,1766355857.694252
Stats/P_avg,50900,0.1488037109375,1766355970.4190805
Stats/P_avg,50950,0.1998291015625,1766356082.1349883
Stats/P_avg,51000,0.1585693359375,1766356191.715703
Stats/P_avg,51050,0.16650390625,1766356302.856568
Stats/P_avg,51100,0.1734619140625,1766356418.6087003
Stats/P_avg,51150,0.1383056640625,1766356533.5441372
Stats/P_avg,51200,0.15283203125,1766356644.4586895
Stats/P_avg,51250,0.1697998046875,1766356758.9432626
Stats/P_avg,51300,0.2139892578125,1766356870.7694962
Stats/P_avg,51350,0.214599609375,1766356981.7845006
Stats/P_avg,51400,0.2081298828125,1766357090.1176207
Stats/P_avg,51450,0.19140625,1766357198.4463706
Stats/P_avg,51500,0.1612548828125,1766357316.1040237
Stats/P_avg,51550,0.1610107421875,1766357428.0307407
Stats/P_avg,51600,0.220458984375,1766357538.8681254
Stats/P_avg,51650,0.200439453125,1766357653.1473994
Stats/P_avg,51700,0.2156982421875,1766357770.3452902
Stats/P_avg,51750,0.212158203125,1766357885.774123
Stats/P_avg,51800,0.180419921875,1766357997.7344944
Stats/P_avg,51850,0.1690673828125,1766358110.0057352
Stats/P_avg,51900,0.144775390625,1766358227.7565415
Stats/P_avg,51950,0.17822265625,1766358341.2876875
Stats/P_avg,52000,0.1444091796875,1766358456.0083075
Stats/P_avg,52050,0.14990234375,1766358571.9685364
Stats/P_avg,52100,0.200439453125,1766358683.2167246
Stats/P_avg,52150,0.210205078125,1766358799.3189366
Stats/P_avg,52200,0.173828125,1766358912.1836898
Stats/P_avg,52250,0.177978515625,1766359025.019959
Stats/P_avg,52300,0.173828125,1766359134.8737316
Stats/P_avg,52350,0.16455078125,1766359249.6573782
Stats/P_avg,52400,0.1846923828125,1766359362.7011023
Stats/P_avg,52450,0.179443359375,1766359475.7033396
Stats/P_avg,52500,0.17431640625,1766359587.9598315
Stats/P_avg,52550,0.217041015625,1766359699.8649294
Stats/P_avg,52600,0.1920166015625,1766359811.8775146
Stats/P_avg,52650,0.1453857421875,1766359924.4069276
Stats/P_avg,52700,0.15380859375,1766360034.012615
Stats/P_avg,52750,0.227783203125,1766360145.3705566
Stats/P_avg,52800,0.197998046875,1766360258.775396
Stats/P_avg,52850,0.211669921875,1766360372.8048766
Stats/P_avg,52900,0.2032470703125,1766360483.6968343
Stats/P_avg,52950,0.17578125,1766360595.5069616
Stats/P_avg,53000,0.190185546875,1766360705.5162857
Stats/P_avg,53050,0.16357421875,1766360816.058778
Stats/P_avg,53100,0.2020263671875,1766360928.0992572
Stats/P_avg,53150,0.1854248046875,1766361043.4813294
Stats/P_avg,53200,0.232666015625,1766361156.940427
Stats/P_avg,53250,0.1868896484375,1766361264.1687984
Stats/P_avg,53300,0.1826171875,1766361376.7616892
Stats/P_avg,53350,0.154541015625,1766361489.9296567
Stats/P_avg,53400,0.1920166015625,1766361605.4211922
Stats/P_avg,53450,0.2476806640625,1766361717.6995971
Stats/P_avg,53500,0.1617431640625,1766361827.2352605
Stats/P_avg,53550,0.16748046875,1766361940.5550716
Stats/P_avg,53600,0.173828125,1766362055.8969173
Stats/P_avg,53650,0.1640625,1766362172.3546557
Stats/P_avg,53700,0.158203125,1766362282.9773827
Stats/P_avg,53750,0.1776123046875,1766362397.3716733
Stats/P_avg,53800,0.161376953125,1766362511.0867603
Stats/P_avg,53850,0.1973876953125,1766362622.6459684
Stats/P_avg,53900,0.1927490234375,1766362739.3524609
Stats/P_avg,53950,0.2169189453125,1766362857.5830123
Stats/P_avg,54000,0.1890869140625,1766362971.5165124
Stats/P_avg,54050,0.1856689453125,1766363083.919212
Stats/P_avg,54100,0.191162109375,1766363194.7706394
Stats/P_avg,54150,0.1202392578125,1766363307.4799774
Stats/P_avg,54200,0.2054443359375,1766363414.339538
Stats/P_avg,54250,0.1519775390625,1766363525.0257003
Stats/P_avg,54300,0.1356201171875,1766363638.7170994
Stats/P_avg,54350,0.20947265625,1766363752.3945277
Stats/P_avg,54400,0.142578125,1766363867.7452655
Stats/P_avg,54450,0.14892578125,1766363982.3815575
Stats/P_avg,54500,0.1910400390625,1766364095.083396
Stats/P_avg,54550,0.16650390625,1766364207.9914172
Stats/P_avg,54600,0.1416015625,1766364323.8645806
Stats/P_avg,54650,0.1893310546875,1766364434.8358326
Stats/P_avg,54700,0.197265625,1766364549.1914861
Stats/P_avg,54750,0.1710205078125,1766364663.5604434
Stats/P_avg,54800,0.19921875,1766364775.7402468
Stats/P_avg,54850,0.1644287109375,1766364886.4694784
Stats/P_avg,54900,0.185302734375,1766364998.3180091
Stats/P_avg,54950,0.1536865234375,1766365106.9083202
Stats/P_avg,55000,0.1544189453125,1766365216.9965901
Stats/P_avg,55050,0.1551513671875,1766365327.6306446
Stats/P_avg,55100,0.1878662109375,1766365438.7688484
Stats/P_avg,55150,0.1646728515625,1766365552.7825136
Stats/P_avg,55200,0.1925048828125,1766365667.2587347
Stats/P_avg,55250,0.17822265625,1766365780.861732
Stats/P_avg,55300,0.1451416015625,1766365895.0457437
Stats/P_avg,55350,0.15771484375,1766366009.1589923
Stats/P_avg,55400,0.1837158203125,1766366120.8952417
Stats/P_avg,55450,0.2066650390625,1766366234.5362642
Stats/P_avg,55500,0.12744140625,1766366349.4660187
Stats/P_avg,55550,0.137939453125,1766366459.7799833
Stats/P_avg,55600,0.1419677734375,1766366572.861963
Stats/P_avg,55650,0.2037353515625,1766366686.4159443
Stats/P_avg,55700,0.1624755859375,1766366801.790604
Stats/P_avg,55750,0.1640625,1766366916.5457225
Stats/P_avg,55800,0.2340087890625,1766367029.6433835
Stats/P_avg,55850,0.2110595703125,1766367145.5057852
Stats/P_avg,55900,0.1749267578125,1766367257.5022805
Stats/P_avg,55950,0.1883544921875,1766367370.9726574
Stats/P_avg,56000,0.18310546875,1766367479.6148252
Stats/P_avg,56050,0.1849365234375,1766367592.7047155
Stats/P_avg,56100,0.1773681640625,1766367706.5528626
Stats/P_avg,56150,0.1807861328125,1766367821.9397688
Stats/P_avg,56200,0.1898193359375,1766367935.687327
Stats/P_avg,56250,0.2010498046875,1766368048.5087428
Stats/P_avg,56300,0.12841796875,1766368157.7708123
Stats/P_avg,56350,0.1724853515625,1766368268.8350024
Stats/P_avg,56400,0.1732177734375,1766368386.1490247
Stats/P_avg,56450,0.1727294921875,1766368498.015774
Stats/P_avg,56500,0.190185546875,1766368613.8357508
Stats/P_avg,56550,0.197265625,1766368725.0498643
Stats/P_avg,56600,0.1522216796875,1766368839.4228437
Stats/P_avg,56650,0.157958984375,1766368951.8025482
Stats/P_avg,56700,0.2086181640625,1766369067.7857418
Stats/P_avg,56750,0.178955078125,1766369183.088784
Stats/P_avg,56800,0.197021484375,1766369294.8848708
Stats/P_avg,56850,0.170654296875,1766369411.3641632
Stats/P_avg,56900,0.1595458984375,1766369522.238254
Stats/P_avg,56950,0.1982421875,1766369635.40198
Stats/P_avg,57000,0.171875,1766369746.4155736
Stats/P_avg,57050,0.1578369140625,1766369862.0988805
Stats/P_avg,57100,0.1651611328125,1766369977.163403
Stats/P_avg,57150,0.15478515625,1766370092.3726382
Stats/P_avg,57200,0.159423828125,1766370203.2187347
Stats/P_avg,57250,0.172119140625,1766370314.1757474
Stats/P_avg,57300,0.1478271484375,1766370428.3773513
Stats/P_avg,57350,0.1370849609375,1766370544.3445418
Stats/P_avg,57400,0.16552734375,1766370655.6055741
Stats/P_avg,57450,0.1651611328125,1766370767.4969559
Stats/P_avg,57500,0.1766357421875,1766370878.5488653
Stats/P_avg,57550,0.1766357421875,1766370990.9601755
Stats/P_avg,57600,0.1990966796875,1766371103.5126863
Stats/P_avg,57650,0.157470703125,1766371216.3271842
Stats/P_avg,57700,0.14306640625,1766371327.441061
Stats/P_avg,57750,0.1453857421875,1766371440.9179971
Stats/P_avg,57800,0.13916015625,1766371553.7147884
Stats/P_avg,57850,0.1761474609375,1766371668.341509
Stats/P_avg,57900,0.150634765625,1766371783.2103765
Stats/P_avg,57950,0.183837890625,1766371894.0360065
Stats/P_avg,58000,0.1605224609375,1766372009.2925053
Stats/P_avg,58050,0.1741943359375,1766372123.7021906
Stats/P_avg,58100,0.17626953125,1766372240.3447871
Stats/P_avg,58150,0.1630859375,1766372352.75247
Stats/P_avg,58200,0.1824951171875,1766372465.021298
Stats/P_avg,58250,0.1524658203125,1766372579.408452
Stats/P_avg,58300,0.1639404296875,1766372693.2138274
Stats/P_avg,58350,0.1497802734375,1766372807.0832539
Stats/P_avg,58400,0.200439453125,1766372919.794895
Stats/P_avg,58450,0.10986328125,1766373033.4769943
Stats/P_avg,58500,0.202392578125,1766373149.6342814
Stats/P_avg,58550,0.2266845703125,1766373261.6450415
Stats/P_avg,58600,0.167724609375,1766373374.3062901
Stats/P_avg,58650,0.2017822265625,1766373488.3966901
Stats/P_avg,58700,0.1810302734375,1766373599.9588792
Stats/P_avg,58750,0.1510009765625,1766373713.1085017
Stats/P_avg,58800,0.1453857421875,1766373826.468567
Stats/P_avg,58850,0.12335205078125,1766373938.6602352
Stats/P_avg,58900,0.1954345703125,1766374054.3717358
Stats/P_avg,58950,0.216552734375,1766374170.9940455
Stats/P_avg,59000,0.206298828125,1766374280.7339497
Stats/P_avg,59050,0.1561279296875,1766374390.5922983
Stats/P_avg,59100,0.1435546875,1766374509.6759942
Stats/P_avg,59150,0.174072265625,1766374623.2205825
Stats/P_avg,59200,0.176513671875,1766374731.9743023
Stats/P_avg,59250,0.16064453125,1766374847.0479965
Stats/P_avg,59300,0.168212890625,1766374962.7463958
Stats/P_avg,59350,0.175537109375,1766375077.3234613
Stats/P_avg,59400,0.183837890625,1766375191.5492764
Stats/P_avg,59450,0.1563720703125,1766375301.6959324
Stats/P_avg,59500,0.1373291015625,1766375419.1458948
Stats/P_avg,59550,0.1876220703125,1766375528.9819317
Stats/P_avg,59600,0.16943359375,1766375637.618516
Stats/P_avg,59650,0.1324462890625,1766375751.2854536
Stats/P_avg,59700,0.163330078125,1766375867.5977116
Stats/P_avg,59750,0.1761474609375,1766375985.866868
Stats/P_avg,59800,0.1531982421875,1766376101.470398
Stats/P_avg,59850,0.206787109375,1766376213.5325475
Stats/P_avg,59900,0.1539306640625,1766376325.3859253
Stats/P_avg,59950,0.182373046875,1766376436.382386
Stats/P_avg,60000,0.1746826171875,1766376549.3759158
Stats/P_avg,60050,0.1800537109375,1766376661.660209
Stats/P_avg,60100,0.1536865234375,1766376773.9286556
Stats/P_avg,60150,0.13037109375,1766376885.9862132
Stats/P_avg,60200,0.1641845703125,1766376996.5679846
Stats/P_avg,60250,0.1583251953125,1766377109.0367079
Stats/P_avg,60300,0.1956787109375,1766377218.8032675
Stats/P_avg,60350,0.181640625,1766377329.6086962
Stats/P_avg,60400,0.16015625,1766377443.4149098
Stats/P_avg,60450,0.1495361328125,1766377553.7008007
Stats/P_avg,60500,0.1539306640625,1766377669.4421
Stats/P_avg,60550,0.15283203125,1766377783.1642075
Stats/P_avg,60600,0.1683349609375,1766377897.075355
Stats/P_avg,60650,0.1673583984375,1766378013.090389
Stats/P_avg,60700,0.11175537109375,1766378125.0534143
Stats/P_avg,60750,0.1373291015625,1766378235.578315
Stats/P_avg,60800,0.218017578125,1766378347.6577163
Stats/P_avg,60850,0.2027587890625,1766378458.9152687
Stats/P_avg,60900,0.16845703125,1766378571.1228056
Stats/P_avg,60950,0.15234375,1766378687.3732784
Stats/P_avg,61000,0.1927490234375,1766378805.4527938
Stats/P_avg,61050,0.1939697265625,1766378918.2025018
Stats/P_avg,61100,0.176025390625,1766379031.9617093
Stats/P_avg,61150,0.1417236328125,1766379147.3691962
Stats/P_avg,61200,0.142578125,1766379261.3143165
Stats/P_avg,61250,0.1517333984375,1766379375.3534591
Stats/P_avg,61300,0.180419921875,1766379486.259153
Stats/P_avg,61350,0.1405029296875,1766379601.6655107
Stats/P_avg,61400,0.1934814453125,1766379713.71202
Stats/P_avg,61450,0.1590576171875,1766379826.7984333
Stats/P_avg,61500,0.1512451171875,1766379939.6841187
Stats/P_avg,61550,0.1759033203125,1766380054.979843
Stats/P_avg,61600,0.147705078125,1766380166.0085192
Stats/P_avg,61650,0.1380615234375,1766380279.3062363
Stats/P_avg,61700,0.1754150390625,1766380389.8507235
Stats/P_avg,61750,0.204833984375,1766380504.892549
Stats/P_avg,61800,0.1644287109375,1766380619.5434625
Stats/P_avg,61850,0.159423828125,1766380726.1227238
Stats/P_avg,61900,0.1607666015625,1766380841.6552505
Stats/P_avg,61950,0.1929931640625,1766380950.110598
Stats/P_avg,62000,0.1512451171875,1766381063.8682353
Stats/P_avg,62050,0.1812744140625,1766381174.09847
Stats/P_avg,62100,0.229736328125,1766381287.9050362
Stats/P_avg,62150,0.1956787109375,1766381399.3554728
Stats/P_avg,62200,0.1790771484375,1766381515.0997922
Stats/P_avg,62250,0.168212890625,1766381630.6896448
Stats/P_avg,62300,0.1507568359375,1766381743.8775694
Stats/P_avg,62350,0.15087890625,1766381860.520055
Stats/P_avg,62400,0.242919921875,1766381976.8450983
Stats/P_avg,62450,0.1890869140625,1766382089.5073667
Stats/P_avg,62500,0.1605224609375,1766382203.6472468
Stats/P_avg,62550,0.1417236328125,1766382318.4173236
Stats/P_avg,62600,0.1632080078125,1766382428.8023105
Stats/P_avg,62650,0.2052001953125,1766382542.0554469
Stats/P_avg,62700,0.14404296875,1766382651.2506552
Stats/P_avg,62750,0.188720703125,1766382765.9060779
Stats/P_avg,62800,0.153076171875,1766382873.751862
Stats/P_avg,62850,0.14990234375,1766382985.2572136
Stats/P_avg,62900,0.1583251953125,1766383093.9611676
Stats/P_avg,62950,0.189697265625,1766383209.2963736
Stats/P_avg,63000,0.1539306640625,1766383322.8152485
Stats/P_avg,63050,0.130126953125,1766383433.2310934
Stats/P_avg,63100,0.16650390625,1766383543.4814136
Stats/P_avg,63150,0.1636962890625,1766383658.5672896
Stats/P_avg,63200,0.141845703125,1766383772.5036688
Stats/P_avg,63250,0.157958984375,1766383885.0954556
Stats/P_avg,63300,0.1883544921875,1766383995.9217916
Stats/P_avg,63350,0.17919921875,1766384104.3108208
Stats/P_avg,63400,0.14892578125,1766384218.6638095
Stats/P_avg,63450,0.1932373046875,1766384327.4720097
Stats/P_avg,63500,0.2037353515625,1766384442.1521957
Stats/P_avg,63550,0.15576171875,1766384555.9786198
Stats/P_avg,63600,0.1751708984375,1766384669.1924953
Stats/P_avg,63650,0.194580078125,1766384782.4305081
Stats/P_avg,63700,0.1787109375,1766384893.954252
Stats/P_avg,63750,0.157958984375,1766385005.1150389
Stats/P_avg,63800,0.189453125,1766385119.2728071
Stats/P_avg,63850,0.193115234375,1766385233.6154635
Stats/P_avg,63900,0.175537109375,1766385349.3382258
Stats/P_avg,63950,0.1785888671875,1766385460.9787009
Stats/P_avg,64000,0.1763916015625,1766385569.619912
Stats/P_avg,64050,0.177001953125,1766385682.8852215
Stats/P_avg,64100,0.170654296875,1766385794.6387546
Stats/P_avg,64150,0.150390625,1766385911.7150571
Stats/P_avg,64200,0.156494140625,1766386029.1862543
Stats/P_avg,64250,0.14453125,1766386148.0016475
Stats/P_avg,64300,0.1600341796875,1766386263.83185
Stats/P_avg,64350,0.18701171875,1766386377.7364893
Stats/P_avg,64400,0.1820068359375,1766386495.1220987
Stats/P_avg,64450,0.18359375,1766386608.3631995
Stats/P_avg,64500,0.181640625,1766386720.1188014
Stats/P_avg,64550,0.134521484375,1766386832.81523
Stats/P_avg,64600,0.1875,1766386945.3125722
Stats/P_avg,64650,0.197509765625,1766387058.6434622
Stats/P_avg,64700,0.2113037109375,1766387168.6519954
Stats/P_avg,64750,0.18212890625,1766387279.239527
Stats/P_avg,64800,0.191162109375,1766387389.935004
Stats/P_avg,64850,0.166748046875,1766387504.139727
Stats/P_avg,64900,0.1697998046875,1766387613.7228937
Stats/P_avg,64950,0.188720703125,1766387727.7605138
Stats/P_avg,65000,0.180419921875,1766387838.1516466
Stats/P_avg,65050,0.1898193359375,1766387952.1852539
Stats/P_avg,65100,0.155029296875,1766388064.868088
Stats/P_avg,65150,0.1136474609375,1766388176.8581476
Stats/P_avg,65200,0.1763916015625,1766388291.493461
Stats/P_avg,65250,0.1571044921875,1766388403.3918774
Stats/P_avg,65300,0.15185546875,1766388517.4761212
Stats/P_avg,65350,0.1885986328125,1766388627.8519812
Stats/P_avg,65400,0.2685546875,1766388737.6921816
Stats/P_avg,65450,0.138671875,1766388854.8724964
Stats/P_avg,65500,0.161376953125,1766388967.9274404
Stats/P_avg,65550,0.1395263671875,1766389086.2015235
Stats/P_avg,65600,0.1903076171875,1766389203.0473506
Stats/P_avg,65650,0.2169189453125,1766389316.8380058
Stats/P_avg,65700,0.16650390625,1766389435.0519106
Stats/P_avg,65750,0.1639404296875,1766389548.2634416
Stats/P_avg,65800,0.168701171875,1766389661.1487246
Stats/P_avg,65850,0.210205078125,1766389773.9556158
Stats/P_avg,65900,0.1822509765625,1766389888.4068122
Stats/P_avg,65950,0.1702880859375,1766390002.428178
Stats/P_avg,66000,0.1961669921875,1766390114.0058286
Stats/P_avg,66050,0.1600341796875,1766390231.1006074
Stats/P_avg,66100,0.181884765625,1766390343.3278854
Stats/P_avg,66150,0.1593017578125,1766390455.0409865
Stats/P_avg,66200,0.169189453125,1766390566.5385938
Stats/P_avg,66250,0.21875,1766390679.9065924
Stats/P_avg,66300,0.1322021484375,1766390793.614848
Stats/P_avg,66350,0.164794921875,1766390905.267839
Stats/P_avg,66400,0.10247802734375,1766391019.2020245
Stats/P_avg,66450,0.162353515625,1766391132.5116932
Stats/P_avg,66500,0.148681640625,1766391244.1665578
Stats/P_avg,66550,0.191162109375,1766391358.3974543
Stats/P_avg,66600,0.1717529296875,1766391469.6640606
Stats/P_avg,66650,0.1566162109375,1766391582.7524095
Stats/P_avg,66700,0.2161865234375,1766391698.13781
Stats/P_avg,66750,0.1859130859375,1766391805.9021332
Stats/P_avg,66800,0.1798095703125,1766391919.3007262
Stats/P_avg,66850,0.17919921875,1766392031.7839742
Stats/P_avg,66900,0.1239013671875,1766392145.9364505
Stats/P_avg,66950,0.1942138671875,1766392257.709336
Stats/P_avg,67000,0.165283203125,1766392370.6491213
Stats/P_avg,67050,0.1800537109375,1766392479.1000075
Stats/P_avg,67100,0.152099609375,1766392592.1428285
Stats/P_avg,67150,0.1868896484375,1766392703.7163417
Stats/P_avg,67200,0.1546630859375,1766392816.6897807
Stats/P_avg,67250,0.216552734375,1766392929.0108502
Stats/P_avg,67300,0.1368408203125,1766393043.260778
Stats/P_avg,67350,0.195556640625,1766393156.6730266
Stats/P_avg,67400,0.1591796875,1766393269.8634923
Stats/P_avg,67450,0.1717529296875,1766393382.9072492
Stats/P_avg,67500,0.17919921875,1766393498.6570523
Stats/P_avg,67550,0.1676025390625,1766393609.869465
Stats/P_avg,67600,0.215576171875,1766393725.8149767
Stats/P_avg,67650,0.15576171875,1766393836.8383157
Stats/P_avg,67700,0.181640625,1766393950.9387178
Stats/P_avg,67750,0.1624755859375,1766394061.8165252
Stats/P_avg,67800,0.1253662109375,1766394170.5922089
Stats/P_avg,67850,0.1614990234375,1766394282.0859191
Stats/P_avg,67900,0.184326171875,1766394396.8333755
Stats/P_avg,67950,0.1990966796875,1766394513.740942
Stats/P_avg,68000,0.1968994140625,1766394625.3080835
Stats/P_avg,68050,0.129638671875,1766394736.43435
Stats/P_avg,68100,0.1416015625,1766394850.211515
Stats/P_avg,68150,0.1343994140625,1766394960.3470285
Stats/P_avg,68200,0.1549072265625,1766395071.9709606
Stats/P_avg,68250,0.1739501953125,1766395188.7987442
Stats/P_avg,68300,0.1708984375,1766395302.7179704
Stats/P_avg,68350,0.1422119140625,1766395415.6248345
Stats/P_avg,68400,0.18798828125,1766395530.4108737
Stats/P_avg,68450,0.185791015625,1766395644.2175293
Stats/P_avg,68500,0.1529541015625,1766395757.9673195
Stats/P_avg,68550,0.18408203125,1766395870.8849113
Stats/P_avg,68600,0.1927490234375,1766395982.9051032
Stats/P_avg,68650,0.190673828125,1766396094.2335818
Stats/P_avg,68700,0.1483154296875,1766396207.7422628
Stats/P_avg,68750,0.2021484375,1766396321.9663393
Stats/P_avg,68800,0.1468505859375,1766396436.2723148
Stats/P_avg,68850,0.1800537109375,1766396546.8093908
Stats/P_avg,68900,0.135498046875,1766396661.38973
Stats/P_avg,68950,0.153564453125,1766396775.6499166
Stats/P_avg,69000,0.166748046875,1766396886.6523778
Stats/P_avg,69050,0.22021484375,1766396999.1518474
Stats/P_avg,69100,0.1658935546875,1766397109.2452483
Stats/P_avg,69150,0.169189453125,1766397222.6188784
Stats/P_avg,69200,0.1339111328125,1766397337.878419
Stats/P_avg,69250,0.2568359375,1766397449.3207748
Stats/P_avg,69300,0.2066650390625,1766397561.0492988
Stats/P_avg,69350,0.1754150390625,1766397671.6861424
Stats/P_avg,69400,0.1932373046875,1766397783.4539726
Stats/P_avg,69450,0.147216796875,1766397895.9565358
Stats/P_avg,69500,0.171142578125,1766398006.1613972
Stats/P_avg,69550,0.17529296875,1766398121.7156527
Stats/P_avg,69600,0.1826171875,1766398235.5728693
Stats/P_avg,69650,0.1690673828125,1766398357.5088468
Stats/P_avg,69700,0.1903076171875,1766398471.368971
Stats/P_avg,69750,0.18701171875,1766398581.4226966
Stats/P_avg,69800,0.1995849609375,1766398695.996032
Stats/P_avg,69850,0.216552734375,1766398815.246274
Stats/P_avg,69900,0.182861328125,1766398931.217197
Stats/P_avg,69950,0.2086181640625,1766399041.625038
Stats/P_avg,70000,0.182861328125,1766399153.2452772
Stats/P_avg,70050,0.140625,1766399265.5860348
Stats/P_avg,70100,0.15673828125,1766399381.4015718
Stats/P_avg,70150,0.1519775390625,1766399493.482429
Stats/P_avg,70200,0.194580078125,1766399605.0905566
Stats/P_avg,70250,0.1602783203125,1766399717.8131006
Stats/P_avg,70300,0.19873046875,1766399829.0303655
Stats/P_avg,70350,0.1761474609375,1766399944.6009426
Stats/P_avg,70400,0.152099609375,1766400058.946435
Stats/P_avg,70450,0.17041015625,1766400172.7018936
Stats/P_avg,70500,0.1734619140625,1766400283.9438198
Stats/P_avg,70550,0.1607666015625,1766400397.2442226
Stats/P_avg,70600,0.11859130859375,1766400509.507947
Stats/P_avg,70650,0.1417236328125,1766400622.7377725
Stats/P_avg,70700,0.1705322265625,1766400736.0634058
Stats/P_avg,70750,0.12457275390625,1766400847.9102843
Stats/P_avg,70800,0.15234375,1766400961.734401
Stats/P_avg,70850,0.2283935546875,1766401070.5306165
Stats/P_avg,70900,0.1575927734375,1766401186.1553023
Stats/P_avg,70950,0.1466064453125,1766401302.8812864
Stats/P_avg,71000,0.158447265625,1766401414.514518
Stats/P_avg,71050,0.1397705078125,1766401525.1009014
Stats/P_avg,71100,0.136962890625,1766401636.7647216
Stats/P_avg,71150,0.1781005859375,1766401746.7705142
Stats/P_avg,71200,0.167724609375,1766401856.6529167
Stats/P_avg,71250,0.1932373046875,1766401969.2763772
Stats/P_avg,71300,0.1490478515625,1766402079.3917224
Stats/P_avg,71350,0.1712646484375,1766402192.7438917
Stats/P_avg,71400,0.1619873046875,1766402305.8479035
Stats/P_avg,71450,0.1717529296875,1766402415.689623
Stats/P_avg,71500,0.2071533203125,1766402524.7936778
Stats/P_avg,71550,0.150390625,1766402637.1985152
Stats/P_avg,71600,0.1798095703125,1766402752.394568
Stats/P_avg,71650,0.150390625,1766402864.5694509
Stats/P_avg,71700,0.146240234375,1766402980.0964012
Stats/P_avg,71750,0.1942138671875,1766403093.0365517
Stats/P_avg,71800,0.1563720703125,1766403203.4743624
Stats/P_avg,71850,0.173583984375,1766403311.6029866
Stats/P_avg,71900,0.144287109375,1766403421.7963645
Stats/P_avg,71950,0.2108154296875,1766403532.9630334
Stats/P_avg,72000,0.1737060546875,1766403643.1940546
Stats/P_avg,72050,0.178955078125,1766403760.1670108
Stats/P_avg,72100,0.1700439453125,1766403873.5152411
Stats/P_avg,72150,0.168212890625,1766403986.289765
Stats/P_avg,72200,0.164794921875,1766404095.928171
Stats/P_avg,72250,0.1435546875,1766404210.6767647
Stats/P_avg,72300,0.1622314453125,1766404323.7510045
Stats/P_avg,72350,0.1866455078125,1766404434.4308288
Stats/P_avg,72400,0.1419677734375,1766404543.8733246
Stats/P_avg,72450,0.2020263671875,1766404654.7056012
Stats/P_avg,72500,0.149658203125,1766404765.5681386
Stats/P_avg,72550,0.166015625,1766404877.1115787
Stats/P_avg,72600,0.1734619140625,1766404987.7796268
Stats/P_avg,72650,0.1807861328125,1766405102.6958702
Stats/P_avg,72700,0.1407470703125,1766405214.70239
Stats/P_avg,72750,0.1375732421875,1766405328.9100308
Stats/P_avg,72800,0.1416015625,1766405438.6446803
Stats/P_avg,72850,0.22802734375,1766405552.2939248
Stats/P_avg,72900,0.1326904296875,1766405664.9116373
Stats/P_avg,72950,0.162109375,1766405776.0901296
Stats/P_avg,73000,0.1453857421875,1766405888.057575
Stats/P_avg,73050,0.155029296875,1766405998.7555141
Stats/P_avg,73100,0.171630859375,1766406113.6255636
Stats/P_avg,73150,0.181396484375,1766406226.7297022
Stats/P_avg,73200,0.1385498046875,1766406339.3069487
Stats/P_avg,73250,0.194580078125,1766406449.3744292
Stats/P_avg,73300,0.142333984375,1766406557.331574
Stats/P_avg,73350,0.15478515625,1766406670.328752
Stats/P_avg,73400,0.1585693359375,1766406784.0958061
Stats/P_avg,73450,0.1591796875,1766406898.2637427
Stats/P_avg,73500,0.1343994140625,1766407010.2164857
Stats/P_avg,73550,0.1195068359375,1766407123.8580241
Stats/P_avg,73600,0.144287109375,1766407235.9389668
Stats/P_avg,73650,0.1917724609375,1766407350.2517598
Stats/P_avg,73700,0.159423828125,1766407460.8009763
Stats/P_avg,73750,0.1990966796875,1766407570.8294692
Stats/P_avg,73800,0.161376953125,1766407684.3319166
Stats/P_avg,73850,0.1143798828125,1766407798.6915052
Stats/P_avg,73900,0.168701171875,1766407912.6712387
Stats/P_avg,73950,0.1455078125,1766408023.882933
Stats/P_avg,74000,0.1600341796875,1766408136.5428355
Stats/P_avg,74050,0.15771484375,1766408251.2087998
Stats/P_avg,74100,0.1705322265625,1766408367.2083364
Stats/P_avg,74150,0.165771484375,1766408479.747464
Stats/P_avg,74200,0.194091796875,1766408591.9998567
Stats/P_avg,74250,0.2044677734375,1766408706.3654854
Stats/P_avg,74300,0.1402587890625,1766408818.6930192
Stats/P_avg,74350,0.1357421875,1766408932.2154658
Stats/P_avg,74400,0.1517333984375,1766409043.4186323
Stats/P_avg,74450,0.1846923828125,1766409158.187745
Stats/P_avg,74500,0.180419921875,1766409270.696172
Stats/P_avg,74550,0.1800537109375,1766409386.9838288
Stats/P_avg,74600,0.1842041015625,1766409498.7050617
Stats/P_avg,74650,0.174560546875,1766409612.729507
Stats/P_avg,74700,0.1669921875,1766409720.3210506
Stats/P_avg,74750,0.1541748046875,1766409834.0854099
Stats/P_avg,74800,0.1875,1766409946.6198359
Stats/P_avg,74850,0.181640625,1766410063.6842148
Stats/P_avg,74900,0.1400146484375,1766410177.372503
Stats/P_avg,74950,0.1673583984375,1766410290.1856036
Stats/P_avg,75000,0.1705322265625,1766410400.983616
Stats/P_avg,75050,0.177490234375,1766410511.5017412
Stats/P_avg,75100,0.1490478515625,1766410622.1355393
Stats/P_avg,75150,0.146240234375,1766410732.3242373
Stats/P_avg,75200,0.177978515625,1766410845.89077
Stats/P_avg,75250,0.2073974609375,1766410958.4218128
Stats/P_avg,75300,0.165283203125,1766411071.268845
Stats/P_avg,75350,0.16650390625,1766411188.2133548
Stats/P_avg,75400,0.1624755859375,1766411303.68773
Stats/P_avg,75450,0.1680908203125,1766411415.2606978
Stats/P_avg,75500,0.174560546875,1766411528.6072423
Stats/P_avg,75550,0.1632080078125,1766411642.5807617
Stats/P_avg,75600,0.146484375,1766411753.7293105
Stats/P_avg,75650,0.1282958984375,1766411869.2950804
Stats/P_avg,75700,0.1990966796875,1766411983.3269603
Stats/P_avg,75750,0.225830078125,1766412095.369225
Stats/P_avg,75800,0.2064208984375,1766412206.9550183
Stats/P_avg,75850,0.1707763671875,1766412317.1036923
Stats/P_avg,75900,0.1527099609375,1766412432.0717292
Stats/P_avg,75950,0.16796875,1766412544.7416673
Stats/P_avg,76000,0.1864013671875,1766412654.797633
Stats/P_avg,76050,0.142822265625,1766412762.6185734
Stats/P_avg,76100,0.18212890625,1766412875.6671028
Stats/P_avg,76150,0.24072265625,1766412987.2864094
Stats/P_avg,76200,0.1817626953125,1766413099.6765614
Stats/P_avg,76250,0.20751953125,1766413212.640745
Stats/P_avg,76300,0.1656494140625,1766413325.8732655
Stats/P_avg,76350,0.2138671875,1766413438.3508012
Stats/P_avg,76400,0.1646728515625,1766413553.5285754
Stats/P_avg,76450,0.1746826171875,1766413667.781185
Stats/P_avg,76500,0.165771484375,1766413780.855521
Stats/P_avg,76550,0.156982421875,1766413894.5097365
Stats/P_avg,76600,0.1427001953125,1766414008.5857685
Stats/P_avg,76650,0.1844482421875,1766414121.0902467
Stats/P_avg,76700,0.2054443359375,1766414234.024984
Stats/P_avg,76750,0.2021484375,1766414341.694331
Stats/P_avg,76800,0.1812744140625,1766414452.225686
Stats/P_avg,76850,0.1732177734375,1766414566.409318
Stats/P_avg,76900,0.1578369140625,1766414676.5649042
Stats/P_avg,76950,0.1697998046875,1766414789.1856139
Stats/P_avg,77000,0.15625,1766414902.544684
Stats/P_avg,77050,0.12261962890625,1766415014.5219166
Stats/P_avg,77100,0.168701171875,1766415126.8209853
Stats/P_avg,77150,0.12353515625,1766415237.3032856
Stats/P_avg,77200,0.140869140625,1766415348.4706292
Stats/P_avg,77250,0.18994140625,1766415461.3715808
Stats/P_avg,77300,0.21142578125,1766415573.836366
Stats/P_avg,77350,0.199951171875,1766415684.7208285
Stats/P_avg,77400,0.184326171875,1766415798.4185524
Stats/P_avg,77450,0.19482421875,1766415911.4519415
Stats/P_avg,77500,0.1820068359375,1766416021.933922
Stats/P_avg,77550,0.1856689453125,1766416134.3394017
Stats/P_avg,77600,0.1856689453125,1766416246.7788064
Stats/P_avg,77650,0.156494140625,1766416356.6285403
Stats/P_avg,77700,0.1466064453125,1766416470.6531417
Stats/P_avg,77750,0.162841796875,1766416586.5799916
Stats/P_avg,77800,0.1881103515625,1766416704.5290956
Stats/P_avg,77850,0.1903076171875,1766416821.5807102
Stats/P_avg,77900,0.131103515625,1766416936.2881618
Stats/P_avg,77950,0.2042236328125,1766417048.1586568
Stats/P_avg,78000,0.1932373046875,1766417160.2263029
Stats/P_avg,78050,0.22412109375,1766417266.6300416
Stats/P_avg,78100,0.2205810546875,1766417379.7641191
Stats/P_avg,78150,0.1947021484375,1766417493.0486648
Stats/P_avg,78200,0.2078857421875,1766417607.896368
Stats/P_avg,78250,0.2354736328125,1766417717.3798325
Stats/P_avg,78300,0.1776123046875,1766417831.3189268
Stats/P_avg,78350,0.20751953125,1766417944.411526
Stats/P_avg,78400,0.1834716796875,1766418058.4374435
Stats/P_avg,78450,0.190673828125,1766418173.335634
Stats/P_avg,78500,0.1654052734375,1766418286.5746715
Stats/P_avg,78550,0.1651611328125,1766418402.6396723
Stats/P_avg,78600,0.1903076171875,1766418512.3715599
Stats/P_avg,78650,0.186279296875,1766418625.7081494
Stats/P_avg,78700,0.1778564453125,1766418738.3039765
Stats/P_avg,78750,0.1881103515625,1766418852.213398
Stats/P_avg,78800,0.1402587890625,1766418965.2813
Stats/P_avg,78850,0.1968994140625,1766419078.3962452
Stats/P_avg,78900,0.217041015625,1766419191.6802702
Stats/P_avg,78950,0.1727294921875,1766419305.8854046
Stats/P_avg,79000,0.1654052734375,1766419419.5671034
Stats/P_avg,79050,0.1722412109375,1766419533.4153602
Stats/P_avg,79100,0.2064208984375,1766419648.8808405
Stats/P_avg,79150,0.2083740234375,1766419762.3163056
Stats/P_avg,79200,0.1800537109375,1766419878.9374697
Stats/P_avg,79250,0.1390380859375,1766419990.7954123
Stats/P_avg,79300,0.1719970703125,1766420103.7550392
Stats/P_avg,79350,0.16943359375,1766420218.9377282
Stats/P_avg,79400,0.181640625,1766420333.1725566
Stats/P_avg,79450,0.2056884765625,1766420442.7093244
Stats/P_avg,79500,0.141357421875,1766420556.8190553
Stats/P_avg,79550,0.1787109375,1766420667.3135161
Stats/P_avg,79600,0.1502685546875,1766420779.9350767
Stats/P_avg,79650,0.1610107421875,1766420893.0147924
Stats/P_avg,79700,0.1512451171875,1766421005.4919767
Stats/P_avg,79750,0.1748046875,1766421113.2963223
Stats/P_avg,79800,0.1468505859375,1766421227.3922975
Stats/P_avg,79850,0.1854248046875,1766421343.1036575
Stats/P_avg,79900,0.172607421875,1766421456.3745518
Stats/P_avg,79950,0.140869140625,1766421568.7417643
Stats/P_avg,80000,0.23681640625,1766421680.2151337
Stats/P_avg,80050,0.181640625,1766421789.4388733
Stats/P_avg,80100,0.1834716796875,1766421900.7568448
Stats/P_avg,80150,0.17236328125,1766422010.2981253
Stats/P_avg,80200,0.1561279296875,1766422120.8056102
Stats/P_avg,80250,0.152099609375,1766422232.4283087
Stats/P_avg,80300,0.1663818359375,1766422348.521643
Stats/P_avg,80350,0.1611328125,1766422460.8943262
Stats/P_avg,80400,0.1802978515625,1766422576.7963557
Stats/P_avg,80450,0.20947265625,1766422689.4749603
Stats/P_avg,80500,0.2056884765625,1766422799.366967
Stats/P_avg,80550,0.185302734375,1766422912.8462315
Stats/P_avg,80600,0.199951171875,1766423025.2216365
Stats/P_avg,80650,0.2027587890625,1766423134.490394
Stats/P_avg,80700,0.2259521484375,1766423248.1652858
Stats/P_avg,80750,0.19091796875,1766423360.3354921
Stats/P_avg,80800,0.18798828125,1766423471.501475
Stats/P_avg,80850,0.18994140625,1766423584.9050555
Stats/P_avg,80900,0.16943359375,1766423698.9587963
Stats/P_avg,80950,0.1917724609375,1766423810.6203809
Stats/P_avg,81000,0.1715087890625,1766423925.1803732
Stats/P_avg,81050,0.1522216796875,1766424034.582961
Stats/P_avg,81100,0.1817626953125,1766424141.3583372
Stats/P_avg,81150,0.151611328125,1766424253.5036838
Stats/P_avg,81200,0.2122802734375,1766424364.3569338
Stats/P_avg,81250,0.2413330078125,1766424470.6184938
Stats/P_avg,81300,0.196044921875,1766424587.250029
Stats/P_avg,81350,0.143310546875,1766424697.5111432
Stats/P_avg,81400,0.2366943359375,1766424810.713161
Stats/P_avg,81450,0.231201171875,1766424923.3493338
Stats/P_avg,81500,0.2208251953125,1766425035.73119
Stats/P_avg,81550,0.1748046875,1766425146.32165
Stats/P_avg,81600,0.2181396484375,1766425260.1905947
Stats/P_avg,81650,0.185546875,1766425374.7739842
Stats/P_avg,81700,0.180908203125,1766425487.0657115
Stats/P_avg,81750,0.2069091796875,1766425601.8837886
Stats/P_avg,81800,0.1588134765625,1766425714.0274816
Stats/P_avg,81850,0.1727294921875,1766425826.5804303
Stats/P_avg,81900,0.207763671875,1766425938.0399551
Stats/P_avg,81950,0.1671142578125,1766426052.0740175
Stats/P_avg,82000,0.21533203125,1766426164.6525223
Stats/P_avg,82050,0.1737060546875,1766426275.209958
Stats/P_avg,82100,0.2122802734375,1766426387.8560767
Stats/P_avg,82150,0.19140625,1766426497.8128154
Stats/P_avg,82200,0.144775390625,1766426612.2023885
Stats/P_avg,82250,0.1856689453125,1766426726.5456004
Stats/P_avg,82300,0.1566162109375,1766426838.7565699
Stats/P_avg,82350,0.1632080078125,1766426950.7775
Stats/P_avg,82400,0.2418212890625,1766427062.7231479
Stats/P_avg,82450,0.18994140625,1766427173.468727
Stats/P_avg,82500,0.1671142578125,1766427284.4982111
Stats/P_avg,82550,0.15478515625,1766427401.9643798
Stats/P_avg,82600,0.2060546875,1766427514.5562556
Stats/P_avg,82650,0.1488037109375,1766427628.4982164
Stats/P_avg,82700,0.1378173828125,1766427738.7782083
Stats/P_avg,82750,0.1549072265625,1766427850.4167237
Stats/P_avg,82800,0.1746826171875,1766427965.3782058
Stats/P_avg,82850,0.1624755859375,1766428076.4278564
Stats/P_avg,82900,0.141845703125,1766428189.3408632
Stats/P_avg,82950,0.1654052734375,1766428301.8722851
Stats/P_avg,83000,0.166259765625,1766428409.337432
Stats/P_avg,83050,0.188232421875,1766428521.4620476
Stats/P_avg,83100,0.15478515625,1766428631.6821363
Stats/P_avg,83150,0.1917724609375,1766428747.1712108
Stats/P_avg,83200,0.24560546875,1766428859.1490142
Stats/P_avg,83250,0.1824951171875,1766428974.1517088
Stats/P_avg,83300,0.1917724609375,1766429084.7702093
Stats/P_avg,83350,0.188232421875,1766429194.7995613
Stats/P_avg,83400,0.15771484375,1766429308.2397435
Stats/P_avg,83450,0.1824951171875,1766429423.1549869
Stats/P_avg,83500,0.1756591796875,1766429536.463947
Stats/P_avg,83550,0.1533203125,1766429650.5482047
Stats/P_avg,83600,0.171630859375,1766429765.0169044
Stats/P_avg,83650,0.1646728515625,1766429879.3099256
Stats/P_avg,83700,0.1519775390625,1766429991.5756407
Stats/P_avg,83750,0.1583251953125,1766430106.8923748
Stats/P_avg,83800,0.13427734375,1766430221.6645699
Stats/P_avg,83850,0.2357177734375,1766430333.7388713
Stats/P_avg,83900,0.1597900390625,1766430447.4695847
Stats/P_avg,83950,0.135986328125,1766430557.9311366
Stats/P_avg,84000,0.1375732421875,1766430671.949786
Stats/P_avg,84050,0.1732177734375,1766430783.5287654
Stats/P_avg,84100,0.1629638671875,1766430897.891689
Stats/P_avg,84150,0.1265869140625,1766431010.813164
Stats/P_avg,84200,0.20556640625,1766431125.608689
Stats/P_avg,84250,0.1475830078125,1766431238.1280746
Stats/P_avg,84300,0.207763671875,1766431350.2774231
Stats/P_avg,84350,0.1397705078125,1766431462.469251
Stats/P_avg,84400,0.2244873046875,1766431577.3674917
Stats/P_avg,84450,0.1932373046875,1766431689.08456
Stats/P_avg,84500,0.1475830078125,1766431805.0012321
Stats/P_avg,84550,0.1324462890625,1766431921.5447738
Stats/P_avg,84600,0.1500244140625,1766432034.7296896
Stats/P_avg,84650,0.1868896484375,1766432144.9206743
Stats/P_avg,84700,0.1820068359375,1766432254.5082116
Stats/P_avg,84750,0.2005615234375,1766432364.9990354
Stats/P_avg,84800,0.193603515625,1766432479.7341607
Stats/P_avg,84850,0.18212890625,1766432590.1445897
Stats/P_avg,84900,0.168701171875,1766432703.279162
Stats/P_avg,84950,0.1680908203125,1766432816.3296058
Stats/P_avg,85000,0.153564453125,1766432931.0289118
Stats/P_avg,85050,0.175048828125,1766433044.172378
Stats/P_avg,85100,0.1549072265625,1766433154.8607376
Stats/P_avg,85150,0.173583984375,1766433269.0547066
Stats/P_avg,85200,0.14013671875,1766433378.603089
Stats/P_avg,85250,0.1939697265625,1766433492.6841812
Stats/P_avg,85300,0.1591796875,1766433605.761676
Stats/P_avg,85350,0.18798828125,1766433720.640507
Stats/P_avg,85400,0.1650390625,1766433833.9456933
Stats/P_avg,85450,0.1357421875,1766433948.2647626
Stats/P_avg,85500,0.151123046875,1766434060.4269512
Stats/P_avg,85550,0.174560546875,1766434172.7848492
Stats/P_avg,85600,0.1541748046875,1766434283.0729103
Stats/P_avg,85650,0.1275634765625,1766434395.0574636
Stats/P_avg,85700,0.1451416015625,1766434508.4948964
Stats/P_avg,85750,0.21728515625,1766434617.020039
Stats/P_avg,85800,0.1783447265625,1766434729.3660653
Stats/P_avg,85850,0.1512451171875,1766434841.895573
Stats/P_avg,85900,0.1673583984375,1766434957.4669597
Stats/P_avg,85950,0.1668701171875,1766435069.781598
Stats/P_avg,86000,0.19775390625,1766435176.9589589
Stats/P_avg,86050,0.172607421875,1766435290.955244
Stats/P_avg,86100,0.10943603515625,1766435402.7989764
Stats/P_avg,86150,0.1595458984375,1766435515.4107053
Stats/P_avg,86200,0.14892578125,1766435628.9288332
Stats/P_avg,86250,0.149169921875,1766435738.4155667
Stats/P_avg,86300,0.1993408203125,1766435851.369793
Stats/P_avg,86350,0.162109375,1766435967.116626
Stats/P_avg,86400,0.146240234375,1766436080.2523844
Stats/P_avg,86450,0.172607421875,1766436191.6385334
Stats/P_avg,86500,0.17919921875,1766436300.8226562
Stats/P_avg,86550,0.1265869140625,1766436412.7464297
Stats/P_avg,86600,0.1484375,1766436526.7892346
Stats/P_avg,86650,0.145263671875,1766436640.140764
Stats/P_avg,86700,0.123779296875,1766436756.5330012
Stats/P_avg,86750,0.139892578125,1766436868.0286117
Stats/P_avg,86800,0.179931640625,1766436981.730156
Stats/P_avg,86850,0.1441650390625,1766437095.0564744
Stats/P_avg,86900,0.16015625,1766437207.750437
Stats/P_avg,86950,0.147216796875,1766437321.9760787
Stats/P_avg,87000,0.1270751953125,1766437436.32821
Stats/P_avg,87050,0.1300048828125,1766437548.2935677
Stats/P_avg,87100,0.103271484375,1766437661.1209366
Stats/P_avg,87150,0.1544189453125,1766437771.895628
Stats/P_avg,87200,0.146484375,1766437882.6332874
Stats/P_avg,87250,0.137451171875,1766437996.6940744
Stats/P_avg,87300,0.134521484375,1766438107.6590881
Stats/P_avg,87350,0.1448974609375,1766438222.697839
Stats/P_avg,87400,0.1851806640625,1766438333.704209
Stats/P_avg,87450,0.2200927734375,1766438448.459191
Stats/P_avg,87500,0.11383056640625,1766438557.228437
Stats/P_avg,87550,0.2027587890625,1766438667.807959
Stats/P_avg,87600,0.1318359375,1766438782.0404365
Stats/P_avg,87650,0.125244140625,1766438894.7845159
Stats/P_avg,87700,0.1529541015625,1766439013.5921621
Stats/P_avg,87750,0.140869140625,1766439130.6190042
Stats/P_avg,87800,0.243408203125,1766439242.1848674
Stats/P_avg,87850,0.1312255859375,1766439354.9615386
Stats/P_avg,87900,0.1761474609375,1766439471.2455792
Stats/P_avg,87950,0.166259765625,1766439585.0823948
Stats/P_avg,88000,0.1429443359375,1766439702.4219298
Stats/P_avg,88050,0.1597900390625,1766439809.879318
Stats/P_avg,88100,0.1331787109375,1766439919.511572
Stats/P_avg,88150,0.185791015625,1766440027.3218846
Stats/P_avg,88200,0.19677734375,1766440139.7055025
Stats/P_avg,88250,0.1328125,1766440252.2939098
Stats/P_avg,88300,0.1644287109375,1766440366.7126448
Stats/P_avg,88350,0.1724853515625,1766440481.086342
Stats/P_avg,88400,0.131591796875,1766440593.4128506
Stats/P_avg,88450,0.11395263671875,1766440710.0155032
Stats/P_avg,88500,0.168212890625,1766440821.5055206
Stats/P_avg,88550,0.166015625,1766440934.4806335
Stats/P_avg,88600,0.205078125,1766441045.4523935
Stats/P_avg,88650,0.15380859375,1766441163.1513648
Stats/P_avg,88700,0.12481689453125,1766441276.6292756
Stats/P_avg,88750,0.15185546875,1766441387.9415634
Stats/P_avg,88800,0.1695556640625,1766441500.2594366
Stats/P_avg,88850,0.172607421875,1766441612.9886894
Stats/P_avg,88900,0.1339111328125,1766441727.5777009
Stats/P_avg,88950,0.1357421875,1766441833.359373
Stats/P_avg,89000,0.1424560546875,1766441946.724535
Stats/P_avg,89050,0.1534423828125,1766442060.9860578
Stats/P_avg,89100,0.119140625,1766442175.2708704
Stats/P_avg,89150,0.1900634765625,1766442289.651046
Stats/P_avg,89200,0.12939453125,1766442403.0568829
Stats/P_avg,89250,0.1585693359375,1766442512.863284
Stats/P_avg,89300,0.1416015625,1766442627.0087073
Stats/P_avg,89350,0.1412353515625,1766442742.062935
Stats/P_avg,89400,0.12054443359375,1766442853.9287503
Stats/P_avg,89450,0.1961669921875,1766442968.1573496
Stats/P_avg,89500,0.1480712890625,1766443079.034772
Stats/P_avg,89550,0.1441650390625,1766443191.778567
Stats/P_avg,89600,0.1416015625,1766443301.7779505
Stats/P_avg,89650,0.1649169921875,1766443417.1688094
Stats/P_avg,89700,0.1387939453125,1766443529.4093835
Stats/P_avg,89750,0.191162109375,1766443641.7161572
Stats/P_avg,89800,0.134521484375,1766443754.456244
Stats/P_avg,89850,0.2254638671875,1766443866.0505383
Stats/P_avg,89900,0.127685546875,1766443975.910125
Stats/P_avg,89950,0.1409912109375,1766444087.0130334
Stats/P_avg,90000,0.14208984375,1766444199.9361427
Stats/P_avg,90050,0.10748291015625,1766444315.836796
Stats/P_avg,90100,0.191650390625,1766444430.6850011
Stats/P_avg,90150,0.12841796875,1766444543.0572524
Stats/P_avg,90200,0.1534423828125,1766444657.694296
Stats/P_avg,90250,0.1861572265625,1766444773.5821106
Stats/P_avg,90300,0.1309814453125,1766444886.133812
Stats/P_avg,90350,0.1539306640625,1766444997.2787693
Stats/P_avg,90400,0.174072265625,1766445110.8011284
Stats/P_avg,90450,0.1474609375,1766445220.0217571
Stats/P_avg,90500,0.1500244140625,1766445332.698884
Stats/P_avg,90550,0.139404296875,1766445445.3434005
Stats/P_avg,90600,0.16162109375,1766445557.7402058
Stats/P_avg,90650,0.13916015625,1766445670.9591353
Stats/P_avg,90700,0.163818359375,1766445780.4435267
Stats/P_avg,90750,0.12164306640625,1766445894.1082993
Stats/P_avg,90800,0.1292724609375,1766446005.2040854
Stats/P_avg,90850,0.144775390625,1766446116.9999099
Stats/P_avg,90900,0.2059326171875,1766446230.2118306
Stats/P_avg,90950,0.10498046875,1766446340.2770967
Stats/P_avg,91000,0.1451416015625,1766446455.4874074
Stats/P_avg,91050,0.1480712890625,1766446568.266528
Stats/P_avg,91100,0.18896484375,1766446681.3461685
Stats/P_avg,91150,0.1795654296875,1766446794.8472683
Stats/P_avg,91200,0.11114501953125,1766446908.883569
Stats/P_avg,91250,0.166015625,1766447022.0486166
Stats/P_avg,91300,0.1715087890625,1766447133.3563116
Stats/P_avg,91350,0.1363525390625,1766447244.3069322
Stats/P_avg,91400,0.16455078125,1766447356.7537513
Stats/P_avg,91450,0.1502685546875,1766447466.2514143
Stats/P_avg,91500,0.1192626953125,1766447576.5225422
Stats/P_avg,91550,0.1962890625,1766447684.6031427
Stats/P_avg,91600,0.1260986328125,1766447799.4807978
Stats/P_avg,91650,0.173583984375,1766447914.019661
Stats/P_avg,91700,0.116943359375,1766448029.4183197
Stats/P_avg,91750,0.1466064453125,1766448141.915999
Stats/P_avg,91800,0.16064453125,1766448252.7318003
Stats/P_avg,91850,0.12890625,1766448366.846987
Stats/P_avg,91900,0.1505126953125,1766448476.5610776
Stats/P_avg,91950,0.143310546875,1766448587.803021
Stats/P_avg,92000,0.207275390625,1766448697.331904
Stats/P_avg,92050,0.1734619140625,1766448812.1141086
Stats/P_avg,92100,0.1817626953125,1766448925.2320085
Stats/P_avg,92150,0.14892578125,1766449042.299596
Stats/P_avg,92200,0.153564453125,1766449152.2055233
Stats/P_avg,92250,0.125732421875,1766449262.3080206
Stats/P_avg,92300,0.193603515625,1766449374.1377118
Stats/P_avg,92350,0.1304931640625,1766449485.0987926
Stats/P_avg,92400,0.1094970703125,1766449599.0164804
Stats/P_avg,92450,0.111572265625,1766449711.3723683
Stats/P_avg,92500,0.125244140625,1766449821.7938435
Stats/P_avg,92550,0.102783203125,1766449931.2777739
Stats/P_avg,92600,0.1531982421875,1766450044.9157193
Stats/P_avg,92650,0.1435546875,1766450156.7840953
Stats/P_avg,92700,0.15869140625,1766450271.2421422
Stats/P_avg,92750,0.11981201171875,1766450380.0098758
Stats/P_avg,92800,0.1529541015625,1766450493.6837895
Stats/P_avg,92850,0.117431640625,1766450609.0026257
Stats/P_avg,92900,0.130615234375,1766450722.7635372
Stats/P_avg,92950,0.1929931640625,1766450832.4042218
Stats/P_avg,93000,0.1583251953125,1766450941.3536165
Stats/P_avg,93050,0.1656494140625,1766451054.410293
Stats/P_avg,93100,0.24365234375,1766451166.7833
Stats/P_avg,93150,0.16845703125,1766451278.3963785
Stats/P_avg,93200,0.1435546875,1766451390.413052
Stats/P_avg,93250,0.158935546875,1766451507.314371
Stats/P_avg,93300,0.1405029296875,1766451618.9644117
Stats/P_avg,93350,0.1376953125,1766451730.262549
Stats/P_avg,93400,0.1324462890625,1766451845.1465988
Stats/P_avg,93450,0.1373291015625,1766451960.558097
Stats/P_avg,93500,0.130126953125,1766452072.9528039
Stats/P_avg,93550,0.125732421875,1766452184.9926898
Stats/P_avg,93600,0.11309814453125,1766452302.7447486
Stats/P_avg,93650,0.1282958984375,1766452410.7591188
Stats/P_avg,93700,0.173095703125,1766452519.334529
Stats/P_avg,93750,0.12646484375,1766452629.3294938
Stats/P_avg,93800,0.1561279296875,1766452743.6426513
Stats/P_avg,93850,0.1375732421875,1766452857.208048
Stats/P_avg,93900,0.166015625,1766452971.511521
Stats/P_avg,93950,0.15966796875,1766453084.0897727
Stats/P_avg,94000,0.152099609375,1766453194.5169961
Stats/P_avg,94050,0.135986328125,1766453308.623268
Stats/P_avg,94100,0.1387939453125,1766453419.451993
Stats/P_avg,94150,0.11181640625,1766453533.6657307
Stats/P_avg,94200,0.1326904296875,1766453644.6805525
Stats/P_avg,94250,0.1688232421875,1766453758.7654788
Stats/P_avg,94300,0.1201171875,1766453870.6905332
Stats/P_avg,94350,0.1566162109375,1766453984.7429316
Stats/P_avg,94400,0.129638671875,1766454098.1962123
Stats/P_avg,94450,0.09814453125,1766454211.9336271
Stats/P_avg,94500,0.140380859375,1766454325.8783715
Stats/P_avg,94550,0.1297607421875,1766454436.5234623
Stats/P_avg,94600,0.170654296875,1766454546.35531
Stats/P_avg,94650,0.1337890625,1766454658.8315873
Stats/P_avg,94700,0.1739501953125,1766454772.7289488
Stats/P_avg,94750,0.18505859375,1766454884.650544
Stats/P_avg,94800,0.1348876953125,1766454995.2420561
Stats/P_avg,94850,0.1256103515625,1766455108.4848368
Stats/P_avg,94900,0.1904296875,1766455218.7681684
Stats/P_avg,94950,0.143310546875,1766455330.9540012
Stats/P_avg,95000,0.185302734375,1766455442.805406
Stats/P_avg,95050,0.1375732421875,1766455553.7199621
Stats/P_avg,95100,0.183837890625,1766455665.9021142
Stats/P_avg,95150,0.1231689453125,1766455778.653829
Stats/P_avg,95200,0.1531982421875,1766455890.9902518
Stats/P_avg,95250,0.12298583984375,1766456000.6880043
Stats/P_avg,95300,0.12939453125,1766456116.162691
Stats/P_avg,95350,0.152099609375,1766456224.425376
Stats/P_avg,95400,0.1234130859375,1766456339.5243545
Stats/P_avg,95450,0.128173828125,1766456451.4967816
Stats/P_avg,95500,0.1285400390625,1766456562.584533
Stats/P_avg,95550,0.162841796875,1766456675.4681678
Stats/P_avg,95600,0.136962890625,1766456788.2485135
Stats/P_avg,95650,0.1986083984375,1766456901.9755867
Stats/P_avg,95700,0.14404296875,1766457018.1818268
Stats/P_avg,95750,0.1505126953125,1766457130.4094913
Stats/P_avg,95800,0.154296875,1766457244.8139763
Stats/P_avg,95850,0.1927490234375,1766457356.1302016
Stats/P_avg,95900,0.1041259765625,1766457466.388797
Stats/P_avg,95950,0.140869140625,1766457574.0690253
Stats/P_avg,96000,0.122314453125,1766457689.6097114
Stats/P_avg,96050,0.176513671875,1766457802.0507884
Stats/P_avg,96100,0.1121826171875,1766457914.6347237
Stats/P_avg,96150,0.14501953125,1766458029.2094235
Stats/P_avg,96200,0.133056640625,1766458145.5178258
Stats/P_avg,96250,0.1427001953125,1766458256.372908
Stats/P_avg,96300,0.132080078125,1766458368.5855875
Stats/P_avg,96350,0.11761474609375,1766458481.8619614
Stats/P_avg,96400,0.141357421875,1766458593.3650033
Stats/P_avg,96450,0.1512451171875,1766458704.9781194
Stats/P_avg,96500,0.118408203125,1766458816.6946225
Stats/P_avg,96550,0.1759033203125,1766458927.371697
Stats/P_avg,96600,0.185546875,1766459040.8876872
Stats/P_avg,96650,0.148681640625,1766459153.8015335
Stats/P_avg,96700,0.1533203125,1766459267.634101
Stats/P_avg,96750,0.1251220703125,1766459378.1989586
Stats/P_avg,96800,0.09906005859375,1766459486.3994813
Stats/P_avg,96850,0.1455078125,1766459602.0208266
Stats/P_avg,96900,0.1519775390625,1766459716.8215225
Stats/P_avg,96950,0.1484375,1766459824.9539945
Stats/P_avg,97000,0.114990234375,1766459936.3574448
Stats/P_avg,97050,0.144775390625,1766460049.5415742
Stats/P_avg,97100,0.1131591796875,1766460161.324557
Stats/P_avg,97150,0.1405029296875,1766460272.0180943
Stats/P_avg,97200,0.221435546875,1766460387.2268941
Stats/P_avg,97250,0.1885986328125,1766460500.4997597
Stats/P_avg,97300,0.11639404296875,1766460612.0182755
Stats/P_avg,97350,0.193115234375,1766460720.4018753
Stats/P_avg,97400,0.1546630859375,1766460834.1776216
Stats/P_avg,97450,0.11444091796875,1766460946.5570166
Stats/P_avg,97500,0.131591796875,1766461060.677737
Stats/P_avg,97550,0.13818359375,1766461167.8055663
Stats/P_avg,97600,0.1314697265625,1766461279.2980504
Stats/P_avg,97650,0.144775390625,1766461392.3204896
Stats/P_avg,97700,0.121337890625,1766461503.7457502
Stats/P_avg,97750,0.196044921875,1766461617.8313892
Stats/P_avg,97800,0.177490234375,1766461729.5844967
Stats/P_avg,97850,0.2108154296875,1766461842.047519
Stats/P_avg,97900,0.1368408203125,1766461957.5549912
Stats/P_avg,97950,0.11883544921875,1766462075.5234957
Stats/P_avg,98000,0.1680908203125,1766462187.7219534
Stats/P_avg,98050,0.151123046875,1766462302.1690154
Stats/P_avg,98100,0.08807373046875,1766462414.986081
Stats/P_avg,98150,0.158447265625,1766462524.8874843
Stats/P_avg,98200,0.190185546875,1766462634.5651047
Stats/P_avg,98250,0.13720703125,1766462746.5144832
Stats/P_avg,98300,0.17431640625,1766462860.4541178
Stats/P_avg,98350,0.17724609375,1766462973.284307
Stats/P_avg,98400,0.12103271484375,1766463086.402589
Stats/P_avg,98450,0.1802978515625,1766463201.5864193
Stats/P_avg,98500,0.11761474609375,1766463314.744895
Stats/P_avg,98550,0.139404296875,1766463427.3009431
Stats/P_avg,98600,0.145751953125,1766463539.5692925
Stats/P_avg,98650,0.13427734375,1766463653.1822855
Stats/P_avg,98700,0.125,1766463764.33711
Stats/P_avg,98750,0.158447265625,1766463879.5819209
Stats/P_avg,98800,0.1702880859375,1766463992.8333113
Stats/P_avg,98850,0.1884765625,1766464103.4160018
Stats/P_avg,98900,0.1312255859375,1766464216.9640098
Stats/P_avg,98950,0.11260986328125,1766464325.5959086
Stats/P_avg,99000,0.111083984375,1766464437.6026878
Stats/P_avg,99050,0.119873046875,1766464553.1287436
Stats/P_avg,99100,0.10302734375,1766464667.4518054
Stats/P_avg,99150,0.1376953125,1766464779.176637
Stats/P_avg,99200,0.1591796875,1766464890.3615706
Stats/P_avg,99250,0.16748046875,1766465003.7665243
Stats/P_avg,99300,0.1673583984375,1766465118.3188143
Stats/P_avg,99350,0.1529541015625,1766465234.2212713
Stats/P_avg,99400,0.11798095703125,1766465343.0111833
Stats/P_avg,99450,0.12457275390625,1766465452.5320287
Stats/P_avg,99500,0.1812744140625,1766465566.4129252
Stats/P_avg,99550,0.168701171875,1766465682.3523536
Stats/P_avg,99600,0.1466064453125,1766465794.2611866
Stats/P_avg,99650,0.139892578125,1766465902.5067744
Stats/P_avg,99700,0.19140625,1766466016.4757972
Stats/P_avg,99750,0.1153564453125,1766466130.061843
Stats/P_avg,99800,0.162353515625,1766466240.108468
Stats/P_avg,99850,0.11383056640625,1766466353.9674206
Stats/P_avg,99900,0.1451416015625,1766466466.5613432
Stats/P_avg,99950,0.1727294921875,1766466581.031512
Stats/P_avg,100000,0.172119140625,1766466692.9719076
Stats/P_avg,100050,0.11907958984375,1766466806.563331
Stats/P_avg,100100,0.1669921875,1766466923.5684192
Stats/P_avg,100150,0.1734619140625,1766467035.9882932
Stats/P_avg,100200,0.14892578125,1766467146.5982063
Stats/P_avg,100250,0.0941162109375,1766467260.7988563
Stats/P_avg,100300,0.1280517578125,1766467377.5263987
Stats/P_avg,100350,0.126220703125,1766467489.9436016
Stats/P_avg,100400,0.144287109375,1766467604.5465102
Stats/P_avg,100450,0.1339111328125,1766467719.1949353
Stats/P_avg,100500,0.1492919921875,1766467832.664165
Stats/P_avg,100550,0.1578369140625,1766467943.3526394
Stats/P_avg,100600,0.2117919921875,1766468058.8058712
Stats/P_avg,100650,0.12396240234375,1766468175.4804752
Stats/P_avg,100700,0.12030029296875,1766468290.5220382
Stats/P_avg,100750,0.1295166015625,1766468403.8015683
Stats/P_avg,100800,0.16259765625,1766468516.0037036
Stats/P_avg,100850,0.1793212890625,1766468626.4300146
Stats/P_avg,100900,0.1688232421875,1766468740.1200511
Stats/P_avg,100950,0.1103515625,1766468855.0393786
Stats/P_avg,101000,0.1470947265625,1766468966.6303084
Stats/P_avg,101050,0.1314697265625,1766469080.505178
Stats/P_avg,101100,0.1392822265625,1766469192.213912
Stats/P_avg,101150,0.170166015625,1766469302.5311882
Stats/P_avg,101200,0.1807861328125,1766469413.8446076
Stats/P_avg,101250,0.11724853515625,1766469528.7759612
Stats/P_avg,101300,0.0999755859375,1766469642.0638547
Stats/P_avg,101350,0.169189453125,1766469751.3518784
Stats/P_avg,101400,0.1658935546875,1766469862.4523056
Stats/P_avg,101450,0.136474609375,1766469973.4389207
Stats/P_avg,101500,0.1424560546875,1766470084.3401377
Stats/P_avg,101550,0.155029296875,1766470194.1706588
Stats/P_avg,101600,0.17919921875,1766470307.9266758
Stats/P_avg,101650,0.1591796875,1766470420.9884427
Stats/P_avg,101700,0.12432861328125,1766470534.0424838
Stats/P_avg,101750,0.1405029296875,1766470652.2922306
Stats/P_avg,101800,0.158447265625,1766470761.3461525
Stats/P_avg,101850,0.18310546875,1766470874.0822442
Stats/P_avg,101900,0.164306640625,1766470990.566246
Stats/P_avg,101950,0.133544921875,1766471107.1491868
Stats/P_avg,102000,0.1434326171875,1766471219.2829957
Stats/P_avg,102050,0.1422119140625,1766471331.0767326
Stats/P_avg,102100,0.185546875,1766471441.2218673
Stats/P_avg,102150,0.1397705078125,1766471554.1853364
Stats/P_avg,102200,0.131591796875,1766471667.4419599
Stats/P_avg,102250,0.1370849609375,1766471782.2808561
Stats/P_avg,102300,0.137939453125,1766471892.2404737
Stats/P_avg,102350,0.1658935546875,1766472005.5534387
Stats/P_avg,102400,0.1392822265625,1766472118.915428
Stats/P_avg,102450,0.228515625,1766472232.6581986
Stats/P_avg,102500,0.1336669921875,1766472344.2055523
Stats/P_avg,102550,0.143310546875,1766472451.7489507
Stats/P_avg,102600,0.1370849609375,1766472558.3877707
Stats/P_avg,102650,0.1536865234375,1766472669.590019
Stats/P_avg,102700,0.1588134765625,1766472781.5842843
Stats/P_avg,102750,0.150634765625,1766472890.4765968
Stats/P_avg,102800,0.11224365234375,1766473003.3261654
Stats/P_avg,102850,0.212646484375,1766473114.4077387
Stats/P_avg,102900,0.141845703125,1766473228.235761
Stats/P_avg,102950,0.1741943359375,1766473342.9943619
Stats/P_avg,103000,0.11920166015625,1766473455.2803638
Stats/P_avg,103050,0.1875,1766473568.146132
Stats/P_avg,103100,0.15234375,1766473680.8579142
Stats/P_avg,103150,0.1473388671875,1766473795.851861
Stats/P_avg,103200,0.1400146484375,1766473907.5196695
Stats/P_avg,103250,0.1807861328125,1766474020.0653725
Stats/P_avg,103300,0.19775390625,1766474135.6017978
Stats/P_avg,103350,0.2041015625,1766474247.3824365
Stats/P_avg,103400,0.1702880859375,1766474358.6862197
Stats/P_avg,103450,0.136474609375,1766474468.3055322
Stats/P_avg,103500,0.15234375,1766474587.4925373
Stats/P_avg,103550,0.1541748046875,1766474700.3192108
Stats/P_avg,103600,0.165283203125,1766474810.9778655
Stats/P_avg,103650,0.1651611328125,1766474922.3867447
Stats/P_avg,103700,0.1893310546875,1766475035.5642345
Stats/P_avg,103750,0.139404296875,1766475150.3309138
Stats/P_avg,103800,0.22900390625,1766475262.0937173
Stats/P_avg,103850,0.1561279296875,1766475373.8279724
Stats/P_avg,103900,0.1861572265625,1766475487.133621
Stats/P_avg,103950,0.1502685546875,1766475600.3560529
Stats/P_avg,104000,0.1424560546875,1766475714.163571
Stats/P_avg,104050,0.1912841796875,1766475828.241443
Stats/P_avg,104100,0.19384765625,1766475937.8749483
Stats/P_avg,104150,0.14013671875,1766476047.763005
Stats/P_avg,104200,0.11273193359375,1766476161.6530333
Stats/P_avg,104250,0.154052734375,1766476276.903262
Stats/P_avg,104300,0.1380615234375,1766476387.0410945
Stats/P_avg,104350,0.16650390625,1766476500.3858364
Stats/P_avg,104400,0.1468505859375,1766476614.1441655
Stats/P_avg,104450,0.1912841796875,1766476724.720235
Stats/P_avg,104500,0.146484375,1766476838.584102
Stats/P_avg,104550,0.1822509765625,1766476951.8838549
Stats/P_avg,104600,0.1326904296875,1766477061.6126869
Stats/P_avg,104650,0.15478515625,1766477176.3939204
Stats/P_avg,104700,0.1307373046875,1766477286.6053412
Stats/P_avg,104750,0.1357421875,1766477400.2621827
Stats/P_avg,104800,0.11456298828125,1766477515.9618337
Stats/P_avg,104850,0.144775390625,1766477625.94597
Stats/P_avg,104900,0.1463623046875,1766477743.071066
Stats/P_avg,104950,0.1405029296875,1766477856.7176282
Stats/P_avg,105000,0.14892578125,1766477972.5006201
Stats/P_avg,105050,0.13330078125,1766478084.7932189
Stats/P_avg,105100,0.1387939453125,1766478201.5514522
Stats/P_avg,105150,0.1644287109375,1766478314.505357
Stats/P_avg,105200,0.12030029296875,1766478426.7788713
Stats/P_avg,105250,0.1815185546875,1766478535.745645
Stats/P_avg,105300,0.132568359375,1766478648.2060995
Stats/P_avg,105350,0.1485595703125,1766478762.0732772
Stats/P_avg,105400,0.161865234375,1766478877.9103818
Stats/P_avg,105450,0.1644287109375,1766478990.279238
Stats/P_avg,105500,0.12359619140625,1766479101.1028564
Stats/P_avg,105550,0.181884765625,1766479210.4614792
Stats/P_avg,105600,0.138427734375,1766479322.3876476
Stats/P_avg,105650,0.1270751953125,1766479435.8105388
Stats/P_avg,105700,0.1492919921875,1766479550.5715017
Stats/P_avg,105750,0.1534423828125,1766479662.6886985
Stats/P_avg,105800,0.131591796875,1766479778.8271577
Stats/P_avg,105850,0.1612548828125,1766479893.69867
Stats/P_avg,105900,0.1385498046875,1766480006.6696062
Stats/P_avg,105950,0.150634765625,1766480117.9513333
Stats/P_avg,106000,0.1307373046875,1766480232.1568975
Stats/P_avg,106050,0.18017578125,1766480348.2512953
Stats/P_avg,106100,0.141357421875,1766480464.469458
Stats/P_avg,106150,0.15283203125,1766480579.0340958
Stats/P_avg,106200,0.1915283203125,1766480688.1797614
Stats/P_avg,106250,0.1412353515625,1766480804.6269515
Stats/P_avg,106300,0.13818359375,1766480919.0273025
Stats/P_avg,106350,0.1566162109375,1766481032.43239
Stats/P_avg,106400,0.1312255859375,1766481142.5662596
Stats/P_avg,106450,0.1412353515625,1766481256.7030473
Stats/P_avg,106500,0.132568359375,1766481367.5122266
Stats/P_avg,106550,0.1585693359375,1766481485.297367
Stats/P_avg,106600,0.135498046875,1766481596.709328
Stats/P_avg,106650,0.146728515625,1766481706.8636827
Stats/P_avg,106700,0.1358642578125,1766481817.2163339
Stats/P_avg,106750,0.1473388671875,1766481929.8618774
Stats/P_avg,106800,0.1251220703125,1766482040.9756598
Stats/P_avg,106850,0.181884765625,1766482154.41482
Stats/P_avg,106900,0.2176513671875,1766482270.2635176
Stats/P_avg,106950,0.1363525390625,1766482382.5517952
Stats/P_avg,107000,0.1373291015625,1766482493.771585
Stats/P_avg,107050,0.141357421875,1766482608.2592297
Stats/P_avg,107100,0.11474609375,1766482724.4251282
Stats/P_avg,107150,0.12445068359375,1766482840.7128985
Stats/P_avg,107200,0.16845703125,1766482953.7631178
Stats/P_avg,107250,0.1363525390625,1766483068.7133162
Stats/P_avg,107300,0.2159423828125,1766483180.1536798
Stats/P_avg,107350,0.1370849609375,1766483290.9344513
Stats/P_avg,107400,0.1468505859375,1766483402.6591895
Stats/P_avg,107450,0.1748046875,1766483517.0343785
Stats/P_avg,107500,0.145263671875,1766483634.897057
Stats/P_avg,107550,0.1490478515625,1766483749.0639713
Stats/P_avg,107600,0.135498046875,1766483865.327994
Stats/P_avg,107650,0.1298828125,1766483980.2508557
Stats/P_avg,107700,0.14306640625,1766484085.3062327
Stats/P_avg,107750,0.15234375,1766484198.5510013
Stats/P_avg,107800,0.15625,1766484311.062769
Stats/P_avg,107850,0.1339111328125,1766484420.6612906
Stats/P_avg,107900,0.1878662109375,1766484530.5213954
Stats/P_avg,107950,0.1480712890625,1766484646.5049577
Stats/P_avg,108000,0.12939453125,1766484762.9043765
Stats/P_avg,108050,0.1552734375,1766484873.6857672
Stats/P_avg,108100,0.1480712890625,1766484991.624653
Stats/P_avg,108150,0.135009765625,1766485107.516661
Stats/P_avg,108200,0.17236328125,1766485221.91497
Stats/P_avg,108250,0.1962890625,1766485336.3287544
Stats/P_avg,108300,0.1614990234375,1766485451.0994434
Stats/P_avg,108350,0.15966796875,1766485565.888117
Stats/P_avg,108400,0.157470703125,1766485679.136916
Stats/P_avg,108450,0.16796875,1766485789.0672727
Stats/P_avg,108500,0.1859130859375,1766485900.110727
Stats/P_avg,108550,0.1431884765625,1766486009.8418953
Stats/P_avg,108600,0.1905517578125,1766486124.659081
Stats/P_avg,108650,0.12408447265625,1766486237.5448565
Stats/P_avg,108700,0.12451171875,1766486350.951768
Stats/P_avg,108750,0.158935546875,1766486462.573784
Stats/P_avg,108800,0.131591796875,1766486573.6968608
Stats/P_avg,108850,0.1893310546875,1766486690.9251535
Stats/P_avg,108900,0.1373291015625,1766486803.1600983
Stats/P_avg,108950,0.1368408203125,1766486913.3788114
Stats/P_avg,109000,0.1558837890625,1766487024.8464274
Stats/P_avg,109050,0.1458740234375,1766487136.9718661
Stats/P_avg,109100,0.1514892578125,1766487250.1416447
Stats/P_avg,109150,0.141357421875,1766487363.5531027
Stats/P_avg,109200,0.1478271484375,1766487475.4076412
Stats/P_avg,109250,0.1796875,1766487587.258319
Stats/P_avg,109300,0.10430908203125,1766487699.7479606
Stats/P_avg,109350,0.1492919921875,1766487811.870722
Stats/P_avg,109400,0.1541748046875,1766487925.0415733
Stats/P_avg,109450,0.142333984375,1766488037.358706
Stats/P_avg,109500,0.171142578125,1766488148.9294934
Stats/P_avg,109550,0.160400390625,1766488259.5261214
Stats/P_avg,109600,0.1336669921875,1766488374.6319923
Stats/P_avg,109650,0.10296630859375,1766488488.291627
Stats/P_avg,109700,0.1348876953125,1766488599.0852764
Stats/P_avg,109750,0.27099609375,1766488708.0139446
Stats/P_avg,109800,0.1529541015625,1766488821.7141333
Stats/P_avg,109850,0.1644287109375,1766488931.1597528
Stats/P_avg,109900,0.215576171875,1766489041.6236837
Stats/P_avg,109950,0.188720703125,1766489152.6884348
Stats/P_avg,110000,0.125244140625,1766489267.3937778
Stats/P_avg,110050,0.1873779296875,1766489381.871599
Stats/P_avg,110100,0.1302490234375,1766489490.8709562
Stats/P_avg,110150,0.184814453125,1766489602.0996196
Stats/P_avg,110200,0.150146484375,1766489715.1118903
Stats/P_avg,110250,0.1375732421875,1766489827.7858295
Stats/P_avg,110300,0.17529296875,1766489940.3821013
Stats/P_avg,110350,0.180908203125,1766490053.3225346
Stats/P_avg,110400,0.1519775390625,1766490163.5123575
Stats/P_avg,110450,0.1549072265625,1766490275.6572633
Stats/P_avg,110500,0.1700439453125,1766490389.3312874
Stats/P_avg,110550,0.15576171875,1766490503.513098
Stats/P_avg,110600,0.182861328125,1766490613.2217708
Stats/P_avg,110650,0.1474609375,1766490726.881397
Stats/P_avg,110700,0.2049560546875,1766490837.7911165
Stats/P_avg,110750,0.14501953125,1766490950.088028
Stats/P_avg,110800,0.1776123046875,1766491061.5695868
Stats/P_avg,110850,0.2015380859375,1766491173.311444
Stats/P_avg,110900,0.12249755859375,1766491289.8528287
Stats/P_avg,110950,0.146240234375,1766491406.2209737
Stats/P_avg,111000,0.1556396484375,1766491520.768406
Stats/P_avg,111050,0.153564453125,1766491634.412245
Stats/P_avg,111100,0.194580078125,1766491746.9754322
Stats/P_avg,111150,0.14794921875,1766491860.2483134
Stats/P_avg,111200,0.1378173828125,1766491974.6440878
Stats/P_avg,111250,0.14111328125,1766492083.073601
Stats/P_avg,111300,0.14794921875,1766492193.371181
Stats/P_avg,111350,0.1761474609375,1766492305.3093066
Stats/P_avg,111400,0.234375,1766492415.868382
Stats/P_avg,111450,0.137939453125,1766492526.1834726
Stats/P_avg,111500,0.145263671875,1766492640.7868297
Stats/P_avg,111550,0.1336669921875,1766492755.6907868
Stats/P_avg,111600,0.1318359375,1766492870.8166323
Stats/P_avg,111650,0.139404296875,1766492982.1095767
Stats/P_avg,111700,0.138427734375,1766493097.7687178
Stats/P_avg,111750,0.1376953125,1766493208.9829257
Stats/P_avg,111800,0.136474609375,1766493325.027833
Stats/P_avg,111850,0.14794921875,1766493436.2490516
Stats/P_avg,111900,0.2078857421875,1766493546.8607078
Stats/P_avg,111950,0.1414794921875,1766493659.4746869
Stats/P_avg,112000,0.11187744140625,1766493771.25713
Stats/P_avg,112050,0.1270751953125,1766493883.190921
Stats/P_avg,112100,0.150146484375,1766493998.5456731
Stats/P_avg,112150,0.1871337890625,1766494109.4599025
Stats/P_avg,112200,0.14697265625,1766494220.276184
Stats/P_avg,112250,0.12188720703125,1766494329.4734724
Stats/P_avg,112300,0.140625,1766494439.8391745
Stats/P_avg,112350,0.10595703125,1766494553.0130615
Stats/P_avg,112400,0.168701171875,1766494664.9837754
Stats/P_avg,112450,0.1375732421875,1766494776.7296946
Stats/P_avg,112500,0.1888427734375,1766494890.2577622
Stats/P_avg,112550,0.10931396484375,1766495003.024487
Stats/P_avg,112600,0.145263671875,1766495113.6297922
Stats/P_avg,112650,0.130126953125,1766495221.9374912
Stats/P_avg,112700,0.148681640625,1766495333.9914186
Stats/P_avg,112750,0.150634765625,1766495448.1337075
Stats/P_avg,112800,0.184326171875,1766495559.4178724
Stats/P_avg,112850,0.1439208984375,1766495672.9117618
Stats/P_avg,112900,0.143310546875,1766495780.8065753
Stats/P_avg,112950,0.150146484375,1766495891.6944718
Stats/P_avg,113000,0.12127685546875,1766496004.815986
Stats/P_avg,113050,0.16552734375,1766496118.1453595
Stats/P_avg,113100,0.1558837890625,1766496233.081283
Stats/P_avg,113150,0.143310546875,1766496342.8304355
Stats/P_avg,113200,0.14453125,1766496455.71675
Stats/P_avg,113250,0.13720703125,1766496569.2279725
Stats/P_avg,113300,0.126953125,1766496683.1778398
Stats/P_avg,113350,0.1959228515625,1766496795.6408975
Stats/P_avg,113400,0.1822509765625,1766496909.0825953
Stats/P_avg,113450,0.158935546875,1766497020.3909419
Stats/P_avg,113500,0.15087890625,1766497131.1265929
Stats/P_avg,113550,0.148193359375,1766497241.7589548
Stats/P_avg,113600,0.2059326171875,1766497354.9980874
Stats/P_avg,113650,0.12286376953125,1766497465.3489783
Stats/P_avg,113700,0.125732421875,1766497579.1396327
Stats/P_avg,113750,0.169189453125,1766497696.6598637
Stats/P_avg,113800,0.1485595703125,1766497806.3561428
Stats/P_avg,113850,0.1396484375,1766497918.8915937
Stats/P_avg,113900,0.15087890625,1766498033.1471274
Stats/P_avg,113950,0.2022705078125,1766498144.898515
Stats/P_avg,114000,0.1328125,1766498254.0076072
Stats/P_avg,114050,0.1346435546875,1766498365.8381593
Stats/P_avg,114100,0.16552734375,1766498478.0284486
Stats/P_avg,114150,0.2086181640625,1766498590.3282676
Stats/P_avg,114200,0.15576171875,1766498707.006878
Stats/P_avg,114250,0.1702880859375,1766498816.8390558
Stats/P_avg,114300,0.173095703125,1766498925.8806853
Stats/P_avg,114350,0.139404296875,1766499034.75283
Stats/P_avg,114400,0.150390625,1766499149.6201148
Stats/P_avg,114450,0.1580810546875,1766499263.2293484
Stats/P_avg,114500,0.1405029296875,1766499376.9586146
Stats/P_avg,114550,0.1685791015625,1766499488.6617234
Stats/P_avg,114600,0.1588134765625,1766499598.9984617
Stats/P_avg,114650,0.1400146484375,1766499712.8439639
Stats/P_avg,114700,0.1634521484375,1766499822.3062644
Stats/P_avg,114750,0.12939453125,1766499932.1441948
Stats/P_avg,114800,0.13671875,1766500048.454967
Stats/P_avg,114850,0.16015625,1766500161.2001348
Stats/P_avg,114900,0.130615234375,1766500274.8700585
Stats/P_avg,114950,0.1468505859375,1766500387.9885483
Stats/P_avg,115000,0.12274169921875,1766500501.264135
Stats/P_avg,115050,0.2091064453125,1766500615.091235
Stats/P_avg,115100,0.12384033203125,1766500729.8608954
Stats/P_avg,115150,0.2147216796875,1766500844.029044
Stats/P_avg,115200,0.1832275390625,1766500956.260987
Stats/P_avg,115250,0.12457275390625,1766501068.114686
Stats/P_avg,115300,0.165283203125,1766501181.0008307
Stats/P_avg,115350,0.1766357421875,1766501290.5805287
Stats/P_avg,115400,0.16015625,1766501404.2700753
Stats/P_avg,115450,0.1776123046875,1766501512.6287537
Stats/P_avg,115500,0.1473388671875,1766501622.7577617
Stats/P_avg,115550,0.1668701171875,1766501735.7610197
Stats/P_avg,115600,0.13427734375,1766501842.164599
Stats/P_avg,115650,0.1419677734375,1766501953.6877604
Stats/P_avg,115700,0.145751953125,1766502068.3611581
Stats/P_avg,115750,0.1129150390625,1766502177.2953203
Stats/P_avg,115800,0.2012939453125,1766502290.2802389
Stats/P_avg,115850,0.15478515625,1766502402.9546065
Stats/P_avg,115900,0.1455078125,1766502515.7459254
Stats/P_avg,115950,0.167236328125,1766502628.4565258
Stats/P_avg,116000,0.19970703125,1766502739.182605
Stats/P_avg,116050,0.11260986328125,1766502854.4548526
Stats/P_avg,116100,0.122314453125,1766502965.3460522
Stats/P_avg,116150,0.1385498046875,1766503075.3082933
Stats/P_avg,116200,0.144775390625,1766503189.8240287
Stats/P_avg,116250,0.1343994140625,1766503307.4486053
Stats/P_avg,116300,0.1419677734375,1766503421.85473
Stats/P_avg,116350,0.158447265625,1766503535.5670497
Stats/P_avg,116400,0.1873779296875,1766503649.1901057
Stats/P_avg,116450,0.1822509765625,1766503763.5050561
Stats/P_avg,116500,0.229736328125,1766503872.3613899
Stats/P_avg,116550,0.136962890625,1766503984.3073163
Stats/P_avg,116600,0.11907958984375,1766504098.918975
Stats/P_avg,116650,0.1417236328125,1766504213.0303142
Stats/P_avg,116700,0.1822509765625,1766504327.9933672
Stats/P_avg,116750,0.140869140625,1766504441.4255083
Stats/P_avg,116800,0.142578125,1766504553.3186097
Stats/P_avg,116850,0.129638671875,1766504665.4171238
Stats/P_avg,116900,0.2083740234375,1766504776.8627095
Stats/P_avg,116950,0.1514892578125,1766504890.2806528
Stats/P_avg,117000,0.1685791015625,1766505002.1987965
Stats/P_avg,117050,0.1265869140625,1766505116.0056243
Stats/P_avg,117100,0.2548828125,1766505226.1141827
Stats/P_avg,117150,0.121826171875,1766505336.7168922
Stats/P_avg,117200,0.1397705078125,1766505447.326119
Stats/P_avg,117250,0.1287841796875,1766505558.7877476
Stats/P_avg,117300,0.162841796875,1766505670.1083477
Stats/P_avg,117350,0.1591796875,1766505780.7232356
Stats/P_avg,117400,0.1585693359375,1766505892.8169343
Stats/P_avg,117450,0.17333984375,1766506001.843819
Stats/P_avg,117500,0.156005859375,1766506114.6689384
Stats/P_avg,117550,0.1026611328125,1766506229.1095557
Stats/P_avg,117600,0.1341552734375,1766506342.5178187
Stats/P_avg,117650,0.133544921875,1766506456.1110182
Stats/P_avg,117700,0.1639404296875,1766506567.1629095
Stats/P_avg,117750,0.146240234375,1766506675.8944178
Stats/P_avg,117800,0.126708984375,1766506788.6271505
Stats/P_avg,117850,0.1390380859375,1766506901.5003936
Stats/P_avg,117900,0.13232421875,1766507016.7193031
Stats/P_avg,117950,0.1851806640625,1766507127.4225674
Stats/P_avg,118000,0.1435546875,1766507240.4772396
Stats/P_avg,118050,0.1737060546875,1766507353.6156373
Stats/P_avg,118100,0.1531982421875,1766507467.6499262
Stats/P_avg,118150,0.1585693359375,1766507579.9496996
Stats/P_avg,118200,0.159912109375,1766507691.196312
Stats/P_avg,118250,0.2442626953125,1766507800.939821
Stats/P_avg,118300,0.1143798828125,1766507914.672364
Stats/P_avg,118350,0.131591796875,1766508025.3812454
Stats/P_avg,118400,0.12481689453125,1766508137.9087894
Stats/P_avg,118450,0.128662109375,1766508248.0188043
Stats/P_avg,118500,0.15673828125,1766508361.582549
Stats/P_avg,118550,0.11737060546875,1766508471.7115526
Stats/P_avg,118600,0.18212890625,1766508585.4106843
Stats/P_avg,118650,0.1337890625,1766508700.972801
Stats/P_avg,118700,0.1353759765625,1766508815.7099402
Stats/P_avg,118750,0.129638671875,1766508928.8126822
Stats/P_avg,118800,0.1439208984375,1766509039.2310038
Stats/P_avg,118850,0.11004638671875,1766509152.055608
Stats/P_avg,118900,0.12451171875,1766509262.6162417
Stats/P_avg,118950,0.11944580078125,1766509377.1827104
Stats/P_avg,119000,0.18359375,1766509491.0294154
Stats/P_avg,119050,0.1297607421875,1766509606.5538003
Stats/P_avg,119100,0.1793212890625,1766509718.2666743
Stats/P_avg,119150,0.12078857421875,1766509828.6797395
Stats/P_avg,119200,0.10772705078125,1766509939.982713
Stats/P_avg,119250,0.1370849609375,1766510051.9707205
Stats/P_avg,119300,0.16015625,1766510162.9759429
Stats/P_avg,119350,0.1298828125,1766510273.914177
Stats/P_avg,119400,0.150634765625,1766510385.6303663
Stats/P_avg,119450,0.1251220703125,1766510498.152509
Stats/P_avg,119500,0.164794921875,1766510611.3736615
Stats/P_avg,119550,0.12890625,1766510725.72962
Stats/P_avg,119600,0.1373291015625,1766510837.6576436
Stats/P_avg,119650,0.1561279296875,1766510950.2261186
Stats/P_avg,119700,0.197998046875,1766511061.4885106
Stats/P_avg,119750,0.1982421875,1766511174.3506253
Stats/P_avg,119800,0.199951171875,1766511283.6550903
Stats/P_avg,119850,0.119873046875,1766511399.2481534
Stats/P_avg,119900,0.197998046875,1766511513.4830852
Stats/P_avg,119950,0.1317138671875,1766511627.0442977
Stats/P_avg,120000,0.14013671875,1766511739.861679
Stats/P_avg,120050,0.17822265625,1766511853.5983696
Stats/P_avg,120100,0.1383056640625,1766511967.7270246
Stats/P_avg,120150,0.1387939453125,1766512078.4733298
Stats/P_avg,120200,0.1380615234375,1766512192.657298
Stats/P_avg,120250,0.197509765625,1766512306.493241
Stats/P_avg,120300,0.14306640625,1766512416.659044
Stats/P_avg,120350,0.1658935546875,1766512530.8827567
Stats/P_avg,120400,0.142578125,1766512645.375077
Stats/P_avg,120450,0.1561279296875,1766512757.6761482
Stats/P_avg,120500,0.127197265625,1766512872.8790603
Stats/P_avg,120550,0.1524658203125,1766512984.4178746
Stats/P_avg,120600,0.1151123046875,1766513096.3600554
Stats/P_avg,120650,0.167236328125,1766513206.750162
Stats/P_avg,120700,0.157958984375,1766513314.8433034
Stats/P_avg,120750,0.161376953125,1766513428.4202797
Stats/P_avg,120800,0.15234375,1766513539.2256093
Stats/P_avg,120850,0.17333984375,1766513651.532972
Stats/P_avg,120900,0.1424560546875,1766513763.978151
Stats/P_avg,120950,0.1402587890625,1766513873.6139405
Stats/P_avg,121000,0.1322021484375,1766513985.104283
Stats/P_avg,121050,0.181396484375,1766514099.3914886
Stats/P_avg,121100,0.1640625,1766514211.4927797
Stats/P_avg,121150,0.181396484375,1766514323.4831026
Stats/P_avg,121200,0.173583984375,1766514433.451104
Stats/P_avg,121250,0.130859375,1766514545.1787472
Stats/P_avg,121300,0.1556396484375,1766514657.6987972
Stats/P_avg,121350,0.14794921875,1766514772.1337698
Stats/P_avg,121400,0.1256103515625,1766514883.7865381
Stats/P_avg,121450,0.136962890625,1766514995.9175513
Stats/P_avg,121500,0.1510009765625,1766515110.4872046
Stats/P_avg,121550,0.1661376953125,1766515223.6480167
Stats/P_avg,121600,0.11279296875,1766515337.584925
Stats/P_avg,121650,0.1904296875,1766515448.3091757
Stats/P_avg,121700,0.1524658203125,1766515564.5816646
Stats/P_avg,121750,0.138671875,1766515677.3568122
Stats/P_avg,121800,0.13232421875,1766515792.134746
Stats/P_avg,121850,0.1104736328125,1766515903.5895052
Stats/P_avg,121900,0.1158447265625,1766516015.6491745
Stats/P_avg,121950,0.107177734375,1766516128.0842946
Stats/P_avg,122000,0.156005859375,1766516236.6198177
Stats/P_avg,122050,0.10498046875,1766516348.9680855
Stats/P_avg,122100,0.09869384765625,1766516463.6773984
Stats/P_avg,122150,0.1434326171875,1766516578.3190925
Stats/P_avg,122200,0.1307373046875,1766516689.112611
Stats/P_avg,122250,0.1085205078125,1766516796.191458
Stats/P_avg,122300,0.1390380859375,1766516905.7791324
Stats/P_avg,122350,0.148193359375,1766517017.4006436
Stats/P_avg,122400,0.1121826171875,1766517129.0164366
Stats/P_avg,122450,0.16064453125,1766517243.2924154
Stats/P_avg,122500,0.1494140625,1766517353.9858673
Stats/P_avg,122550,0.1693115234375,1766517466.5862274
Stats/P_avg,122600,0.146728515625,1766517577.6903749
Stats/P_avg,122650,0.1373291015625,1766517688.7885575
Stats/P_avg,122700,0.170654296875,1766517797.833136
Stats/P_avg,122750,0.126220703125,1766517909.774192
Stats/P_avg,122800,0.12164306640625,1766518020.6220016
Stats/P_avg,122850,0.1365966796875,1766518135.028973
Stats/P_avg,122900,0.131591796875,1766518247.6047766
Stats/P_avg,122950,0.1478271484375,1766518361.2937248
Stats/P_avg,123000,0.14599609375,1766518473.045907
Stats/P_avg,123050,0.12432861328125,1766518584.4931364
Stats/P_avg,123100,0.1123046875,1766518697.4440563
Stats/P_avg,123150,0.1353759765625,1766518813.2976463
Stats/P_avg,123200,0.1551513671875,1766518927.396407
Stats/P_avg,123250,0.1827392578125,1766519038.9796522
Stats/P_avg,123300,0.1959228515625,1766519148.2202256
Stats/P_avg,123350,0.1094970703125,1766519262.086469
Stats/P_avg,123400,0.1458740234375,1766519374.5564594
Stats/P_avg,123450,0.1571044921875,1766519486.0711813
Stats/P_avg,123500,0.1759033203125,1766519596.3400536
Stats/P_avg,123550,0.13623046875,1766519706.3610308
Stats/P_avg,123600,0.187255859375,1766519818.9139273
Stats/P_avg,123650,0.1151123046875,1766519935.6085591
Stats/P_avg,123700,0.1400146484375,1766520052.1284447
Stats/P_avg,123750,0.1644287109375,1766520166.5879648
Stats/P_avg,123800,0.136474609375,1766520277.053605
Stats/P_avg,123850,0.12158203125,1766520392.629719
Stats/P_avg,123900,0.169921875,1766520502.9481544
Stats/P_avg,123950,0.1129150390625,1766520618.039533
Stats/P_avg,124000,0.151123046875,1766520729.4512537
Stats/P_avg,124050,0.1219482421875,1766520835.956956
Stats/P_avg,124100,0.128662109375,1766520949.3285728
Stats/P_avg,124150,0.166748046875,1766521062.5364423
Stats/P_avg,124200,0.1298828125,1766521180.8573406
Stats/P_avg,124250,0.12408447265625,1766521289.5667915
Stats/P_avg,124300,0.157470703125,1766521406.497843
Stats/P_avg,124350,0.12176513671875,1766521518.3007011
Stats/P_avg,124400,0.1124267578125,1766521630.2710009
Stats/P_avg,124450,0.10235595703125,1766521743.268937
Stats/P_avg,124500,0.1387939453125,1766521856.254445
Stats/P_avg,124550,0.124267578125,1766521967.8157606
Stats/P_avg,124600,0.1370849609375,1766522081.9667253
Stats/P_avg,124650,0.11358642578125,1766522194.741972
Stats/P_avg,124700,0.125,1766522309.9464517
Stats/P_avg,124750,0.12054443359375,1766522423.5574257
Stats/P_avg,124800,0.1981201171875,1766522538.6766336
Stats/P_avg,124850,0.105224609375,1766522648.861569
Stats/P_avg,124900,0.1182861328125,1766522763.0095286
Stats/P_avg,124950,0.141357421875,1766522873.8184216
Stats/P_avg,125000,0.15869140625,1766522988.8981352
Stats/P_avg,125050,0.1160888671875,1766523102.240261
Stats/P_avg,125100,0.1263427734375,1766523210.4806657
Stats/P_avg,125150,0.11895751953125,1766523328.204058
Stats/P_avg,125200,0.16650390625,1766523434.9212995
Stats/P_avg,125250,0.1181640625,1766523550.887841
Stats/P_avg,125300,0.125732421875,1766523662.0613875
Stats/P_avg,125350,0.1473388671875,1766523774.7405968
Stats/P_avg,125400,0.13671875,1766523881.2942414
Stats/P_avg,125450,0.1776123046875,1766523995.3318684
Stats/P_avg,125500,0.12457275390625,1766524107.360008
Stats/P_avg,125550,0.1361083984375,1766524219.1025648
Stats/P_avg,125600,0.1392822265625,1766524334.0627542
Stats/P_avg,125650,0.144287109375,1766524445.4498873
Stats/P_avg,125700,0.12396240234375,1766524556.6403189
Stats/P_avg,125750,0.12060546875,1766524672.5414984
Stats/P_avg,125800,0.1385498046875,1766524786.435437
Stats/P_avg,125850,0.1826171875,1766524899.161733
Stats/P_avg,125900,0.1455078125,1766525011.9768062
Stats/P_avg,125950,0.165283203125,1766525124.421367
Stats/P_avg,126000,0.217529296875,1766525235.5658634
Stats/P_avg,126050,0.199951171875,1766525345.2023747
Stats/P_avg,126100,0.1856689453125,1766525454.9958196
Stats/P_avg,126150,0.12445068359375,1766525566.322731
Stats/P_avg,126200,0.15869140625,1766525685.2556963
Stats/P_avg,126250,0.12005615234375,1766525796.3713355
Stats/P_avg,126300,0.121826171875,1766525911.6164975
Stats/P_avg,126350,0.11041259765625,1766526028.5931246
Stats/P_avg,126400,0.153564453125,1766526139.533961
Stats/P_avg,126450,0.1279296875,1766526247.263548
Stats/P_avg,126500,0.1192626953125,1766526361.2535276
Stats/P_avg,126550,0.1544189453125,1766526474.5976644
Stats/P_avg,126600,0.1143798828125,1766526585.6478992
Stats/P_avg,126650,0.1527099609375,1766526695.2380805
Stats/P_avg,126700,0.1873779296875,1766526805.6737564
Stats/P_avg,126750,0.103759765625,1766526918.7641046
Stats/P_avg,126800,0.1541748046875,1766527030.8443549
Stats/P_avg,126850,0.10986328125,1766527142.636648
Stats/P_avg,126900,0.09716796875,1766527256.2327094
Stats/P_avg,126950,0.1923828125,1766527368.116011
Stats/P_avg,127000,0.1240234375,1766527479.0449703
Stats/P_avg,127050,0.1466064453125,1766527594.215691
Stats/P_avg,127100,0.156982421875,1766527707.0929525
Stats/P_avg,127150,0.1046142578125,1766527820.4046433
Stats/P_avg,127200,0.14990234375,1766527933.4035687
Stats/P_avg,127250,0.144287109375,1766528045.8992598
Stats/P_avg,127300,0.180908203125,1766528158.8870938
Stats/P_avg,127350,0.2093505859375,1766528273.2117004
Stats/P_avg,127400,0.1527099609375,1766528386.3008952
Stats/P_avg,127450,0.1527099609375,1766528496.1473467
Stats/P_avg,127500,0.12225341796875,1766528611.431554
Stats/P_avg,127550,0.173828125,1766528724.2654514
Stats/P_avg,127600,0.1336669921875,1766528838.7702928
Stats/P_avg,127650,0.1544189453125,1766528951.059388
Stats/P_avg,127700,0.1396484375,1766529062.746
Stats/P_avg,127750,0.11016845703125,1766529177.117551
Stats/P_avg,127800,0.104248046875,1766529292.0967724
Stats/P_avg,127850,0.130126953125,1766529403.114033
Stats/P_avg,127900,0.1337890625,1766529513.2109885
Stats/P_avg,127950,0.1607666015625,1766529625.4483917
Stats/P_avg,128000,0.1717529296875,1766529738.1068258
Stats/P_avg,128050,0.150390625,1766529847.6442702
Stats/P_avg,128100,0.1044921875,1766529962.524356
Stats/P_avg,128150,0.152587890625,1766530075.4915748
Stats/P_avg,128200,0.1444091796875,1766530182.1246357
Stats/P_avg,128250,0.139892578125,1766530297.8955088
Stats/P_avg,128300,0.134765625,1766530408.457689
Stats/P_avg,128350,0.1187744140625,1766530525.5323136
Stats/P_avg,128400,0.155517578125,1766530637.0976422
Stats/P_avg,128450,0.1705322265625,1766530753.9050875
Stats/P_avg,128500,0.1163330078125,1766530863.273343
Stats/P_avg,128550,0.185791015625,1766530975.240792
Stats/P_avg,128600,0.10211181640625,1766531086.5940933
Stats/P_avg,128650,0.1290283203125,1766531200.4443717
Stats/P_avg,128700,0.159423828125,1766531311.6152866
Stats/P_avg,128750,0.10223388671875,1766531424.9202282
Stats/P_avg,128800,0.157958984375,1766531541.617476
Stats/P_avg,128850,0.1278076171875,1766531657.5283868
Stats/P_avg,128900,0.19921875,1766531769.4780943
Stats/P_avg,128950,0.15771484375,1766531881.5072427
Stats/P_avg,129000,0.1182861328125,1766531989.2895513
Stats/P_avg,129050,0.148193359375,1766532097.3399181
Stats/P_avg,129100,0.126953125,1766532211.0088427
Stats/P_avg,129150,0.1171875,1766532326.3026376
Stats/P_avg,129200,0.1427001953125,1766532441.9916687
Stats/P_avg,129250,0.16796875,1766532556.1271513
Stats/P_avg,129300,0.132568359375,1766532668.9964857
Stats/P_avg,129350,0.1153564453125,1766532782.6141355
Stats/P_avg,129400,0.1492919921875,1766532898.846508
Stats/P_avg,129450,0.1773681640625,1766533015.600745
Stats/P_avg,129500,0.1707763671875,1766533133.969383
Stats/P_avg,129550,0.1162109375,1766533245.6087725
Stats/P_avg,129600,0.1402587890625,1766533354.8024273
Stats/P_avg,129650,0.1339111328125,1766533467.2765348
Stats/P_avg,129700,0.148681640625,1766533576.8676755
Stats/P_avg,129750,0.10906982421875,1766533688.3863385
Stats/P_avg,129800,0.1534423828125,1766533804.5868907
Stats/P_avg,129850,0.133056640625,1766533919.0101273
Stats/P_avg,129900,0.11114501953125,1766534033.0551703
Stats/P_avg,129950,0.163330078125,1766534143.5347922
Stats/P_avg,130000,0.11163330078125,1766534256.0791745
Stats/P_avg,130050,0.177490234375,1766534364.396011
Stats/P_avg,130100,0.16796875,1766534478.3496656
Stats/P_avg,130150,0.1824951171875,1766534596.0981877
Stats/P_avg,130200,0.1710205078125,1766534707.7183738
Stats/P_avg,130250,0.212158203125,1766534820.0952628
Stats/P_avg,130300,0.1214599609375,1766534929.3225012
Stats/P_avg,130350,0.1240234375,1766535039.9428465
Stats/P_avg,130400,0.11248779296875,1766535154.788311
Stats/P_avg,130450,0.1524658203125,1766535265.9298599
Stats/P_avg,130500,0.20947265625,1766535377.5258949
Stats/P_avg,130550,0.1732177734375,1766535488.7018144
Stats/P_avg,130600,0.1256103515625,1766535599.45471
Stats/P_avg,130650,0.11553955078125,1766535712.2733068
Stats/P_avg,130700,0.1373291015625,1766535826.9249864
Stats/P_avg,130750,0.11767578125,1766535940.2383811
Stats/P_avg,130800,0.1746826171875,1766536053.2654157
Stats/P_avg,130850,0.1275634765625,1766536166.8704243
Stats/P_avg,130900,0.11688232421875,1766536279.53379
Stats/P_avg,130950,0.10162353515625,1766536390.951788
Stats/P_avg,131000,0.2177734375,1766536501.1378942
Stats/P_avg,131050,0.1495361328125,1766536612.4920065
Stats/P_avg,131100,0.140380859375,1766536723.8158023
Stats/P_avg,131150,0.1240234375,1766536832.846797
Stats/P_avg,131200,0.17431640625,1766536945.7363427
Stats/P_avg,131250,0.11358642578125,1766537057.8519728
Stats/P_avg,131300,0.12115478515625,1766537166.0488696
Stats/P_avg,131350,0.10321044921875,1766537278.7909873
Stats/P_avg,131400,0.14208984375,1766537391.072283
Stats/P_avg,131450,0.150634765625,1766537505.6463718
Stats/P_avg,131500,0.11724853515625,1766537620.330836
Stats/P_avg,131550,0.2044677734375,1766537732.2726855
Stats/P_avg,131600,0.1317138671875,1766537840.1586137
Stats/P_avg,131650,0.136474609375,1766537953.8479397
Stats/P_avg,131700,0.16015625,1766538068.9554424
Stats/P_avg,131750,0.1851806640625,1766538178.7107935
Stats/P_avg,131800,0.11273193359375,1766538296.3240669
Stats/P_avg,131850,0.134521484375,1766538412.5380094
Stats/P_avg,131900,0.11297607421875,1766538525.309476
Stats/P_avg,131950,0.1114501953125,1766538640.4138958
Stats/P_avg,132000,0.1402587890625,1766538752.2107806
Stats/P_avg,132050,0.153076171875,1766538862.3918371
Stats/P_avg,132100,0.12225341796875,1766538972.114468
Stats/P_avg,132150,0.13916015625,1766539085.684468
Stats/P_avg,132200,0.133544921875,1766539196.703183
Stats/P_avg,132250,0.10919189453125,1766539311.553244
Stats/P_avg,132300,0.11785888671875,1766539430.3789363
Stats/P_avg,132350,0.10711669921875,1766539543.5494726
Stats/P_avg,132400,0.1939697265625,1766539656.1276288
Stats/P_avg,132450,0.1646728515625,1766539765.7813735
Stats/P_avg,132500,0.11102294921875,1766539875.402914
Stats/P_avg,132550,0.190673828125,1766539987.1067452
Stats/P_avg,132600,0.1195068359375,1766540098.962723
Stats/P_avg,132650,0.1663818359375,1766540210.843152
Stats/P_avg,132700,0.147216796875,1766540320.716293
Stats/P_avg,132750,0.146728515625,1766540432.651769
Stats/P_avg,132800,0.16015625,1766540545.7216454
Stats/P_avg,132850,0.1221923828125,1766540655.5568502
Stats/P_avg,132900,0.1456298828125,1766540766.5392666
Stats/P_avg,132950,0.13720703125,1766540885.0080059
Stats/P_avg,133000,0.1151123046875,1766540997.2537198
Stats/P_avg,133050,0.1151123046875,1766541109.5171218
Stats/P_avg,133100,0.11834716796875,1766541220.402143
Stats/P_avg,133150,0.1787109375,1766541332.034126
Stats/P_avg,133200,0.1348876953125,1766541442.8807206
Stats/P_avg,133250,0.103515625,1766541557.4180167
Stats/P_avg,133300,0.173583984375,1766541668.8262792
Stats/P_avg,133350,0.119140625,1766541784.1822183
Stats/P_avg,133400,0.126708984375,1766541900.2812734
Stats/P_avg,133450,0.12054443359375,1766542011.4746494
Stats/P_avg,133500,0.11810302734375,1766542125.9060864
Stats/P_avg,133550,0.1485595703125,1766542241.007202
Stats/P_avg,133600,0.1220703125,1766542353.199935
Stats/P_avg,133650,0.1192626953125,1766542466.9710572
Stats/P_avg,133700,0.1182861328125,1766542580.053973
Stats/P_avg,133750,0.11114501953125,1766542690.6202943
Stats/P_avg,133800,0.1612548828125,1766542804.3805718
Stats/P_avg,133850,0.1688232421875,1766542910.3294146
Stats/P_avg,133900,0.12310791015625,1766543025.5954149
Stats/P_avg,133950,0.1358642578125,1766543136.326531
Stats/P_avg,134000,0.118896484375,1766543246.4077709
Stats/P_avg,134050,0.14404296875,1766543361.7567832
Stats/P_avg,134100,0.1756591796875,1766543473.256012
Stats/P_avg,134150,0.14794921875,1766543581.7364492
Stats/P_avg,134200,0.1240234375,1766543692.9444883
Stats/P_avg,134250,0.11517333984375,1766543806.1103325
Stats/P_avg,134300,0.1143798828125,1766543914.2920456
Stats/P_avg,134350,0.12249755859375,1766544024.5416796
Stats/P_avg,134400,0.179443359375,1766544137.827455
Stats/P_avg,134450,0.1512451171875,1766544254.0370517
Stats/P_avg,134500,0.1630859375,1766544362.3286502
Stats/P_avg,134550,0.11798095703125,1766544475.3473406
Stats/P_avg,134600,0.15966796875,1766544587.025743
Stats/P_avg,134650,0.162109375,1766544700.593301
Stats/P_avg,134700,0.10321044921875,1766544813.460909
Stats/P_avg,134750,0.1405029296875,1766544924.6594133
Stats/P_avg,134800,0.1536865234375,1766545038.6198928
Stats/P_avg,134850,0.137451171875,1766545153.389934
Stats/P_avg,134900,0.11737060546875,1766545268.848453
Stats/P_avg,134950,0.1531982421875,1766545380.577073
Stats/P_avg,135000,0.1473388671875,1766545491.8925102
Stats/P_avg,135050,0.13427734375,1766545601.8288922
Stats/P_avg,135100,0.1497802734375,1766545714.6676593
Stats/P_avg,135150,0.12396240234375,1766545828.3079035
Stats/P_avg,135200,0.1470947265625,1766545939.4376469
Stats/P_avg,135250,0.11517333984375,1766546052.1741574
Stats/P_avg,135300,0.157958984375,1766546164.3770304
Stats/P_avg,135350,0.134765625,1766546275.3448887
Stats/P_avg,135400,0.130126953125,1766546387.5726023
Stats/P_avg,135450,0.1416015625,1766546500.2222311
Stats/P_avg,135500,0.11932373046875,1766546612.1334834
Stats/P_avg,135550,0.1605224609375,1766546724.9100666
Stats/P_avg,135600,0.14599609375,1766546836.671909
Stats/P_avg,135650,0.1470947265625,1766546948.2226064
Stats/P_avg,135700,0.138916015625,1766547059.195388
Stats/P_avg,135750,0.12042236328125,1766547173.4469464
Stats/P_avg,135800,0.1844482421875,1766547282.7587647
Stats/P_avg,135850,0.12646484375,1766547391.3054738
Stats/P_avg,135900,0.149658203125,1766547499.6845205
Stats/P_avg,135950,0.137939453125,1766547609.943755
Stats/P_avg,136000,0.1558837890625,1766547721.937095
Stats/P_avg,136050,0.1959228515625,1766547832.7530282
Stats/P_avg,136100,0.1195068359375,1766547948.2366679
Stats/P_avg,136150,0.117431640625,1766548057.3613675
Stats/P_avg,136200,0.1241455078125,1766548167.6052825
Stats/P_avg,136250,0.1448974609375,1766548277.1032093
Stats/P_avg,136300,0.10577392578125,1766548390.880369
Stats/P_avg,136350,0.1434326171875,1766548501.9842243
Stats/P_avg,136400,0.1573486328125,1766548615.6176746
Stats/P_avg,136450,0.2080078125,1766548725.7394438
Stats/P_avg,136500,0.135498046875,1766548837.3843994
Stats/P_avg,136550,0.157470703125,1766548950.239543
Stats/P_avg,136600,0.125732421875,1766549061.7672737
Stats/P_avg,136650,0.11865234375,1766549174.7875473
Stats/P_avg,136700,0.135009765625,1766549285.6690092
Stats/P_avg,136750,0.1827392578125,1766549397.0591648
Stats/P_avg,136800,0.11138916015625,1766549507.9255786
Stats/P_avg,136850,0.12890625,1766549619.9835505
Stats/P_avg,136900,0.2313232421875,1766549735.9381838
Stats/P_avg,136950,0.1351318359375,1766549847.774748
Stats/P_avg,137000,0.13134765625,1766549962.6539874
Stats/P_avg,137050,0.1331787109375,1766550074.544597
Stats/P_avg,137100,0.12255859375,1766550187.3721075
Stats/P_avg,137150,0.1776123046875,1766550298.923982
Stats/P_avg,137200,0.152587890625,1766550410.50212
Stats/P_avg,137250,0.177734375,1766550520.8558052
Stats/P_avg,137300,0.154541015625,1766550633.8353653
Stats/P_avg,137350,0.1766357421875,1766550740.9248867
Stats/P_avg,137400,0.1263427734375,1766550849.1931262
Stats/P_avg,137450,0.1497802734375,1766550959.9852812
Stats/P_avg,137500,0.1695556640625,1766551077.0747275
Stats/P_avg,137550,0.1231689453125,1766551188.8702564
Stats/P_avg,137600,0.1365966796875,1766551298.8349535
Stats/P_avg,137650,0.1468505859375,1766551409.7598367
Stats/P_avg,137700,0.14306640625,1766551523.9278617
Stats/P_avg,137750,0.1900634765625,1766551637.5392473
Stats/P_avg,137800,0.169921875,1766551748.939333
Stats/P_avg,137850,0.19921875,1766551863.7278605
Stats/P_avg,137900,0.1527099609375,1766551975.6166184
Stats/P_avg,137950,0.188720703125,1766552089.5425348
Stats/P_avg,138000,0.182373046875,1766552202.3289287
Stats/P_avg,138050,0.138671875,1766552314.2050316
Stats/P_avg,138100,0.1419677734375,1766552430.1013606
Stats/P_avg,138150,0.092529296875,1766552543.2089097
Stats/P_avg,138200,0.130615234375,1766552656.6339283
Stats/P_avg,138250,0.12469482421875,1766552770.4515853
Stats/P_avg,138300,0.159912109375,1766552883.6578364
Stats/P_avg,138350,0.1405029296875,1766552996.2763555
Stats/P_avg,138400,0.1573486328125,1766553111.4148083
Stats/P_avg,138450,0.1275634765625,1766553223.0652447
Stats/P_avg,138500,0.09613037109375,1766553341.197681
Stats/P_avg,138550,0.1712646484375,1766553453.0879893
Stats/P_avg,138600,0.15771484375,1766553568.1927922
Stats/P_avg,138650,0.140869140625,1766553678.4096951
Stats/P_avg,138700,0.15673828125,1766553791.6460023
Stats/P_avg,138750,0.110107421875,1766553903.1045268
Stats/P_avg,138800,0.167236328125,1766554013.444682
Stats/P_avg,138850,0.1151123046875,1766554127.2231944
Stats/P_avg,138900,0.1475830078125,1766554241.8411744
Stats/P_avg,138950,0.155517578125,1766554355.430731
Stats/P_avg,139000,0.1400146484375,1766554466.1465063
Stats/P_avg,139050,0.167724609375,1766554573.7928073
Stats/P_avg,139100,0.11224365234375,1766554686.3613338
Stats/P_avg,139150,0.1405029296875,1766554797.9399042
Stats/P_avg,139200,0.1844482421875,1766554908.3745086
Stats/P_avg,139250,0.11474609375,1766555023.3527813
Stats/P_avg,139300,0.10516357421875,1766555135.3858542
Stats/P_avg,139350,0.10882568359375,1766555250.5123608
Stats/P_avg,139400,0.1407470703125,1766555362.1925309
Stats/P_avg,139450,0.12176513671875,1766555478.670604
Stats/P_avg,139500,0.1357421875,1766555590.586109
Stats/P_avg,139550,0.16650390625,1766555704.0469725
Stats/P_avg,139600,0.1212158203125,1766555814.3535237
Stats/P_avg,139650,0.1455078125,1766555927.9772139
Stats/P_avg,139700,0.10662841796875,1766556038.9760404
Stats/P_avg,139750,0.126220703125,1766556151.3654618
Stats/P_avg,139800,0.17138671875,1766556263.2877564
Stats/P_avg,139850,0.1824951171875,1766556377.0969336
Stats/P_avg,139900,0.1661376953125,1766556491.3769777
Stats/P_avg,139950,0.15185546875,1766556603.2482789
Stats/P_avg,140000,0.11767578125,1766556717.792532
Stats/P_avg,140050,0.189453125,1766556834.4231296
Stats/P_avg,140100,0.1373291015625,1766556948.9062371
Stats/P_avg,140150,0.130615234375,1766557064.7661338
Stats/P_avg,140200,0.127197265625,1766557176.51656
Stats/P_avg,140250,0.1248779296875,1766557291.4777062
Stats/P_avg,140300,0.1719970703125,1766557405.5690975
Stats/P_avg,140350,0.10540771484375,1766557521.9522514
Stats/P_avg,140400,0.198974609375,1766557633.9315393
Stats/P_avg,140450,0.1412353515625,1766557742.327197
Stats/P_avg,140500,0.164306640625,1766557855.7372708
Stats/P_avg,140550,0.1187744140625,1766557966.5140069
Stats/P_avg,140600,0.1451416015625,1766558075.7339535
Stats/P_avg,140650,0.1649169921875,1766558186.5631008
Stats/P_avg,140700,0.2115478515625,1766558301.0938876
Stats/P_avg,140750,0.1483154296875,1766558411.10966
Stats/P_avg,140800,0.1365966796875,1766558524.370314
Stats/P_avg,140850,0.1484375,1766558633.4658089
Stats/P_avg,140900,0.1728515625,1766558745.6202297
Stats/P_avg,140950,0.159912109375,1766558856.100981
Stats/P_avg,141000,0.1456298828125,1766558967.1828525
Stats/P_avg,141050,0.1617431640625,1766559079.3123364
Stats/P_avg,141100,0.14990234375,1766559191.383633
Stats/P_avg,141150,0.153564453125,1766559304.4663138
Stats/P_avg,141200,0.1561279296875,1766559417.6124403
Stats/P_avg,141250,0.159912109375,1766559530.0627694
Stats/P_avg,141300,0.1566162109375,1766559640.1028032
Stats/P_avg,141350,0.1771240234375,1766559750.6143627
Stats/P_avg,141400,0.26123046875,1766559863.6185453
Stats/P_avg,141450,0.0850830078125,1766559977.2714639
Stats/P_avg,141500,0.1326904296875,1766560087.1522653
Stats/P_avg,141550,0.1756591796875,1766560198.0149937
Stats/P_avg,141600,0.1534423828125,1766560312.0470886
Stats/P_avg,141650,0.1474609375,1766560424.1587594
Stats/P_avg,141700,0.119140625,1766560532.7389245
Stats/P_avg,141750,0.1185302734375,1766560642.4263225
Stats/P_avg,141800,0.2266845703125,1766560760.6062644
Stats/P_avg,141850,0.1331787109375,1766560868.3156831
Stats/P_avg,141900,0.11676025390625,1766560981.0964115
Stats/P_avg,141950,0.154296875,1766561090.2833493
Stats/P_avg,142000,0.1724853515625,1766561203.4049826
Stats/P_avg,142050,0.1998291015625,1766561317.3450527
Stats/P_avg,142100,0.1978759765625,1766561432.366172
Stats/P_avg,142150,0.1370849609375,1766561546.9696276
Stats/P_avg,142200,0.140869140625,1766561659.1123636
Stats/P_avg,142250,0.1461181640625,1766561769.5890274
Stats/P_avg,142300,0.1353759765625,1766561885.4008782
Stats/P_avg,142350,0.1802978515625,1766561997.3531613
Stats/P_avg,142400,0.129150390625,1766562111.5932999
Stats/Learning_Rate,0,9.999999747378752e-05,1766241138.7910068
Stats/Learning_Rate,50,9.999999747378752e-05,1766241251.7528841
Stats/Learning_Rate,100,9.999999747378752e-05,1766241365.1424668
Stats/Learning_Rate,150,9.999999747378752e-05,1766241479.189328
Stats/Learning_Rate,200,9.999999747378752e-05,1766241593.0464327
Stats/Learning_Rate,250,9.999999747378752e-05,1766241707.1524954
Stats/Learning_Rate,300,9.999999747378752e-05,1766241818.0498922
Stats/Learning_Rate,350,9.999999747378752e-05,1766241932.433947
Stats/Learning_Rate,400,9.999999747378752e-05,1766242042.471297
Stats/Learning_Rate,450,9.999999747378752e-05,1766242155.217388
Stats/Learning_Rate,500,9.999999747378752e-05,1766242262.0225084
Stats/Learning_Rate,550,9.999999747378752e-05,1766242374.5750062
Stats/Learning_Rate,600,9.999999747378752e-05,1766242489.8416436
Stats/Learning_Rate,650,9.999999747378752e-05,1766242605.2357433
Stats/Learning_Rate,700,9.999999747378752e-05,1766242719.3561459
Stats/Learning_Rate,750,9.999999747378752e-05,1766242834.7386587
Stats/Learning_Rate,800,9.999999747378752e-05,1766242948.6628723
Stats/Learning_Rate,850,9.999999747378752e-05,1766243060.0461512
Stats/Learning_Rate,900,9.999999747378752e-05,1766243176.9455638
Stats/Learning_Rate,950,9.999999747378752e-05,1766243290.4392784
Stats/Learning_Rate,1000,9.999999747378752e-05,1766243404.6029143
Stats/Learning_Rate,1050,9.999999747378752e-05,1766243518.0721536
Stats/Learning_Rate,1100,9.999999747378752e-05,1766243632.3850367
Stats/Learning_Rate,1150,9.999999747378752e-05,1766243746.7548897
Stats/Learning_Rate,1200,9.999999747378752e-05,1766243859.9371257
Stats/Learning_Rate,1250,9.999999747378752e-05,1766243973.6854813
Stats/Learning_Rate,1300,9.999999747378752e-05,1766244086.995074
Stats/Learning_Rate,1350,9.999999747378752e-05,1766244201.0665762
Stats/Learning_Rate,1400,9.999999747378752e-05,1766244314.091293
Stats/Learning_Rate,1450,9.999999747378752e-05,1766244428.3715608
Stats/Learning_Rate,1500,9.999999747378752e-05,1766244540.748273
Stats/Learning_Rate,1550,9.999999747378752e-05,1766244652.9105382
Stats/Learning_Rate,1600,9.999999747378752e-05,1766244765.5195234
Stats/Learning_Rate,1650,9.999999747378752e-05,1766244875.854556
Stats/Learning_Rate,1700,9.999999747378752e-05,1766244988.3818734
Stats/Learning_Rate,1750,9.999999747378752e-05,1766245104.4564593
Stats/Learning_Rate,1800,9.999999747378752e-05,1766245215.152173
Stats/Learning_Rate,1850,9.999999747378752e-05,1766245328.7008903
Stats/Learning_Rate,1900,9.999999747378752e-05,1766245442.4785402
Stats/Learning_Rate,1950,9.999999747378752e-05,1766245554.0128963
Stats/Learning_Rate,2000,9.999999747378752e-05,1766245670.2608376
Stats/Learning_Rate,2050,9.999999747378752e-05,1766245781.3445892
Stats/Learning_Rate,2100,9.999999747378752e-05,1766245897.0430453
Stats/Learning_Rate,2150,9.999999747378752e-05,1766246007.9672692
Stats/Learning_Rate,2200,9.999999747378752e-05,1766246121.3770857
Stats/Learning_Rate,2250,9.999999747378752e-05,1766246235.066069
Stats/Learning_Rate,2300,9.999999747378752e-05,1766246350.9257343
Stats/Learning_Rate,2350,9.999999747378752e-05,1766246462.0627935
Stats/Learning_Rate,2400,9.999999747378752e-05,1766246577.3856587
Stats/Learning_Rate,2450,9.999999747378752e-05,1766246688.386806
Stats/Learning_Rate,2500,9.999999747378752e-05,1766246802.0411153
Stats/Learning_Rate,2550,9.999999747378752e-05,1766246915.7700098
Stats/Learning_Rate,2600,9.999999747378752e-05,1766247027.583025
Stats/Learning_Rate,2650,9.999999747378752e-05,1766247141.1200655
Stats/Learning_Rate,2700,9.999999747378752e-05,1766247253.90922
Stats/Learning_Rate,2750,9.999999747378752e-05,1766247365.9636917
Stats/Learning_Rate,2800,9.999999747378752e-05,1766247481.0068197
Stats/Learning_Rate,2850,9.999999747378752e-05,1766247596.6610546
Stats/Learning_Rate,2900,9.999999747378752e-05,1766247707.947245
Stats/Learning_Rate,2950,9.999999747378752e-05,1766247820.8210268
Stats/Learning_Rate,3000,9.999999747378752e-05,1766247933.9544919
Stats/Learning_Rate,3050,9.999999747378752e-05,1766248046.0270374
Stats/Learning_Rate,3100,9.999999747378752e-05,1766248157.4842944
Stats/Learning_Rate,3150,9.999999747378752e-05,1766248272.0484717
Stats/Learning_Rate,3200,9.999999747378752e-05,1766248380.2576253
Stats/Learning_Rate,3250,9.999999747378752e-05,1766248487.156614
Stats/Learning_Rate,3300,9.999999747378752e-05,1766248597.2874184
Stats/Learning_Rate,3350,9.999999747378752e-05,1766248709.8027835
Stats/Learning_Rate,3400,9.999999747378752e-05,1766248826.728366
Stats/Learning_Rate,3450,9.999999747378752e-05,1766248938.0749195
Stats/Learning_Rate,3500,9.999999747378752e-05,1766249051.7256632
Stats/Learning_Rate,3550,9.999999747378752e-05,1766249162.532857
Stats/Learning_Rate,3600,9.999999747378752e-05,1766249275.0506704
Stats/Learning_Rate,3650,9.999999747378752e-05,1766249390.268196
Stats/Learning_Rate,3700,9.999999747378752e-05,1766249504.0265296
Stats/Learning_Rate,3750,9.999999747378752e-05,1766249618.0621722
Stats/Learning_Rate,3800,9.999999747378752e-05,1766249731.680087
Stats/Learning_Rate,3850,9.999999747378752e-05,1766249847.1326954
Stats/Learning_Rate,3900,9.999999747378752e-05,1766249959.885557
Stats/Learning_Rate,3950,9.999999747378752e-05,1766250073.737964
Stats/Learning_Rate,4000,9.999999747378752e-05,1766250185.7987335
Stats/Learning_Rate,4050,9.999999747378752e-05,1766250299.6102824
Stats/Learning_Rate,4100,9.999999747378752e-05,1766250415.6191986
Stats/Learning_Rate,4150,9.999999747378752e-05,1766250526.4083622
Stats/Learning_Rate,4200,9.999999747378752e-05,1766250640.9088514
Stats/Learning_Rate,4250,9.999999747378752e-05,1766250751.9506264
Stats/Learning_Rate,4300,9.999999747378752e-05,1766250865.0340805
Stats/Learning_Rate,4350,9.999999747378752e-05,1766250978.5933871
Stats/Learning_Rate,4400,9.999999747378752e-05,1766251093.1718426
Stats/Learning_Rate,4450,9.999999747378752e-05,1766251206.2797508
Stats/Learning_Rate,4500,9.999999747378752e-05,1766251319.692007
Stats/Learning_Rate,4550,9.999999747378752e-05,1766251431.8323252
Stats/Learning_Rate,4600,9.999999747378752e-05,1766251547.5794919
Stats/Learning_Rate,4650,9.999999747378752e-05,1766251663.818014
Stats/Learning_Rate,4700,9.999999747378752e-05,1766251776.9863942
Stats/Learning_Rate,4750,9.999999747378752e-05,1766251892.4571013
Stats/Learning_Rate,4800,9.999999747378752e-05,1766252006.9914227
Stats/Learning_Rate,4850,9.999999747378752e-05,1766252122.091781
Stats/Learning_Rate,4900,9.999999747378752e-05,1766252232.6563318
Stats/Learning_Rate,4950,9.999999747378752e-05,1766252346.1704428
Stats/Learning_Rate,5000,9.999999747378752e-05,1766252459.1347811
Stats/Learning_Rate,5050,9.999999747378752e-05,1766252572.7205327
Stats/Learning_Rate,5100,9.999999747378752e-05,1766252685.0603082
Stats/Learning_Rate,5150,9.999999747378752e-05,1766252802.0909178
Stats/Learning_Rate,5200,9.999999747378752e-05,1766252911.4587405
Stats/Learning_Rate,5250,9.999999747378752e-05,1766253025.8807662
Stats/Learning_Rate,5300,9.999999747378752e-05,1766253135.6351464
Stats/Learning_Rate,5350,9.999999747378752e-05,1766253250.4907644
Stats/Learning_Rate,5400,9.999999747378752e-05,1766253365.2724113
Stats/Learning_Rate,5450,9.999999747378752e-05,1766253480.319309
Stats/Learning_Rate,5500,9.999999747378752e-05,1766253597.0925093
Stats/Learning_Rate,5550,9.999999747378752e-05,1766253707.760093
Stats/Learning_Rate,5600,9.999999747378752e-05,1766253821.8458378
Stats/Learning_Rate,5650,9.999999747378752e-05,1766253935.6426303
Stats/Learning_Rate,5700,9.999999747378752e-05,1766254045.3945618
Stats/Learning_Rate,5750,9.999999747378752e-05,1766254158.1102655
Stats/Learning_Rate,5800,9.999999747378752e-05,1766254268.8991046
Stats/Learning_Rate,5850,9.999999747378752e-05,1766254381.7026155
Stats/Learning_Rate,5900,9.999999747378752e-05,1766254494.4166508
Stats/Learning_Rate,5950,9.999999747378752e-05,1766254606.0361254
Stats/Learning_Rate,6000,9.999999747378752e-05,1766254717.0426428
Stats/Learning_Rate,6050,9.999999747378752e-05,1766254831.7102282
Stats/Learning_Rate,6100,9.999999747378752e-05,1766254947.8935897
Stats/Learning_Rate,6150,9.999999747378752e-05,1766255059.1293886
Stats/Learning_Rate,6200,9.999999747378752e-05,1766255172.1976573
Stats/Learning_Rate,6250,9.999999747378752e-05,1766255282.2567685
Stats/Learning_Rate,6300,9.999999747378752e-05,1766255395.0167134
Stats/Learning_Rate,6350,9.999999747378752e-05,1766255504.4314063
Stats/Learning_Rate,6400,9.999999747378752e-05,1766255618.5565262
Stats/Learning_Rate,6450,9.999999747378752e-05,1766255734.9771185
Stats/Learning_Rate,6500,9.999999747378752e-05,1766255847.4222775
Stats/Learning_Rate,6550,9.999999747378752e-05,1766255962.7253516
Stats/Learning_Rate,6600,9.999999747378752e-05,1766256073.201653
Stats/Learning_Rate,6650,9.999999747378752e-05,1766256185.726889
Stats/Learning_Rate,6700,9.999999747378752e-05,1766256299.7678165
Stats/Learning_Rate,6750,9.999999747378752e-05,1766256415.2267466
Stats/Learning_Rate,6800,9.999999747378752e-05,1766256524.1737607
Stats/Learning_Rate,6850,9.999999747378752e-05,1766256636.9443839
Stats/Learning_Rate,6900,9.999999747378752e-05,1766256751.8714328
Stats/Learning_Rate,6950,9.999999747378752e-05,1766256863.376303
Stats/Learning_Rate,7000,9.999999747378752e-05,1766256976.7818835
Stats/Learning_Rate,7050,9.999999747378752e-05,1766257087.7775898
Stats/Learning_Rate,7100,9.999999747378752e-05,1766257198.5925446
Stats/Learning_Rate,7150,9.999999747378752e-05,1766257308.4493465
Stats/Learning_Rate,7200,9.999999747378752e-05,1766257422.0032744
Stats/Learning_Rate,7250,9.999999747378752e-05,1766257532.2497942
Stats/Learning_Rate,7300,9.999999747378752e-05,1766257642.7873135
Stats/Learning_Rate,7350,9.999999747378752e-05,1766257751.403636
Stats/Learning_Rate,7400,9.999999747378752e-05,1766257862.009358
Stats/Learning_Rate,7450,9.999999747378752e-05,1766257977.487664
Stats/Learning_Rate,7500,9.999999747378752e-05,1766258086.413303
Stats/Learning_Rate,7550,9.999999747378752e-05,1766258197.4205842
Stats/Learning_Rate,7600,9.999999747378752e-05,1766258307.1720195
Stats/Learning_Rate,7650,9.999999747378752e-05,1766258417.208191
Stats/Learning_Rate,7700,9.999999747378752e-05,1766258528.7179806
Stats/Learning_Rate,7750,9.999999747378752e-05,1766258640.248879
Stats/Learning_Rate,7800,9.999999747378752e-05,1766258756.7832286
Stats/Learning_Rate,7850,9.999999747378752e-05,1766258869.4789767
Stats/Learning_Rate,7900,9.999999747378752e-05,1766258983.9434865
Stats/Learning_Rate,7950,9.999999747378752e-05,1766259096.5246177
Stats/Learning_Rate,8000,9.999999747378752e-05,1766259209.9861965
Stats/Learning_Rate,8050,9.999999747378752e-05,1766259322.3277884
Stats/Learning_Rate,8100,9.999999747378752e-05,1766259433.0510523
Stats/Learning_Rate,8150,9.999999747378752e-05,1766259543.282341
Stats/Learning_Rate,8200,9.999999747378752e-05,1766259655.5107133
Stats/Learning_Rate,8250,9.999999747378752e-05,1766259767.0050073
Stats/Learning_Rate,8300,9.999999747378752e-05,1766259879.356036
Stats/Learning_Rate,8350,9.999999747378752e-05,1766259990.8127623
Stats/Learning_Rate,8400,9.999999747378752e-05,1766260100.6134262
Stats/Learning_Rate,8450,9.999999747378752e-05,1766260217.0005279
Stats/Learning_Rate,8500,9.999999747378752e-05,1766260328.9524417
Stats/Learning_Rate,8550,9.999999747378752e-05,1766260441.3855803
Stats/Learning_Rate,8600,9.999999747378752e-05,1766260550.6623573
Stats/Learning_Rate,8650,9.999999747378752e-05,1766260663.1669128
Stats/Learning_Rate,8700,9.999999747378752e-05,1766260775.828857
Stats/Learning_Rate,8750,9.999999747378752e-05,1766260888.8044703
Stats/Learning_Rate,8800,9.999999747378752e-05,1766261004.3720887
Stats/Learning_Rate,8850,9.999999747378752e-05,1766261118.1328328
Stats/Learning_Rate,8900,9.999999747378752e-05,1766261230.3927329
Stats/Learning_Rate,8950,9.999999747378752e-05,1766261343.7939007
Stats/Learning_Rate,9000,9.999999747378752e-05,1766261460.8570893
Stats/Learning_Rate,9050,9.999999747378752e-05,1766261576.0477896
Stats/Learning_Rate,9100,9.999999747378752e-05,1766261690.9856522
Stats/Learning_Rate,9150,9.999999747378752e-05,1766261803.7247262
Stats/Learning_Rate,9200,9.999999747378752e-05,1766261917.7397535
Stats/Learning_Rate,9250,9.999999747378752e-05,1766262031.4303083
Stats/Learning_Rate,9300,9.999999747378752e-05,1766262145.6992779
Stats/Learning_Rate,9350,9.999999747378752e-05,1766262260.1695478
Stats/Learning_Rate,9400,9.999999747378752e-05,1766262371.8486643
Stats/Learning_Rate,9450,9.999999747378752e-05,1766262481.9960425
Stats/Learning_Rate,9500,9.999999747378752e-05,1766262592.9446352
Stats/Learning_Rate,9550,9.999999747378752e-05,1766262703.922024
Stats/Learning_Rate,9600,9.999999747378752e-05,1766262814.9580076
Stats/Learning_Rate,9650,9.999999747378752e-05,1766262927.3268914
Stats/Learning_Rate,9700,9.999999747378752e-05,1766263037.3637109
Stats/Learning_Rate,9750,9.999999747378752e-05,1766263150.2550607
Stats/Learning_Rate,9800,9.999999747378752e-05,1766263263.123156
Stats/Learning_Rate,9850,9.999999747378752e-05,1766263376.1489267
Stats/Learning_Rate,9900,9.999999747378752e-05,1766263487.406813
Stats/Learning_Rate,9950,9.999999747378752e-05,1766263603.1661832
Stats/Learning_Rate,10000,9.999999747378752e-05,1766263715.3958132
Stats/Learning_Rate,10050,9.999999747378752e-05,1766263823.7191463
Stats/Learning_Rate,10100,9.999999747378752e-05,1766263937.2538698
Stats/Learning_Rate,10150,9.999999747378752e-05,1766264050.7998164
Stats/Learning_Rate,10200,9.999999747378752e-05,1766264162.2949986
Stats/Learning_Rate,10250,9.999999747378752e-05,1766264270.718119
Stats/Learning_Rate,10300,9.999999747378752e-05,1766264386.618089
Stats/Learning_Rate,10350,9.999999747378752e-05,1766264501.6843653
Stats/Learning_Rate,10400,9.999999747378752e-05,1766264612.701368
Stats/Learning_Rate,10450,9.999999747378752e-05,1766264725.7350962
Stats/Learning_Rate,10500,9.999999747378752e-05,1766264841.540834
Stats/Learning_Rate,10550,9.999999747378752e-05,1766264953.139936
Stats/Learning_Rate,10600,9.999999747378752e-05,1766265066.0301762
Stats/Learning_Rate,10650,9.999999747378752e-05,1766265176.100354
Stats/Learning_Rate,10700,9.999999747378752e-05,1766265287.447297
Stats/Learning_Rate,10750,9.999999747378752e-05,1766265402.6407015
Stats/Learning_Rate,10800,9.999999747378752e-05,1766265518.1847808
Stats/Learning_Rate,10850,9.999999747378752e-05,1766265629.8666406
Stats/Learning_Rate,10900,9.999999747378752e-05,1766265744.342384
Stats/Learning_Rate,10950,9.999999747378752e-05,1766265857.8958063
Stats/Learning_Rate,11000,9.999999747378752e-05,1766265968.807033
Stats/Learning_Rate,11050,9.999999747378752e-05,1766266081.5615294
Stats/Learning_Rate,11100,9.999999747378752e-05,1766266196.6303883
Stats/Learning_Rate,11150,9.999999747378752e-05,1766266307.1198826
Stats/Learning_Rate,11200,9.999999747378752e-05,1766266424.502815
Stats/Learning_Rate,11250,9.999999747378752e-05,1766266535.2251108
Stats/Learning_Rate,11300,9.999999747378752e-05,1766266650.0229359
Stats/Learning_Rate,11350,9.999999747378752e-05,1766266761.4209552
Stats/Learning_Rate,11400,9.999999747378752e-05,1766266874.5836234
Stats/Learning_Rate,11450,9.999999747378752e-05,1766266987.7960167
Stats/Learning_Rate,11500,9.999999747378752e-05,1766267097.892629
Stats/Learning_Rate,11550,9.999999747378752e-05,1766267212.3893924
Stats/Learning_Rate,11600,9.999999747378752e-05,1766267326.3102922
Stats/Learning_Rate,11650,9.999999747378752e-05,1766267436.5236387
Stats/Learning_Rate,11700,9.999999747378752e-05,1766267546.9658663
Stats/Learning_Rate,11750,9.999999747378752e-05,1766267660.741496
Stats/Learning_Rate,11800,9.999999747378752e-05,1766267773.156546
Stats/Learning_Rate,11850,9.999999747378752e-05,1766267889.2546115
Stats/Learning_Rate,11900,9.999999747378752e-05,1766268004.6813989
Stats/Learning_Rate,11950,9.999999747378752e-05,1766268117.4780283
Stats/Learning_Rate,12000,9.999999747378752e-05,1766268229.4085824
Stats/Learning_Rate,12050,9.999999747378752e-05,1766268341.161713
Stats/Learning_Rate,12100,9.999999747378752e-05,1766268455.5480607
Stats/Learning_Rate,12150,9.999999747378752e-05,1766268568.8691106
Stats/Learning_Rate,12200,9.999999747378752e-05,1766268684.6282787
Stats/Learning_Rate,12250,9.999999747378752e-05,1766268798.1573966
Stats/Learning_Rate,12300,9.999999747378752e-05,1766268909.8944507
Stats/Learning_Rate,12350,9.999999747378752e-05,1766269022.510867
Stats/Learning_Rate,12400,9.999999747378752e-05,1766269138.608969
Stats/Learning_Rate,12450,9.999999747378752e-05,1766269252.4347317
Stats/Learning_Rate,12500,9.999999747378752e-05,1766269365.1440926
Stats/Learning_Rate,12550,9.999999747378752e-05,1766269478.3068037
Stats/Learning_Rate,12600,9.999999747378752e-05,1766269591.3257065
Stats/Learning_Rate,12650,9.999999747378752e-05,1766269709.4888878
Stats/Learning_Rate,12700,9.999999747378752e-05,1766269822.2098303
Stats/Learning_Rate,12750,9.999999747378752e-05,1766269935.2374551
Stats/Learning_Rate,12800,9.999999747378752e-05,1766270049.1620448
Stats/Learning_Rate,12850,9.999999747378752e-05,1766270165.2656271
Stats/Learning_Rate,12900,9.999999747378752e-05,1766270273.6218212
Stats/Learning_Rate,12950,9.999999747378752e-05,1766270381.5603578
Stats/Learning_Rate,13000,9.999999747378752e-05,1766270497.7047963
Stats/Learning_Rate,13050,9.999999747378752e-05,1766270610.8389785
Stats/Learning_Rate,13100,9.999999747378752e-05,1766270721.3464143
Stats/Learning_Rate,13150,9.999999747378752e-05,1766270834.79503
Stats/Learning_Rate,13200,9.999999747378752e-05,1766270948.0338984
Stats/Learning_Rate,13250,9.999999747378752e-05,1766271062.707075
Stats/Learning_Rate,13300,9.999999747378752e-05,1766271173.2008471
Stats/Learning_Rate,13350,9.999999747378752e-05,1766271289.3074517
Stats/Learning_Rate,13400,9.999999747378752e-05,1766271399.6315448
Stats/Learning_Rate,13450,9.999999747378752e-05,1766271511.8702233
Stats/Learning_Rate,13500,9.999999747378752e-05,1766271621.4656293
Stats/Learning_Rate,13550,9.999999747378752e-05,1766271731.9526403
Stats/Learning_Rate,13600,9.999999747378752e-05,1766271846.25716
Stats/Learning_Rate,13650,9.999999747378752e-05,1766271959.7556186
Stats/Learning_Rate,13700,9.999999747378752e-05,1766272071.3741386
Stats/Learning_Rate,13750,9.999999747378752e-05,1766272181.6384463
Stats/Learning_Rate,13800,9.999999747378752e-05,1766272292.8262188
Stats/Learning_Rate,13850,9.999999747378752e-05,1766272405.19761
Stats/Learning_Rate,13900,9.999999747378752e-05,1766272513.4315965
Stats/Learning_Rate,13950,9.999999747378752e-05,1766272627.2597675
Stats/Learning_Rate,14000,9.999999747378752e-05,1766272742.5438137
Stats/Learning_Rate,14050,9.999999747378752e-05,1766272857.8701663
Stats/Learning_Rate,14100,9.999999747378752e-05,1766272967.969305
Stats/Learning_Rate,14150,9.999999747378752e-05,1766273082.3264017
Stats/Learning_Rate,14200,9.999999747378752e-05,1766273195.7275345
Stats/Learning_Rate,14250,9.999999747378752e-05,1766273308.8329673
Stats/Learning_Rate,14300,9.999999747378752e-05,1766273420.530663
Stats/Learning_Rate,14350,9.999999747378752e-05,1766273532.8071496
Stats/Learning_Rate,14400,9.999999747378752e-05,1766273645.7789369
Stats/Learning_Rate,14450,9.999999747378752e-05,1766273757.1000493
Stats/Learning_Rate,14500,9.999999747378752e-05,1766273867.545251
Stats/Learning_Rate,14550,9.999999747378752e-05,1766273981.2913902
Stats/Learning_Rate,14600,9.999999747378752e-05,1766274094.8847513
Stats/Learning_Rate,14650,9.999999747378752e-05,1766274207.0436566
Stats/Learning_Rate,14700,9.999999747378752e-05,1766274318.9026427
Stats/Learning_Rate,14750,9.999999747378752e-05,1766274436.1104925
Stats/Learning_Rate,14800,9.999999747378752e-05,1766274550.3445785
Stats/Learning_Rate,14850,9.999999747378752e-05,1766274662.748995
Stats/Learning_Rate,14900,9.999999747378752e-05,1766274776.3071012
Stats/Learning_Rate,14950,9.999999747378752e-05,1766274891.8727357
Stats/Learning_Rate,15000,9.999999747378752e-05,1766275007.6664102
Stats/Learning_Rate,15050,9.999999747378752e-05,1766275119.9809134
Stats/Learning_Rate,15100,9.999999747378752e-05,1766275230.5998194
Stats/Learning_Rate,15150,9.999999747378752e-05,1766275341.7511432
Stats/Learning_Rate,15200,9.999999747378752e-05,1766275455.849793
Stats/Learning_Rate,15250,9.999999747378752e-05,1766275570.5242982
Stats/Learning_Rate,15300,9.999999747378752e-05,1766275682.1783876
Stats/Learning_Rate,15350,9.999999747378752e-05,1766275797.4421825
Stats/Learning_Rate,15400,9.999999747378752e-05,1766275909.1012256
Stats/Learning_Rate,15450,9.999999747378752e-05,1766276023.5489588
Stats/Learning_Rate,15500,9.999999747378752e-05,1766276131.6983132
Stats/Learning_Rate,15550,9.999999747378752e-05,1766276246.197464
Stats/Learning_Rate,15600,9.999999747378752e-05,1766276359.7858176
Stats/Learning_Rate,15650,9.999999747378752e-05,1766276472.300536
Stats/Learning_Rate,15700,9.999999747378752e-05,1766276586.3347554
Stats/Learning_Rate,15750,9.999999747378752e-05,1766276698.3329592
Stats/Learning_Rate,15800,9.999999747378752e-05,1766276808.9329336
Stats/Learning_Rate,15850,9.999999747378752e-05,1766276919.1957412
Stats/Learning_Rate,15900,9.999999747378752e-05,1766277033.812337
Stats/Learning_Rate,15950,9.999999747378752e-05,1766277145.0235646
Stats/Learning_Rate,16000,9.999999747378752e-05,1766277257.9420764
Stats/Learning_Rate,16050,9.999999747378752e-05,1766277370.314685
Stats/Learning_Rate,16100,9.999999747378752e-05,1766277484.790841
Stats/Learning_Rate,16150,9.999999747378752e-05,1766277598.4960022
Stats/Learning_Rate,16200,9.999999747378752e-05,1766277711.5368617
Stats/Learning_Rate,16250,9.999999747378752e-05,1766277825.9053652
Stats/Learning_Rate,16300,9.999999747378752e-05,1766277939.551922
Stats/Learning_Rate,16350,9.999999747378752e-05,1766278053.2023904
Stats/Learning_Rate,16400,9.999999747378752e-05,1766278165.52368
Stats/Learning_Rate,16450,9.999999747378752e-05,1766278278.7794962
Stats/Learning_Rate,16500,9.999999747378752e-05,1766278391.8325806
Stats/Learning_Rate,16550,9.999999747378752e-05,1766278506.33627
Stats/Learning_Rate,16600,9.999999747378752e-05,1766278622.990805
Stats/Learning_Rate,16650,9.999999747378752e-05,1766278734.8221877
Stats/Learning_Rate,16700,9.999999747378752e-05,1766278851.29548
Stats/Learning_Rate,16750,9.999999747378752e-05,1766278963.3779263
Stats/Learning_Rate,16800,9.999999747378752e-05,1766279075.8799555
Stats/Learning_Rate,16850,9.999999747378752e-05,1766279189.7789593
Stats/Learning_Rate,16900,9.999999747378752e-05,1766279305.6357412
Stats/Learning_Rate,16950,9.999999747378752e-05,1766279417.5615158
Stats/Learning_Rate,17000,9.999999747378752e-05,1766279531.5446918
Stats/Learning_Rate,17050,9.999999747378752e-05,1766279642.017946
Stats/Learning_Rate,17100,9.999999747378752e-05,1766279754.286702
Stats/Learning_Rate,17150,9.999999747378752e-05,1766279868.4894798
Stats/Learning_Rate,17200,9.999999747378752e-05,1766279980.9372356
Stats/Learning_Rate,17250,9.999999747378752e-05,1766280093.5912776
Stats/Learning_Rate,17300,9.999999747378752e-05,1766280208.3308444
Stats/Learning_Rate,17350,9.999999747378752e-05,1766280317.1273696
Stats/Learning_Rate,17400,9.999999747378752e-05,1766280426.2841358
Stats/Learning_Rate,17450,9.999999747378752e-05,1766280543.8703945
Stats/Learning_Rate,17500,9.999999747378752e-05,1766280659.5760002
Stats/Learning_Rate,17550,9.999999747378752e-05,1766280770.2990198
Stats/Learning_Rate,17600,9.999999747378752e-05,1766280882.9465313
Stats/Learning_Rate,17650,9.999999747378752e-05,1766280996.0785663
Stats/Learning_Rate,17700,9.999999747378752e-05,1766281114.1189554
Stats/Learning_Rate,17750,9.999999747378752e-05,1766281227.3431032
Stats/Learning_Rate,17800,9.999999747378752e-05,1766281339.012157
Stats/Learning_Rate,17850,9.999999747378752e-05,1766281452.8953118
Stats/Learning_Rate,17900,9.999999747378752e-05,1766281569.9158976
Stats/Learning_Rate,17950,9.999999747378752e-05,1766281679.3798456
Stats/Learning_Rate,18000,9.999999747378752e-05,1766281798.4996326
Stats/Learning_Rate,18050,9.999999747378752e-05,1766281909.6818004
Stats/Learning_Rate,18100,9.999999747378752e-05,1766282023.5023487
Stats/Learning_Rate,18150,9.999999747378752e-05,1766282136.9408946
Stats/Learning_Rate,18200,9.999999747378752e-05,1766282251.2742562
Stats/Learning_Rate,18250,9.999999747378752e-05,1766282359.446253
Stats/Learning_Rate,18300,9.999999747378752e-05,1766282473.0064757
Stats/Learning_Rate,18350,9.999999747378752e-05,1766282587.7435439
Stats/Learning_Rate,18400,9.999999747378752e-05,1766282704.8053024
Stats/Learning_Rate,18450,9.999999747378752e-05,1766282814.7472258
Stats/Learning_Rate,18500,9.999999747378752e-05,1766282926.4487126
Stats/Learning_Rate,18550,9.999999747378752e-05,1766283042.635475
Stats/Learning_Rate,18600,9.999999747378752e-05,1766283156.041568
Stats/Learning_Rate,18650,9.999999747378752e-05,1766283267.63744
Stats/Learning_Rate,18700,9.999999747378752e-05,1766283377.7814765
Stats/Learning_Rate,18750,9.999999747378752e-05,1766283491.7512627
Stats/Learning_Rate,18800,9.999999747378752e-05,1766283606.182203
Stats/Learning_Rate,18850,9.999999747378752e-05,1766283716.7416816
Stats/Learning_Rate,18900,9.999999747378752e-05,1766283830.956556
Stats/Learning_Rate,18950,9.999999747378752e-05,1766283942.5894809
Stats/Learning_Rate,19000,9.999999747378752e-05,1766284054.0882585
Stats/Learning_Rate,19050,9.999999747378752e-05,1766284165.9051816
Stats/Learning_Rate,19100,9.999999747378752e-05,1766284275.051635
Stats/Learning_Rate,19150,9.999999747378752e-05,1766284386.8806686
Stats/Learning_Rate,19200,9.999999747378752e-05,1766284496.2514246
Stats/Learning_Rate,19250,9.999999747378752e-05,1766284608.4981565
Stats/Learning_Rate,19300,9.999999747378752e-05,1766284723.7166638
Stats/Learning_Rate,19350,9.999999747378752e-05,1766284836.7327642
Stats/Learning_Rate,19400,9.999999747378752e-05,1766284951.459532
Stats/Learning_Rate,19450,9.999999747378752e-05,1766285066.5369284
Stats/Learning_Rate,19500,9.999999747378752e-05,1766285175.9106026
Stats/Learning_Rate,19550,9.999999747378752e-05,1766285289.584123
Stats/Learning_Rate,19600,9.999999747378752e-05,1766285405.0801644
Stats/Learning_Rate,19650,9.999999747378752e-05,1766285519.8511786
Stats/Learning_Rate,19700,9.999999747378752e-05,1766285632.704468
Stats/Learning_Rate,19750,9.999999747378752e-05,1766285747.579796
Stats/Learning_Rate,19800,9.999999747378752e-05,1766285860.3262136
Stats/Learning_Rate,19850,9.999999747378752e-05,1766285972.2363598
Stats/Learning_Rate,19900,9.999999747378752e-05,1766286081.2696455
Stats/Learning_Rate,19950,9.999999747378752e-05,1766286196.57662
Stats/Learning_Rate,20000,9.999999747378752e-05,1766286308.9648836
Stats/Learning_Rate,20050,9.999999747378752e-05,1766286423.5696385
Stats/Learning_Rate,20100,9.999999747378752e-05,1766286535.8207467
Stats/Learning_Rate,20150,9.999999747378752e-05,1766286649.9013844
Stats/Learning_Rate,20200,9.999999747378752e-05,1766286763.111259
Stats/Learning_Rate,20250,9.999999747378752e-05,1766286871.6826742
Stats/Learning_Rate,20300,9.999999747378752e-05,1766286986.8026059
Stats/Learning_Rate,20350,9.999999747378752e-05,1766287102.0712883
Stats/Learning_Rate,20400,9.999999747378752e-05,1766287216.450058
Stats/Learning_Rate,20450,9.999999747378752e-05,1766287327.303979
Stats/Learning_Rate,20500,9.999999747378752e-05,1766287438.6498046
Stats/Learning_Rate,20550,9.999999747378752e-05,1766287552.9919748
Stats/Learning_Rate,20600,9.999999747378752e-05,1766287668.4459975
Stats/Learning_Rate,20650,9.999999747378752e-05,1766287782.6536305
Stats/Learning_Rate,20700,9.999999747378752e-05,1766287894.6454856
Stats/Learning_Rate,20750,9.999999747378752e-05,1766288007.6784358
Stats/Learning_Rate,20800,9.999999747378752e-05,1766288120.4699574
Stats/Learning_Rate,20850,9.999999747378752e-05,1766288230.8912628
Stats/Learning_Rate,20900,9.999999747378752e-05,1766288346.2401087
Stats/Learning_Rate,20950,9.999999747378752e-05,1766288459.8627937
Stats/Learning_Rate,21000,9.999999747378752e-05,1766288573.9814446
Stats/Learning_Rate,21050,9.999999747378752e-05,1766288687.6627598
Stats/Learning_Rate,21100,9.999999747378752e-05,1766288800.777815
Stats/Learning_Rate,21150,9.999999747378752e-05,1766288911.5564492
Stats/Learning_Rate,21200,9.999999747378752e-05,1766289021.458343
Stats/Learning_Rate,21250,9.999999747378752e-05,1766289133.953606
Stats/Learning_Rate,21300,9.999999747378752e-05,1766289247.0772
Stats/Learning_Rate,21350,9.999999747378752e-05,1766289357.9516134
Stats/Learning_Rate,21400,9.999999747378752e-05,1766289466.7274618
Stats/Learning_Rate,21450,9.999999747378752e-05,1766289579.9447463
Stats/Learning_Rate,21500,9.999999747378752e-05,1766289696.1940784
Stats/Learning_Rate,21550,9.999999747378752e-05,1766289807.500087
Stats/Learning_Rate,21600,9.999999747378752e-05,1766289920.8041406
Stats/Learning_Rate,21650,9.999999747378752e-05,1766290034.377762
Stats/Learning_Rate,21700,9.999999747378752e-05,1766290147.9294417
Stats/Learning_Rate,21750,9.999999747378752e-05,1766290257.0660002
Stats/Learning_Rate,21800,9.999999747378752e-05,1766290368.1984398
Stats/Learning_Rate,21850,9.999999747378752e-05,1766290478.80009
Stats/Learning_Rate,21900,9.999999747378752e-05,1766290593.330295
Stats/Learning_Rate,21950,9.999999747378752e-05,1766290706.6106172
Stats/Learning_Rate,22000,9.999999747378752e-05,1766290820.4026725
Stats/Learning_Rate,22050,9.999999747378752e-05,1766290936.0119386
Stats/Learning_Rate,22100,9.999999747378752e-05,1766291051.6340716
Stats/Learning_Rate,22150,9.999999747378752e-05,1766291165.8624701
Stats/Learning_Rate,22200,9.999999747378752e-05,1766291278.6648786
Stats/Learning_Rate,22250,9.999999747378752e-05,1766291390.168133
Stats/Learning_Rate,22300,9.999999747378752e-05,1766291507.25294
Stats/Learning_Rate,22350,9.999999747378752e-05,1766291619.2633502
Stats/Learning_Rate,22400,9.999999747378752e-05,1766291729.8594902
Stats/Learning_Rate,22450,9.999999747378752e-05,1766291845.8363605
Stats/Learning_Rate,22500,9.999999747378752e-05,1766291956.7493174
Stats/Learning_Rate,22550,9.999999747378752e-05,1766292071.8258579
Stats/Learning_Rate,22600,9.999999747378752e-05,1766292184.8992612
Stats/Learning_Rate,22650,9.999999747378752e-05,1766292295.120148
Stats/Learning_Rate,22700,9.999999747378752e-05,1766292410.600982
Stats/Learning_Rate,22750,9.999999747378752e-05,1766292523.2581086
Stats/Learning_Rate,22800,9.999999747378752e-05,1766292637.423489
Stats/Learning_Rate,22850,9.999999747378752e-05,1766292749.2590592
Stats/Learning_Rate,22900,9.999999747378752e-05,1766292862.6733751
Stats/Learning_Rate,22950,9.999999747378752e-05,1766292975.2773929
Stats/Learning_Rate,23000,9.999999747378752e-05,1766293087.3662581
Stats/Learning_Rate,23050,9.999999747378752e-05,1766293195.576699
Stats/Learning_Rate,23100,9.999999747378752e-05,1766293310.9559796
Stats/Learning_Rate,23150,9.999999747378752e-05,1766293422.4312727
Stats/Learning_Rate,23200,9.999999747378752e-05,1766293536.7929893
Stats/Learning_Rate,23250,9.999999747378752e-05,1766293651.8750675
Stats/Learning_Rate,23300,9.999999747378752e-05,1766293763.365169
Stats/Learning_Rate,23350,9.999999747378752e-05,1766293878.8881466
Stats/Learning_Rate,23400,9.999999747378752e-05,1766293992.6164277
Stats/Learning_Rate,23450,9.999999747378752e-05,1766294108.8024764
Stats/Learning_Rate,23500,9.999999747378752e-05,1766294225.4443545
Stats/Learning_Rate,23550,9.999999747378752e-05,1766294336.5571167
Stats/Learning_Rate,23600,9.999999747378752e-05,1766294449.567351
Stats/Learning_Rate,23650,9.999999747378752e-05,1766294562.2573206
Stats/Learning_Rate,23700,9.999999747378752e-05,1766294673.8182707
Stats/Learning_Rate,23750,9.999999747378752e-05,1766294785.4770098
Stats/Learning_Rate,23800,9.999999747378752e-05,1766294893.9043283
Stats/Learning_Rate,23850,9.999999747378752e-05,1766295005.8006732
Stats/Learning_Rate,23900,9.999999747378752e-05,1766295118.2256298
Stats/Learning_Rate,23950,9.999999747378752e-05,1766295234.473987
Stats/Learning_Rate,24000,9.999999747378752e-05,1766295346.471026
Stats/Learning_Rate,24050,9.999999747378752e-05,1766295461.3762233
Stats/Learning_Rate,24100,9.999999747378752e-05,1766295575.825596
Stats/Learning_Rate,24150,9.999999747378752e-05,1766295687.277114
Stats/Learning_Rate,24200,9.999999747378752e-05,1766295799.7455962
Stats/Learning_Rate,24250,9.999999747378752e-05,1766295912.3193257
Stats/Learning_Rate,24300,9.999999747378752e-05,1766296026.0283623
Stats/Learning_Rate,24350,9.999999747378752e-05,1766296139.199799
Stats/Learning_Rate,24400,9.999999747378752e-05,1766296252.1488752
Stats/Learning_Rate,24450,9.999999747378752e-05,1766296360.516951
Stats/Learning_Rate,24500,9.999999747378752e-05,1766296475.0525498
Stats/Learning_Rate,24550,9.999999747378752e-05,1766296584.0091846
Stats/Learning_Rate,24600,9.999999747378752e-05,1766296700.6683922
Stats/Learning_Rate,24650,9.999999747378752e-05,1766296811.9337513
Stats/Learning_Rate,24700,9.999999747378752e-05,1766296923.621634
Stats/Learning_Rate,24750,9.999999747378752e-05,1766297036.0108657
Stats/Learning_Rate,24800,9.999999747378752e-05,1766297148.940793
Stats/Learning_Rate,24850,9.999999747378752e-05,1766297263.5034013
Stats/Learning_Rate,24900,9.999999747378752e-05,1766297376.3975809
Stats/Learning_Rate,24950,9.999999747378752e-05,1766297489.2561054
Stats/Learning_Rate,25000,9.999999747378752e-05,1766297600.083352
Stats/Learning_Rate,25050,9.999999747378752e-05,1766297709.4532137
Stats/Learning_Rate,25100,9.999999747378752e-05,1766297821.2977157
Stats/Learning_Rate,25150,9.999999747378752e-05,1766297936.616438
Stats/Learning_Rate,25200,9.999999747378752e-05,1766298044.895979
Stats/Learning_Rate,25250,9.999999747378752e-05,1766298156.5180025
Stats/Learning_Rate,25300,9.999999747378752e-05,1766298266.0720356
Stats/Learning_Rate,25350,9.999999747378752e-05,1766298377.469735
Stats/Learning_Rate,25400,9.999999747378752e-05,1766298493.4564507
Stats/Learning_Rate,25450,9.999999747378752e-05,1766298605.8224614
Stats/Learning_Rate,25500,9.999999747378752e-05,1766298717.2875674
Stats/Learning_Rate,25550,9.999999747378752e-05,1766298829.2339227
Stats/Learning_Rate,25600,9.999999747378752e-05,1766298938.2649536
Stats/Learning_Rate,25650,9.999999747378752e-05,1766299050.9663892
Stats/Learning_Rate,25700,9.999999747378752e-05,1766299166.193667
Stats/Learning_Rate,25750,9.999999747378752e-05,1766299278.208741
Stats/Learning_Rate,25800,9.999999747378752e-05,1766299390.6322849
Stats/Learning_Rate,25850,9.999999747378752e-05,1766299506.1675062
Stats/Learning_Rate,25900,9.999999747378752e-05,1766299618.1810367
Stats/Learning_Rate,25950,9.999999747378752e-05,1766299728.3648865
Stats/Learning_Rate,26000,9.999999747378752e-05,1766299843.0755067
Stats/Learning_Rate,26050,9.999999747378752e-05,1766299953.0015492
Stats/Learning_Rate,26100,9.999999747378752e-05,1766300067.2395346
Stats/Learning_Rate,26150,9.999999747378752e-05,1766300180.3393815
Stats/Learning_Rate,26200,9.999999747378752e-05,1766300293.9346523
Stats/Learning_Rate,26250,9.999999747378752e-05,1766300404.6685174
Stats/Learning_Rate,26300,9.999999747378752e-05,1766300518.218401
Stats/Learning_Rate,26350,9.999999747378752e-05,1766300629.517763
Stats/Learning_Rate,26400,9.999999747378752e-05,1766300740.447553
Stats/Learning_Rate,26450,9.999999747378752e-05,1766300853.952076
Stats/Learning_Rate,26500,9.999999747378752e-05,1766300965.7482374
Stats/Learning_Rate,26550,9.999999747378752e-05,1766301080.0014467
Stats/Learning_Rate,26600,9.999999747378752e-05,1766301193.7885458
Stats/Learning_Rate,26650,9.999999747378752e-05,1766301304.2851326
Stats/Learning_Rate,26700,9.999999747378752e-05,1766301419.3751376
Stats/Learning_Rate,26750,9.999999747378752e-05,1766301532.3795128
Stats/Learning_Rate,26800,9.999999747378752e-05,1766301648.1602774
Stats/Learning_Rate,26850,9.999999747378752e-05,1766301760.6762552
Stats/Learning_Rate,26900,9.999999747378752e-05,1766301871.5205405
Stats/Learning_Rate,26950,9.999999747378752e-05,1766301984.726121
Stats/Learning_Rate,27000,9.999999747378752e-05,1766302095.2459304
Stats/Learning_Rate,27050,9.999999747378752e-05,1766302204.5456412
Stats/Learning_Rate,27100,9.999999747378752e-05,1766302319.1776655
Stats/Learning_Rate,27150,9.999999747378752e-05,1766302430.1705143
Stats/Learning_Rate,27200,9.999999747378752e-05,1766302541.9753854
Stats/Learning_Rate,27250,9.999999747378752e-05,1766302657.6463997
Stats/Learning_Rate,27300,9.999999747378752e-05,1766302769.7174518
Stats/Learning_Rate,27350,9.999999747378752e-05,1766302884.529034
Stats/Learning_Rate,27400,9.999999747378752e-05,1766302997.532757
Stats/Learning_Rate,27450,9.999999747378752e-05,1766303110.8509092
Stats/Learning_Rate,27500,9.999999747378752e-05,1766303219.071769
Stats/Learning_Rate,27550,9.999999747378752e-05,1766303334.4895377
Stats/Learning_Rate,27600,9.999999747378752e-05,1766303450.6749876
Stats/Learning_Rate,27650,9.999999747378752e-05,1766303564.9013503
Stats/Learning_Rate,27700,9.999999747378752e-05,1766303677.6476038
Stats/Learning_Rate,27750,9.999999747378752e-05,1766303790.2391481
Stats/Learning_Rate,27800,9.999999747378752e-05,1766303903.6468606
Stats/Learning_Rate,27850,9.999999747378752e-05,1766304013.9768062
Stats/Learning_Rate,27900,9.999999747378752e-05,1766304125.961768
Stats/Learning_Rate,27950,9.999999747378752e-05,1766304240.8085136
Stats/Learning_Rate,28000,9.999999747378752e-05,1766304348.014428
Stats/Learning_Rate,28050,9.999999747378752e-05,1766304459.1894815
Stats/Learning_Rate,28100,9.999999747378752e-05,1766304570.2471979
Stats/Learning_Rate,28150,9.999999747378752e-05,1766304683.4754336
Stats/Learning_Rate,28200,9.999999747378752e-05,1766304796.4468808
Stats/Learning_Rate,28250,9.999999747378752e-05,1766304908.5581486
Stats/Learning_Rate,28300,9.999999747378752e-05,1766305022.7001073
Stats/Learning_Rate,28350,9.999999747378752e-05,1766305128.4389513
Stats/Learning_Rate,28400,9.999999747378752e-05,1766305241.0221124
Stats/Learning_Rate,28450,9.999999747378752e-05,1766305354.85156
Stats/Learning_Rate,28500,9.999999747378752e-05,1766305468.9328866
Stats/Learning_Rate,28550,9.999999747378752e-05,1766305577.7761645
Stats/Learning_Rate,28600,9.999999747378752e-05,1766305689.6387513
Stats/Learning_Rate,28650,9.999999747378752e-05,1766305802.5663497
Stats/Learning_Rate,28700,9.999999747378752e-05,1766305917.0440152
Stats/Learning_Rate,28750,9.999999747378752e-05,1766306031.6711392
Stats/Learning_Rate,28800,9.999999747378752e-05,1766306145.5813537
Stats/Learning_Rate,28850,9.999999747378752e-05,1766306255.9604163
Stats/Learning_Rate,28900,9.999999747378752e-05,1766306368.87456
Stats/Learning_Rate,28950,9.999999747378752e-05,1766306483.2407658
Stats/Learning_Rate,29000,9.999999747378752e-05,1766306596.7908354
Stats/Learning_Rate,29050,9.999999747378752e-05,1766306709.9648604
Stats/Learning_Rate,29100,9.999999747378752e-05,1766306820.248836
Stats/Learning_Rate,29150,9.999999747378752e-05,1766306932.0993948
Stats/Learning_Rate,29200,9.999999747378752e-05,1766307047.0363486
Stats/Learning_Rate,29250,9.999999747378752e-05,1766307158.078713
Stats/Learning_Rate,29300,9.999999747378752e-05,1766307272.6551974
Stats/Learning_Rate,29350,9.999999747378752e-05,1766307388.5475023
Stats/Learning_Rate,29400,9.999999747378752e-05,1766307505.1648996
Stats/Learning_Rate,29450,9.999999747378752e-05,1766307617.508773
Stats/Learning_Rate,29500,9.999999747378752e-05,1766307730.6726525
Stats/Learning_Rate,29550,9.999999747378752e-05,1766307840.9820411
Stats/Learning_Rate,29600,9.999999747378752e-05,1766307954.957569
Stats/Learning_Rate,29650,9.999999747378752e-05,1766308065.4575603
Stats/Learning_Rate,29700,9.999999747378752e-05,1766308178.8673935
Stats/Learning_Rate,29750,9.999999747378752e-05,1766308292.2655516
Stats/Learning_Rate,29800,9.999999747378752e-05,1766308405.1958454
Stats/Learning_Rate,29850,9.999999747378752e-05,1766308516.853117
Stats/Learning_Rate,29900,9.999999747378752e-05,1766308623.6587155
Stats/Learning_Rate,29950,9.999999747378752e-05,1766308735.709781
Stats/Learning_Rate,30000,9.999999747378752e-05,1766308852.6408384
Stats/Learning_Rate,30050,9.999999747378752e-05,1766308966.9861152
Stats/Learning_Rate,30100,9.999999747378752e-05,1766309081.3510668
Stats/Learning_Rate,30150,9.999999747378752e-05,1766309193.9398642
Stats/Learning_Rate,30200,9.999999747378752e-05,1766309311.2108722
Stats/Learning_Rate,30250,9.999999747378752e-05,1766309425.5320003
Stats/Learning_Rate,30300,9.999999747378752e-05,1766309538.0360901
Stats/Learning_Rate,30350,9.999999747378752e-05,1766309652.434681
Stats/Learning_Rate,30400,9.999999747378752e-05,1766309762.0693667
Stats/Learning_Rate,30450,9.999999747378752e-05,1766309874.0177674
Stats/Learning_Rate,30500,9.999999747378752e-05,1766309984.9239826
Stats/Learning_Rate,30550,9.999999747378752e-05,1766310099.7837434
Stats/Learning_Rate,30600,9.999999747378752e-05,1766310213.5683537
Stats/Learning_Rate,30650,9.999999747378752e-05,1766310326.7873857
Stats/Learning_Rate,30700,9.999999747378752e-05,1766310441.3400624
Stats/Learning_Rate,30750,9.999999747378752e-05,1766310553.866164
Stats/Learning_Rate,30800,9.999999747378752e-05,1766310664.3323555
Stats/Learning_Rate,30850,9.999999747378752e-05,1766310775.3306224
Stats/Learning_Rate,30900,9.999999747378752e-05,1766310884.3558748
Stats/Learning_Rate,30950,9.999999747378752e-05,1766310996.131944
Stats/Learning_Rate,31000,9.999999747378752e-05,1766311110.9196837
Stats/Learning_Rate,31050,9.999999747378752e-05,1766311226.5528677
Stats/Learning_Rate,31100,9.999999747378752e-05,1766311335.7779617
Stats/Learning_Rate,31150,9.999999747378752e-05,1766311449.882735
Stats/Learning_Rate,31200,9.999999747378752e-05,1766311563.151411
Stats/Learning_Rate,31250,9.999999747378752e-05,1766311674.6104834
Stats/Learning_Rate,31300,9.999999747378752e-05,1766311787.232469
Stats/Learning_Rate,31350,9.999999747378752e-05,1766311898.901387
Stats/Learning_Rate,31400,9.999999747378752e-05,1766312011.2031739
Stats/Learning_Rate,31450,9.999999747378752e-05,1766312128.5307539
Stats/Learning_Rate,31500,9.999999747378752e-05,1766312244.107713
Stats/Learning_Rate,31550,9.999999747378752e-05,1766312355.984928
Stats/Learning_Rate,31600,9.999999747378752e-05,1766312464.8472097
Stats/Learning_Rate,31650,9.999999747378752e-05,1766312577.7759306
Stats/Learning_Rate,31700,9.999999747378752e-05,1766312691.7149155
Stats/Learning_Rate,31750,9.999999747378752e-05,1766312801.7363646
Stats/Learning_Rate,31800,9.999999747378752e-05,1766312917.2985501
Stats/Learning_Rate,31850,9.999999747378752e-05,1766313023.68559
Stats/Learning_Rate,31900,9.999999747378752e-05,1766313135.4124632
Stats/Learning_Rate,31950,9.999999747378752e-05,1766313249.6128232
Stats/Learning_Rate,32000,9.999999747378752e-05,1766313364.3741715
Stats/Learning_Rate,32050,9.999999747378752e-05,1766313479.285323
Stats/Learning_Rate,32100,9.999999747378752e-05,1766313588.735278
Stats/Learning_Rate,32150,9.999999747378752e-05,1766313698.406375
Stats/Learning_Rate,32200,9.999999747378752e-05,1766313812.8822448
Stats/Learning_Rate,32250,9.999999747378752e-05,1766313928.4713893
Stats/Learning_Rate,32300,9.999999747378752e-05,1766314041.135203
Stats/Learning_Rate,32350,9.999999747378752e-05,1766314153.2914665
Stats/Learning_Rate,32400,9.999999747378752e-05,1766314269.5501027
Stats/Learning_Rate,32450,9.999999747378752e-05,1766314378.9525435
Stats/Learning_Rate,32500,9.999999747378752e-05,1766314493.768308
Stats/Learning_Rate,32550,9.999999747378752e-05,1766314608.1358635
Stats/Learning_Rate,32600,9.999999747378752e-05,1766314722.6856453
Stats/Learning_Rate,32650,9.999999747378752e-05,1766314838.3351233
Stats/Learning_Rate,32700,9.999999747378752e-05,1766314949.8569815
Stats/Learning_Rate,32750,9.999999747378752e-05,1766315063.3108997
Stats/Learning_Rate,32800,9.999999747378752e-05,1766315172.5940359
Stats/Learning_Rate,32850,9.999999747378752e-05,1766315285.290226
Stats/Learning_Rate,32900,9.999999747378752e-05,1766315399.954522
Stats/Learning_Rate,32950,9.999999747378752e-05,1766315513.9988425
Stats/Learning_Rate,33000,9.999999747378752e-05,1766315626.2453706
Stats/Learning_Rate,33050,9.999999747378752e-05,1766315742.3811796
Stats/Learning_Rate,33100,9.999999747378752e-05,1766315856.0555298
Stats/Learning_Rate,33150,9.999999747378752e-05,1766315970.6126597
Stats/Learning_Rate,33200,9.999999747378752e-05,1766316085.3914256
Stats/Learning_Rate,33250,9.999999747378752e-05,1766316199.694381
Stats/Learning_Rate,33300,9.999999747378752e-05,1766316314.4093747
Stats/Learning_Rate,33350,9.999999747378752e-05,1766316429.5433586
Stats/Learning_Rate,33400,9.999999747378752e-05,1766316543.821613
Stats/Learning_Rate,33450,9.999999747378752e-05,1766316657.176947
Stats/Learning_Rate,33500,9.999999747378752e-05,1766316771.2793806
Stats/Learning_Rate,33550,9.999999747378752e-05,1766316884.5611768
Stats/Learning_Rate,33600,9.999999747378752e-05,1766316999.924736
Stats/Learning_Rate,33650,9.999999747378752e-05,1766317113.551984
Stats/Learning_Rate,33700,9.999999747378752e-05,1766317230.6597228
Stats/Learning_Rate,33750,9.999999747378752e-05,1766317347.1672368
Stats/Learning_Rate,33800,9.999999747378752e-05,1766317459.3937395
Stats/Learning_Rate,33850,9.999999747378752e-05,1766317574.2889254
Stats/Learning_Rate,33900,9.999999747378752e-05,1766317684.0234628
Stats/Learning_Rate,33950,9.999999747378752e-05,1766317793.702085
Stats/Learning_Rate,34000,9.999999747378752e-05,1766317907.040587
Stats/Learning_Rate,34050,9.999999747378752e-05,1766318021.0808854
Stats/Learning_Rate,34100,9.999999747378752e-05,1766318131.5914745
Stats/Learning_Rate,34150,9.999999747378752e-05,1766318243.9110806
Stats/Learning_Rate,34200,9.999999747378752e-05,1766318359.072188
Stats/Learning_Rate,34250,9.999999747378752e-05,1766318471.6646805
Stats/Learning_Rate,34300,9.999999747378752e-05,1766318582.3135824
Stats/Learning_Rate,34350,9.999999747378752e-05,1766318692.8922548
Stats/Learning_Rate,34400,9.999999747378752e-05,1766318802.5231736
Stats/Learning_Rate,34450,9.999999747378752e-05,1766318915.7898126
Stats/Learning_Rate,34500,9.999999747378752e-05,1766319027.5532641
Stats/Learning_Rate,34550,9.999999747378752e-05,1766319138.930893
Stats/Learning_Rate,34600,9.999999747378752e-05,1766319252.6392581
Stats/Learning_Rate,34650,9.999999747378752e-05,1766319366.5156534
Stats/Learning_Rate,34700,9.999999747378752e-05,1766319481.8106196
Stats/Learning_Rate,34750,9.999999747378752e-05,1766319595.3632653
Stats/Learning_Rate,34800,9.999999747378752e-05,1766319703.4957676
Stats/Learning_Rate,34850,9.999999747378752e-05,1766319815.9503338
Stats/Learning_Rate,34900,9.999999747378752e-05,1766319927.7053366
Stats/Learning_Rate,34950,9.999999747378752e-05,1766320041.3677144
Stats/Learning_Rate,35000,9.999999747378752e-05,1766320152.2391582
Stats/Learning_Rate,35050,9.999999747378752e-05,1766320266.596647
Stats/Learning_Rate,35100,9.999999747378752e-05,1766320379.8736787
Stats/Learning_Rate,35150,9.999999747378752e-05,1766320496.2399435
Stats/Learning_Rate,35200,9.999999747378752e-05,1766320606.2360969
Stats/Learning_Rate,35250,9.999999747378752e-05,1766320715.3282747
Stats/Learning_Rate,35300,9.999999747378752e-05,1766320831.2714794
Stats/Learning_Rate,35350,9.999999747378752e-05,1766320940.8079653
Stats/Learning_Rate,35400,9.999999747378752e-05,1766321060.1177032
Stats/Learning_Rate,35450,9.999999747378752e-05,1766321170.2068944
Stats/Learning_Rate,35500,9.999999747378752e-05,1766321281.9543655
Stats/Learning_Rate,35550,9.999999747378752e-05,1766321395.5918484
Stats/Learning_Rate,35600,9.999999747378752e-05,1766321510.4960139
Stats/Learning_Rate,35650,9.999999747378752e-05,1766321623.7933648
Stats/Learning_Rate,35700,9.999999747378752e-05,1766321734.747005
Stats/Learning_Rate,35750,9.999999747378752e-05,1766321849.9689946
Stats/Learning_Rate,35800,9.999999747378752e-05,1766321960.429582
Stats/Learning_Rate,35850,9.999999747378752e-05,1766322074.4367363
Stats/Learning_Rate,35900,9.999999747378752e-05,1766322186.8233848
Stats/Learning_Rate,35950,9.999999747378752e-05,1766322300.7862554
Stats/Learning_Rate,36000,9.999999747378752e-05,1766322421.216582
Stats/Learning_Rate,36050,9.999999747378752e-05,1766322532.8735015
Stats/Learning_Rate,36100,9.999999747378752e-05,1766322648.5038233
Stats/Learning_Rate,36150,9.999999747378752e-05,1766322758.492679
Stats/Learning_Rate,36200,9.999999747378752e-05,1766322873.4789202
Stats/Learning_Rate,36250,9.999999747378752e-05,1766322985.526968
Stats/Learning_Rate,36300,9.999999747378752e-05,1766323098.4087489
Stats/Learning_Rate,36350,9.999999747378752e-05,1766323207.3004432
Stats/Learning_Rate,36400,9.999999747378752e-05,1766323319.47416
Stats/Learning_Rate,36450,9.999999747378752e-05,1766323432.985289
Stats/Learning_Rate,36500,9.999999747378752e-05,1766323546.0833328
Stats/Learning_Rate,36550,9.999999747378752e-05,1766323662.0290012
Stats/Learning_Rate,36600,9.999999747378752e-05,1766323775.9427447
Stats/Learning_Rate,36650,9.999999747378752e-05,1766323888.4663339
Stats/Learning_Rate,36700,9.999999747378752e-05,1766324000.323614
Stats/Learning_Rate,36750,9.999999747378752e-05,1766324115.6099722
Stats/Learning_Rate,36800,9.999999747378752e-05,1766324225.6443691
Stats/Learning_Rate,36850,9.999999747378752e-05,1766324340.633391
Stats/Learning_Rate,36900,9.999999747378752e-05,1766324451.1082788
Stats/Learning_Rate,36950,9.999999747378752e-05,1766324564.5197344
Stats/Learning_Rate,37000,9.999999747378752e-05,1766324679.8867147
Stats/Learning_Rate,37050,9.999999747378752e-05,1766324793.6604042
Stats/Learning_Rate,37100,9.999999747378752e-05,1766324906.3294992
Stats/Learning_Rate,37150,9.999999747378752e-05,1766325016.843142
Stats/Learning_Rate,37200,9.999999747378752e-05,1766325127.8571367
Stats/Learning_Rate,37250,9.999999747378752e-05,1766325241.3673158
Stats/Learning_Rate,37300,9.999999747378752e-05,1766325353.126797
Stats/Learning_Rate,37350,9.999999747378752e-05,1766325468.6266208
Stats/Learning_Rate,37400,9.999999747378752e-05,1766325581.9280074
Stats/Learning_Rate,37450,9.999999747378752e-05,1766325698.5572264
Stats/Learning_Rate,37500,9.999999747378752e-05,1766325811.714591
Stats/Learning_Rate,37550,9.999999747378752e-05,1766325924.287358
Stats/Learning_Rate,37600,9.999999747378752e-05,1766326036.9991932
Stats/Learning_Rate,37650,9.999999747378752e-05,1766326150.5270054
Stats/Learning_Rate,37700,9.999999747378752e-05,1766326267.3890119
Stats/Learning_Rate,37750,9.999999747378752e-05,1766326382.212231
Stats/Learning_Rate,37800,9.999999747378752e-05,1766326493.8662145
Stats/Learning_Rate,37850,9.999999747378752e-05,1766326608.525167
Stats/Learning_Rate,37900,9.999999747378752e-05,1766326721.2172902
Stats/Learning_Rate,37950,9.999999747378752e-05,1766326832.8289325
Stats/Learning_Rate,38000,9.999999747378752e-05,1766326947.7241712
Stats/Learning_Rate,38050,9.999999747378752e-05,1766327061.8110702
Stats/Learning_Rate,38100,9.999999747378752e-05,1766327175.9090564
Stats/Learning_Rate,38150,9.999999747378752e-05,1766327285.2868457
Stats/Learning_Rate,38200,9.999999747378752e-05,1766327406.1591117
Stats/Learning_Rate,38250,9.999999747378752e-05,1766327515.3690872
Stats/Learning_Rate,38300,9.999999747378752e-05,1766327626.3848712
Stats/Learning_Rate,38350,9.999999747378752e-05,1766327736.574418
Stats/Learning_Rate,38400,9.999999747378752e-05,1766327852.4436467
Stats/Learning_Rate,38450,9.999999747378752e-05,1766327965.867337
Stats/Learning_Rate,38500,9.999999747378752e-05,1766328077.959814
Stats/Learning_Rate,38550,9.999999747378752e-05,1766328188.3680103
Stats/Learning_Rate,38600,9.999999747378752e-05,1766328297.559216
Stats/Learning_Rate,38650,9.999999747378752e-05,1766328407.6347103
Stats/Learning_Rate,38700,9.999999747378752e-05,1766328517.7622783
Stats/Learning_Rate,38750,9.999999747378752e-05,1766328629.3918226
Stats/Learning_Rate,38800,9.999999747378752e-05,1766328741.9177992
Stats/Learning_Rate,38850,9.999999747378752e-05,1766328855.173388
Stats/Learning_Rate,38900,9.999999747378752e-05,1766328969.416877
Stats/Learning_Rate,38950,9.999999747378752e-05,1766329081.372674
Stats/Learning_Rate,39000,9.999999747378752e-05,1766329194.715328
Stats/Learning_Rate,39050,9.999999747378752e-05,1766329306.5154617
Stats/Learning_Rate,39100,9.999999747378752e-05,1766329419.7781446
Stats/Learning_Rate,39150,9.999999747378752e-05,1766329533.4162657
Stats/Learning_Rate,39200,9.999999747378752e-05,1766329643.1507902
Stats/Learning_Rate,39250,9.999999747378752e-05,1766329753.411688
Stats/Learning_Rate,39300,9.999999747378752e-05,1766329861.213896
Stats/Learning_Rate,39350,9.999999747378752e-05,1766329971.2541964
Stats/Learning_Rate,39400,9.999999747378752e-05,1766330084.2284002
Stats/Learning_Rate,39450,9.999999747378752e-05,1766330198.4773033
Stats/Learning_Rate,39500,9.999999747378752e-05,1766330311.8368433
Stats/Learning_Rate,39550,9.999999747378752e-05,1766330425.7539208
Stats/Learning_Rate,39600,9.999999747378752e-05,1766330537.699203
Stats/Learning_Rate,39650,9.999999747378752e-05,1766330649.2415059
Stats/Learning_Rate,39700,9.999999747378752e-05,1766330760.469288
Stats/Learning_Rate,39750,9.999999747378752e-05,1766330874.3694184
Stats/Learning_Rate,39800,9.999999747378752e-05,1766330990.049088
Stats/Learning_Rate,39850,9.999999747378752e-05,1766331102.0298853
Stats/Learning_Rate,39900,9.999999747378752e-05,1766331213.474913
Stats/Learning_Rate,39950,9.999999747378752e-05,1766331328.0780058
Stats/Learning_Rate,40000,9.999999747378752e-05,1766331440.4289744
Stats/Learning_Rate,40050,9.999999747378752e-05,1766331552.3604224
Stats/Learning_Rate,40100,9.999999747378752e-05,1766331666.4308548
Stats/Learning_Rate,40150,9.999999747378752e-05,1766331777.4473333
Stats/Learning_Rate,40200,9.999999747378752e-05,1766331890.2183888
Stats/Learning_Rate,40250,9.999999747378752e-05,1766332001.6157806
Stats/Learning_Rate,40300,9.999999747378752e-05,1766332114.915413
Stats/Learning_Rate,40350,9.999999747378752e-05,1766332225.62164
Stats/Learning_Rate,40400,9.999999747378752e-05,1766332336.8751926
Stats/Learning_Rate,40450,9.999999747378752e-05,1766332448.8111682
Stats/Learning_Rate,40500,9.999999747378752e-05,1766332560.2008545
Stats/Learning_Rate,40550,9.999999747378752e-05,1766332674.5316994
Stats/Learning_Rate,40600,9.999999747378752e-05,1766332788.628751
Stats/Learning_Rate,40650,9.999999747378752e-05,1766332900.0862439
Stats/Learning_Rate,40700,9.999999747378752e-05,1766333017.0423677
Stats/Learning_Rate,40750,9.999999747378752e-05,1766333128.9366355
Stats/Learning_Rate,40800,9.999999747378752e-05,1766333242.1581333
Stats/Learning_Rate,40850,9.999999747378752e-05,1766333351.4955509
Stats/Learning_Rate,40900,9.999999747378752e-05,1766333463.1621025
Stats/Learning_Rate,40950,9.999999747378752e-05,1766333572.819911
Stats/Learning_Rate,41000,9.999999747378752e-05,1766333680.8464744
Stats/Learning_Rate,41050,9.999999747378752e-05,1766333795.4617116
Stats/Learning_Rate,41100,9.999999747378752e-05,1766333910.0216203
Stats/Learning_Rate,41150,9.999999747378752e-05,1766334023.8012831
Stats/Learning_Rate,41200,9.999999747378752e-05,1766334138.0984921
Stats/Learning_Rate,41250,9.999999747378752e-05,1766334251.3229911
Stats/Learning_Rate,41300,9.999999747378752e-05,1766334364.569123
Stats/Learning_Rate,41350,9.999999747378752e-05,1766334479.1163313
Stats/Learning_Rate,41400,9.999999747378752e-05,1766334590.6305158
Stats/Learning_Rate,41450,9.999999747378752e-05,1766334703.139737
Stats/Learning_Rate,41500,9.999999747378752e-05,1766334815.6679208
Stats/Learning_Rate,41550,9.999999747378752e-05,1766334928.6308713
Stats/Learning_Rate,41600,9.999999747378752e-05,1766335039.0406058
Stats/Learning_Rate,41650,9.999999747378752e-05,1766335156.0935671
Stats/Learning_Rate,41700,9.999999747378752e-05,1766335269.252452
Stats/Learning_Rate,41750,9.999999747378752e-05,1766335381.0991197
Stats/Learning_Rate,41800,9.999999747378752e-05,1766335491.7781215
Stats/Learning_Rate,41850,9.999999747378752e-05,1766335605.6046665
Stats/Learning_Rate,41900,9.999999747378752e-05,1766335719.5982609
Stats/Learning_Rate,41950,9.999999747378752e-05,1766335836.837933
Stats/Learning_Rate,42000,9.999999747378752e-05,1766335950.3809767
Stats/Learning_Rate,42050,9.999999747378752e-05,1766336058.7343667
Stats/Learning_Rate,42100,9.999999747378752e-05,1766336173.0793777
Stats/Learning_Rate,42150,9.999999747378752e-05,1766336284.9037826
Stats/Learning_Rate,42200,9.999999747378752e-05,1766336397.6870422
Stats/Learning_Rate,42250,9.999999747378752e-05,1766336511.9663033
Stats/Learning_Rate,42300,9.999999747378752e-05,1766336625.3261547
Stats/Learning_Rate,42350,9.999999747378752e-05,1766336738.4854586
Stats/Learning_Rate,42400,9.999999747378752e-05,1766336851.9759912
Stats/Learning_Rate,42450,9.999999747378752e-05,1766336965.6799107
Stats/Learning_Rate,42500,9.999999747378752e-05,1766337079.987253
Stats/Learning_Rate,42550,9.999999747378752e-05,1766337194.6106257
Stats/Learning_Rate,42600,9.999999747378752e-05,1766337303.0286021
Stats/Learning_Rate,42650,9.999999747378752e-05,1766337413.0324247
Stats/Learning_Rate,42700,9.999999747378752e-05,1766337528.0591695
Stats/Learning_Rate,42750,9.999999747378752e-05,1766337639.6294596
Stats/Learning_Rate,42800,9.999999747378752e-05,1766337751.517951
Stats/Learning_Rate,42850,9.999999747378752e-05,1766337861.8486094
Stats/Learning_Rate,42900,9.999999747378752e-05,1766337975.9783204
Stats/Learning_Rate,42950,9.999999747378752e-05,1766338089.025559
Stats/Learning_Rate,43000,9.999999747378752e-05,1766338204.942416
Stats/Learning_Rate,43050,9.999999747378752e-05,1766338320.3127136
Stats/Learning_Rate,43100,9.999999747378752e-05,1766338435.116009
Stats/Learning_Rate,43150,9.999999747378752e-05,1766338547.5717647
Stats/Learning_Rate,43200,9.999999747378752e-05,1766338661.5177248
Stats/Learning_Rate,43250,9.999999747378752e-05,1766338772.3807452
Stats/Learning_Rate,43300,9.999999747378752e-05,1766338885.853246
Stats/Learning_Rate,43350,9.999999747378752e-05,1766338998.530843
Stats/Learning_Rate,43400,9.999999747378752e-05,1766339109.309378
Stats/Learning_Rate,43450,9.999999747378752e-05,1766339219.7611053
Stats/Learning_Rate,43500,9.999999747378752e-05,1766339331.6457603
Stats/Learning_Rate,43550,9.999999747378752e-05,1766339445.5024836
Stats/Learning_Rate,43600,9.999999747378752e-05,1766339560.206428
Stats/Learning_Rate,43650,9.999999747378752e-05,1766339670.9607773
Stats/Learning_Rate,43700,9.999999747378752e-05,1766339785.2087138
Stats/Learning_Rate,43750,9.999999747378752e-05,1766339894.7425895
Stats/Learning_Rate,43800,9.999999747378752e-05,1766340009.2615225
Stats/Learning_Rate,43850,9.999999747378752e-05,1766340122.2719047
Stats/Learning_Rate,43900,9.999999747378752e-05,1766340230.337707
Stats/Learning_Rate,43950,9.999999747378752e-05,1766340342.2310634
Stats/Learning_Rate,44000,9.999999747378752e-05,1766340452.9157171
Stats/Learning_Rate,44050,9.999999747378752e-05,1766340567.5017977
Stats/Learning_Rate,44100,9.999999747378752e-05,1766340679.1212919
Stats/Learning_Rate,44150,9.999999747378752e-05,1766340788.7593777
Stats/Learning_Rate,44200,9.999999747378752e-05,1766340900.9145088
Stats/Learning_Rate,44250,9.999999747378752e-05,1766341014.626493
Stats/Learning_Rate,44300,9.999999747378752e-05,1766341127.1915393
Stats/Learning_Rate,44350,9.999999747378752e-05,1766341241.4255052
Stats/Learning_Rate,44400,9.999999747378752e-05,1766341356.6237993
Stats/Learning_Rate,44450,9.999999747378752e-05,1766341470.1663544
Stats/Learning_Rate,44500,9.999999747378752e-05,1766341580.2587447
Stats/Learning_Rate,44550,9.999999747378752e-05,1766341694.2485852
Stats/Learning_Rate,44600,9.999999747378752e-05,1766341807.76968
Stats/Learning_Rate,44650,9.999999747378752e-05,1766341920.2446306
Stats/Learning_Rate,44700,9.999999747378752e-05,1766342034.7432203
Stats/Learning_Rate,44750,9.999999747378752e-05,1766342147.5537639
Stats/Learning_Rate,44800,9.999999747378752e-05,1766342260.510634
Stats/Learning_Rate,44850,9.999999747378752e-05,1766342374.7364326
Stats/Learning_Rate,44900,9.999999747378752e-05,1766342492.6114354
Stats/Learning_Rate,44950,9.999999747378752e-05,1766342608.2431219
Stats/Learning_Rate,45000,9.999999747378752e-05,1766342723.4652312
Stats/Learning_Rate,45050,9.999999747378752e-05,1766342835.7245615
Stats/Learning_Rate,45100,9.999999747378752e-05,1766342946.930573
Stats/Learning_Rate,45150,9.999999747378752e-05,1766343059.449267
Stats/Learning_Rate,45200,9.999999747378752e-05,1766343173.324483
Stats/Learning_Rate,45250,9.999999747378752e-05,1766343287.962888
Stats/Learning_Rate,45300,9.999999747378752e-05,1766343398.829556
Stats/Learning_Rate,45350,9.999999747378752e-05,1766343511.3552816
Stats/Learning_Rate,45400,9.999999747378752e-05,1766343619.462016
Stats/Learning_Rate,45450,9.999999747378752e-05,1766343727.290164
Stats/Learning_Rate,45500,9.999999747378752e-05,1766343837.9835637
Stats/Learning_Rate,45550,9.999999747378752e-05,1766343952.8723733
Stats/Learning_Rate,45600,9.999999747378752e-05,1766344064.1665108
Stats/Learning_Rate,45650,9.999999747378752e-05,1766344175.2389045
Stats/Learning_Rate,45700,9.999999747378752e-05,1766344289.1952288
Stats/Learning_Rate,45750,9.999999747378752e-05,1766344401.77324
Stats/Learning_Rate,45800,9.999999747378752e-05,1766344513.4966373
Stats/Learning_Rate,45850,9.999999747378752e-05,1766344627.4002724
Stats/Learning_Rate,45900,9.999999747378752e-05,1766344740.4080806
Stats/Learning_Rate,45950,9.999999747378752e-05,1766344855.8517509
Stats/Learning_Rate,46000,9.999999747378752e-05,1766344969.1145468
Stats/Learning_Rate,46050,9.999999747378752e-05,1766345081.4378967
Stats/Learning_Rate,46100,9.999999747378752e-05,1766345193.7164023
Stats/Learning_Rate,46150,9.999999747378752e-05,1766345308.8418643
Stats/Learning_Rate,46200,9.999999747378752e-05,1766345419.982498
Stats/Learning_Rate,46250,9.999999747378752e-05,1766345530.6756625
Stats/Learning_Rate,46300,9.999999747378752e-05,1766345643.0854762
Stats/Learning_Rate,46350,9.999999747378752e-05,1766345757.1929612
Stats/Learning_Rate,46400,9.999999747378752e-05,1766345871.5505033
Stats/Learning_Rate,46450,9.999999747378752e-05,1766345980.7042108
Stats/Learning_Rate,46500,9.999999747378752e-05,1766346093.602266
Stats/Learning_Rate,46550,9.999999747378752e-05,1766346206.4697616
Stats/Learning_Rate,46600,9.999999747378752e-05,1766346317.4066799
Stats/Learning_Rate,46650,9.999999747378752e-05,1766346430.362549
Stats/Learning_Rate,46700,9.999999747378752e-05,1766346539.8789625
Stats/Learning_Rate,46750,9.999999747378752e-05,1766346652.6320992
Stats/Learning_Rate,46800,9.999999747378752e-05,1766346767.719786
Stats/Learning_Rate,46850,9.999999747378752e-05,1766346877.57457
Stats/Learning_Rate,46900,9.999999747378752e-05,1766346988.6707468
Stats/Learning_Rate,46950,9.999999747378752e-05,1766347103.266393
Stats/Learning_Rate,47000,9.999999747378752e-05,1766347218.0253603
Stats/Learning_Rate,47050,9.999999747378752e-05,1766347332.386323
Stats/Learning_Rate,47100,9.999999747378752e-05,1766347440.0361404
Stats/Learning_Rate,47150,9.999999747378752e-05,1766347551.1857433
Stats/Learning_Rate,47200,9.999999747378752e-05,1766347666.0342968
Stats/Learning_Rate,47250,9.999999747378752e-05,1766347777.7912745
Stats/Learning_Rate,47300,9.999999747378752e-05,1766347886.5762815
Stats/Learning_Rate,47350,9.999999747378752e-05,1766348000.623597
Stats/Learning_Rate,47400,9.999999747378752e-05,1766348111.1255124
Stats/Learning_Rate,47450,9.999999747378752e-05,1766348222.8334763
Stats/Learning_Rate,47500,9.999999747378752e-05,1766348334.6934538
Stats/Learning_Rate,47550,9.999999747378752e-05,1766348446.789736
Stats/Learning_Rate,47600,9.999999747378752e-05,1766348561.034755
Stats/Learning_Rate,47650,9.999999747378752e-05,1766348676.262086
Stats/Learning_Rate,47700,9.999999747378752e-05,1766348784.3593013
Stats/Learning_Rate,47750,9.999999747378752e-05,1766348896.764484
Stats/Learning_Rate,47800,9.999999747378752e-05,1766349004.573197
Stats/Learning_Rate,47850,9.999999747378752e-05,1766349118.0067832
Stats/Learning_Rate,47900,9.999999747378752e-05,1766349227.6888132
Stats/Learning_Rate,47950,9.999999747378752e-05,1766349344.7457054
Stats/Learning_Rate,48000,9.999999747378752e-05,1766349460.582007
Stats/Learning_Rate,48050,9.999999747378752e-05,1766349574.1666903
Stats/Learning_Rate,48100,9.999999747378752e-05,1766349685.7311916
Stats/Learning_Rate,48150,9.999999747378752e-05,1766349795.1398911
Stats/Learning_Rate,48200,9.999999747378752e-05,1766349902.9032094
Stats/Learning_Rate,48250,9.999999747378752e-05,1766350016.4920464
Stats/Learning_Rate,48300,9.999999747378752e-05,1766350130.9344912
Stats/Learning_Rate,48350,9.999999747378752e-05,1766350247.3936133
Stats/Learning_Rate,48400,9.999999747378752e-05,1766350357.4214733
Stats/Learning_Rate,48450,9.999999747378752e-05,1766350469.2588465
Stats/Learning_Rate,48500,9.999999747378752e-05,1766350579.618392
Stats/Learning_Rate,48550,9.999999747378752e-05,1766350692.9043448
Stats/Learning_Rate,48600,9.999999747378752e-05,1766350806.3807006
Stats/Learning_Rate,48650,9.999999747378752e-05,1766350915.4892037
Stats/Learning_Rate,48700,9.999999747378752e-05,1766351032.7195535
Stats/Learning_Rate,48750,9.999999747378752e-05,1766351142.886738
Stats/Learning_Rate,48800,9.999999747378752e-05,1766351257.3097222
Stats/Learning_Rate,48850,9.999999747378752e-05,1766351369.8572173
Stats/Learning_Rate,48900,9.999999747378752e-05,1766351482.5116408
Stats/Learning_Rate,48950,9.999999747378752e-05,1766351596.8903255
Stats/Learning_Rate,49000,9.999999747378752e-05,1766351710.6683006
Stats/Learning_Rate,49050,9.999999747378752e-05,1766351825.5845666
Stats/Learning_Rate,49100,9.999999747378752e-05,1766351937.6884115
Stats/Learning_Rate,49150,9.999999747378752e-05,1766352050.9227948
Stats/Learning_Rate,49200,9.999999747378752e-05,1766352161.953812
Stats/Learning_Rate,49250,9.999999747378752e-05,1766352272.3038294
Stats/Learning_Rate,49300,9.999999747378752e-05,1766352386.9127266
Stats/Learning_Rate,49350,9.999999747378752e-05,1766352498.36977
Stats/Learning_Rate,49400,9.999999747378752e-05,1766352608.747446
Stats/Learning_Rate,49450,9.999999747378752e-05,1766352721.2425246
Stats/Learning_Rate,49500,9.999999747378752e-05,1766352831.1182704
Stats/Learning_Rate,49550,9.999999747378752e-05,1766352944.0209544
Stats/Learning_Rate,49600,9.999999747378752e-05,1766353055.4023502
Stats/Learning_Rate,49650,9.999999747378752e-05,1766353169.578302
Stats/Learning_Rate,49700,9.999999747378752e-05,1766353281.6406283
Stats/Learning_Rate,49750,9.999999747378752e-05,1766353396.838865
Stats/Learning_Rate,49800,9.999999747378752e-05,1766353509.456551
Stats/Learning_Rate,49850,9.999999747378752e-05,1766353618.7691474
Stats/Learning_Rate,49900,9.999999747378752e-05,1766353730.9890552
Stats/Learning_Rate,49950,9.999999747378752e-05,1766353842.6006525
Stats/Learning_Rate,50000,9.999999747378752e-05,1766353955.4836688
Stats/Learning_Rate,50050,9.999999747378752e-05,1766354067.7738862
Stats/Learning_Rate,50100,9.999999747378752e-05,1766354177.46863
Stats/Learning_Rate,50150,9.999999747378752e-05,1766354292.1449971
Stats/Learning_Rate,50200,9.999999747378752e-05,1766354403.7763178
Stats/Learning_Rate,50250,9.999999747378752e-05,1766354517.3695252
Stats/Learning_Rate,50300,9.999999747378752e-05,1766354627.9941084
Stats/Learning_Rate,50350,9.999999747378752e-05,1766354740.4029162
Stats/Learning_Rate,50400,9.999999747378752e-05,1766354852.7730427
Stats/Learning_Rate,50450,9.999999747378752e-05,1766354964.8003275
Stats/Learning_Rate,50500,9.999999747378752e-05,1766355071.3285244
Stats/Learning_Rate,50550,9.999999747378752e-05,1766355182.9396746
Stats/Learning_Rate,50600,9.999999747378752e-05,1766355298.1885655
Stats/Learning_Rate,50650,9.999999747378752e-05,1766355408.9814456
Stats/Learning_Rate,50700,9.999999747378752e-05,1766355520.8717136
Stats/Learning_Rate,50750,9.999999747378752e-05,1766355631.8648593
Stats/Learning_Rate,50800,9.999999747378752e-05,1766355746.3046536
Stats/Learning_Rate,50850,9.999999747378752e-05,1766355857.6942835
Stats/Learning_Rate,50900,9.999999747378752e-05,1766355970.4191082
Stats/Learning_Rate,50950,9.999999747378752e-05,1766356082.135016
Stats/Learning_Rate,51000,9.999999747378752e-05,1766356191.7157316
Stats/Learning_Rate,51050,9.999999747378752e-05,1766356302.8565865
Stats/Learning_Rate,51100,9.999999747378752e-05,1766356418.6087272
Stats/Learning_Rate,51150,9.999999747378752e-05,1766356533.5441658
Stats/Learning_Rate,51200,9.999999747378752e-05,1766356644.458722
Stats/Learning_Rate,51250,9.999999747378752e-05,1766356758.943282
Stats/Learning_Rate,51300,9.999999747378752e-05,1766356870.7695234
Stats/Learning_Rate,51350,9.999999747378752e-05,1766356981.7845185
Stats/Learning_Rate,51400,9.999999747378752e-05,1766357090.1176572
Stats/Learning_Rate,51450,9.999999747378752e-05,1766357198.4464014
Stats/Learning_Rate,51500,9.999999747378752e-05,1766357316.10405
Stats/Learning_Rate,51550,9.999999747378752e-05,1766357428.0307648
Stats/Learning_Rate,51600,9.999999747378752e-05,1766357538.8681533
Stats/Learning_Rate,51650,9.999999747378752e-05,1766357653.1474283
Stats/Learning_Rate,51700,9.999999747378752e-05,1766357770.3453262
Stats/Learning_Rate,51750,9.999999747378752e-05,1766357885.774153
Stats/Learning_Rate,51800,9.999999747378752e-05,1766357997.7345219
Stats/Learning_Rate,51850,9.999999747378752e-05,1766358110.005753
Stats/Learning_Rate,51900,9.999999747378752e-05,1766358227.7565713
Stats/Learning_Rate,51950,9.999999747378752e-05,1766358341.287716
Stats/Learning_Rate,52000,9.999999747378752e-05,1766358456.0083356
Stats/Learning_Rate,52050,9.999999747378752e-05,1766358571.9685628
Stats/Learning_Rate,52100,9.999999747378752e-05,1766358683.216753
Stats/Learning_Rate,52150,9.999999747378752e-05,1766358799.3189554
Stats/Learning_Rate,52200,9.999999747378752e-05,1766358912.1837108
Stats/Learning_Rate,52250,9.999999747378752e-05,1766359025.0199869
Stats/Learning_Rate,52300,9.999999747378752e-05,1766359134.8737643
Stats/Learning_Rate,52350,9.999999747378752e-05,1766359249.6573966
Stats/Learning_Rate,52400,9.999999747378752e-05,1766359362.7011428
Stats/Learning_Rate,52450,9.999999747378752e-05,1766359475.7033703
Stats/Learning_Rate,52500,9.999999747378752e-05,1766359587.95986
Stats/Learning_Rate,52550,9.999999747378752e-05,1766359699.8649607
Stats/Learning_Rate,52600,9.999999747378752e-05,1766359811.8775403
Stats/Learning_Rate,52650,9.999999747378752e-05,1766359924.4069536
Stats/Learning_Rate,52700,9.999999747378752e-05,1766360034.0126355
Stats/Learning_Rate,52750,9.999999747378752e-05,1766360145.3705752
Stats/Learning_Rate,52800,9.999999747378752e-05,1766360258.7754228
Stats/Learning_Rate,52850,9.999999747378752e-05,1766360372.8048954
Stats/Learning_Rate,52900,9.999999747378752e-05,1766360483.696859
Stats/Learning_Rate,52950,9.999999747378752e-05,1766360595.5069883
Stats/Learning_Rate,53000,9.999999747378752e-05,1766360705.516304
Stats/Learning_Rate,53050,9.999999747378752e-05,1766360816.0588048
Stats/Learning_Rate,53100,9.999999747378752e-05,1766360928.0992897
Stats/Learning_Rate,53150,9.999999747378752e-05,1766361043.4813495
Stats/Learning_Rate,53200,9.999999747378752e-05,1766361156.9404552
Stats/Learning_Rate,53250,9.999999747378752e-05,1766361264.1688223
Stats/Learning_Rate,53300,9.999999747378752e-05,1766361376.7617176
Stats/Learning_Rate,53350,9.999999747378752e-05,1766361489.9296744
Stats/Learning_Rate,53400,9.999999747378752e-05,1766361605.4212239
Stats/Learning_Rate,53450,9.999999747378752e-05,1766361717.6996236
Stats/Learning_Rate,53500,9.999999747378752e-05,1766361827.2352788
Stats/Learning_Rate,53550,9.999999747378752e-05,1766361940.5550983
Stats/Learning_Rate,53600,9.999999747378752e-05,1766362055.896938
Stats/Learning_Rate,53650,9.999999747378752e-05,1766362172.3546753
Stats/Learning_Rate,53700,9.999999747378752e-05,1766362282.977411
Stats/Learning_Rate,53750,9.999999747378752e-05,1766362397.3717036
Stats/Learning_Rate,53800,9.999999747378752e-05,1766362511.0867789
Stats/Learning_Rate,53850,9.999999747378752e-05,1766362622.645997
Stats/Learning_Rate,53900,9.999999747378752e-05,1766362739.3524885
Stats/Learning_Rate,53950,9.999999747378752e-05,1766362857.5830421
Stats/Learning_Rate,54000,9.999999747378752e-05,1766362971.516531
Stats/Learning_Rate,54050,9.999999747378752e-05,1766363083.9192302
Stats/Learning_Rate,54100,9.999999747378752e-05,1766363194.7706676
Stats/Learning_Rate,54150,9.999999747378752e-05,1766363307.4800043
Stats/Learning_Rate,54200,9.999999747378752e-05,1766363414.3395667
Stats/Learning_Rate,54250,9.999999747378752e-05,1766363525.0257285
Stats/Learning_Rate,54300,9.999999747378752e-05,1766363638.7171192
Stats/Learning_Rate,54350,9.999999747378752e-05,1766363752.394548
Stats/Learning_Rate,54400,9.999999747378752e-05,1766363867.745293
Stats/Learning_Rate,54450,9.999999747378752e-05,1766363982.3815887
Stats/Learning_Rate,54500,9.999999747378752e-05,1766364095.0834384
Stats/Learning_Rate,54550,9.999999747378752e-05,1766364207.99146
Stats/Learning_Rate,54600,9.999999747378752e-05,1766364323.8646092
Stats/Learning_Rate,54650,9.999999747378752e-05,1766364434.8358598
Stats/Learning_Rate,54700,9.999999747378752e-05,1766364549.1915169
Stats/Learning_Rate,54750,9.999999747378752e-05,1766364663.5604713
Stats/Learning_Rate,54800,9.999999747378752e-05,1766364775.7402658
Stats/Learning_Rate,54850,9.999999747378752e-05,1766364886.4695077
Stats/Learning_Rate,54900,9.999999747378752e-05,1766364998.3180366
Stats/Learning_Rate,54950,9.999999747378752e-05,1766365106.90834
Stats/Learning_Rate,55000,9.999999747378752e-05,1766365216.9966207
Stats/Learning_Rate,55050,9.999999747378752e-05,1766365327.630673
Stats/Learning_Rate,55100,9.999999747378752e-05,1766365438.7688754
Stats/Learning_Rate,55150,9.999999747378752e-05,1766365552.7825427
Stats/Learning_Rate,55200,9.999999747378752e-05,1766365667.2587528
Stats/Learning_Rate,55250,9.999999747378752e-05,1766365780.8617597
Stats/Learning_Rate,55300,9.999999747378752e-05,1766365895.0457618
Stats/Learning_Rate,55350,9.999999747378752e-05,1766366009.1590116
Stats/Learning_Rate,55400,9.999999747378752e-05,1766366120.8952615
Stats/Learning_Rate,55450,9.999999747378752e-05,1766366234.5363011
Stats/Learning_Rate,55500,9.999999747378752e-05,1766366349.4660487
Stats/Learning_Rate,55550,9.999999747378752e-05,1766366459.7800136
Stats/Learning_Rate,55600,9.999999747378752e-05,1766366572.8619869
Stats/Learning_Rate,55650,9.999999747378752e-05,1766366686.4159727
Stats/Learning_Rate,55700,9.999999747378752e-05,1766366801.7906308
Stats/Learning_Rate,55750,9.999999747378752e-05,1766366916.545755
Stats/Learning_Rate,55800,9.999999747378752e-05,1766367029.6434128
Stats/Learning_Rate,55850,9.999999747378752e-05,1766367145.5058038
Stats/Learning_Rate,55900,9.999999747378752e-05,1766367257.5023088
Stats/Learning_Rate,55950,9.999999747378752e-05,1766367370.9726858
Stats/Learning_Rate,56000,9.999999747378752e-05,1766367479.614854
Stats/Learning_Rate,56050,9.999999747378752e-05,1766367592.7047448
Stats/Learning_Rate,56100,9.999999747378752e-05,1766367706.55288
Stats/Learning_Rate,56150,9.999999747378752e-05,1766367821.9397998
Stats/Learning_Rate,56200,9.999999747378752e-05,1766367935.6873553
Stats/Learning_Rate,56250,9.999999747378752e-05,1766368048.5087702
Stats/Learning_Rate,56300,9.999999747378752e-05,1766368157.770843
Stats/Learning_Rate,56350,9.999999747378752e-05,1766368268.835029
Stats/Learning_Rate,56400,9.999999747378752e-05,1766368386.1490533
Stats/Learning_Rate,56450,9.999999747378752e-05,1766368498.0158036
Stats/Learning_Rate,56500,9.999999747378752e-05,1766368613.83577
Stats/Learning_Rate,56550,9.999999747378752e-05,1766368725.0498922
Stats/Learning_Rate,56600,9.999999747378752e-05,1766368839.4228716
Stats/Learning_Rate,56650,9.999999747378752e-05,1766368951.8025758
Stats/Learning_Rate,56700,9.999999747378752e-05,1766369067.7857702
Stats/Learning_Rate,56750,9.999999747378752e-05,1766369183.0888026
Stats/Learning_Rate,56800,9.999999747378752e-05,1766369294.8849113
Stats/Learning_Rate,56850,9.999999747378752e-05,1766369411.3641908
Stats/Learning_Rate,56900,9.999999747378752e-05,1766369522.2382827
Stats/Learning_Rate,56950,9.999999747378752e-05,1766369635.4020085
Stats/Learning_Rate,57000,9.999999747378752e-05,1766369746.4156034
Stats/Learning_Rate,57050,9.999999747378752e-05,1766369862.0989099
Stats/Learning_Rate,57100,9.999999747378752e-05,1766369977.1634305
Stats/Learning_Rate,57150,9.999999747378752e-05,1766370092.3726685
Stats/Learning_Rate,57200,9.999999747378752e-05,1766370203.218762
Stats/Learning_Rate,57250,9.999999747378752e-05,1766370314.1757786
Stats/Learning_Rate,57300,9.999999747378752e-05,1766370428.37738
Stats/Learning_Rate,57350,9.999999747378752e-05,1766370544.3445745
Stats/Learning_Rate,57400,9.999999747378752e-05,1766370655.6056023
Stats/Learning_Rate,57450,9.999999747378752e-05,1766370767.4969845
Stats/Learning_Rate,57500,9.999999747378752e-05,1766370878.5488932
Stats/Learning_Rate,57550,9.999999747378752e-05,1766370990.960195
Stats/Learning_Rate,57600,9.999999747378752e-05,1766371103.5127156
Stats/Learning_Rate,57650,9.999999747378752e-05,1766371216.3272026
Stats/Learning_Rate,57700,9.999999747378752e-05,1766371327.4411106
Stats/Learning_Rate,57750,9.999999747378752e-05,1766371440.918026
Stats/Learning_Rate,57800,9.999999747378752e-05,1766371553.7148151
Stats/Learning_Rate,57850,9.999999747378752e-05,1766371668.341537
Stats/Learning_Rate,57900,9.999999747378752e-05,1766371783.2104042
Stats/Learning_Rate,57950,9.999999747378752e-05,1766371894.036037
Stats/Learning_Rate,58000,9.999999747378752e-05,1766372009.292534
Stats/Learning_Rate,58050,9.999999747378752e-05,1766372123.7022123
Stats/Learning_Rate,58100,9.999999747378752e-05,1766372240.3448143
Stats/Learning_Rate,58150,9.999999747378752e-05,1766372352.7524984
Stats/Learning_Rate,58200,9.999999747378752e-05,1766372465.0213258
Stats/Learning_Rate,58250,9.999999747378752e-05,1766372579.4084811
Stats/Learning_Rate,58300,9.999999747378752e-05,1766372693.2138464
Stats/Learning_Rate,58350,9.999999747378752e-05,1766372807.083282
Stats/Learning_Rate,58400,9.999999747378752e-05,1766372919.7949228
Stats/Learning_Rate,58450,9.999999747378752e-05,1766373033.4770222
Stats/Learning_Rate,58500,9.999999747378752e-05,1766373149.6343012
Stats/Learning_Rate,58550,9.999999747378752e-05,1766373261.6450844
Stats/Learning_Rate,58600,9.999999747378752e-05,1766373374.3063188
Stats/Learning_Rate,58650,9.999999747378752e-05,1766373488.3967168
Stats/Learning_Rate,58700,9.999999747378752e-05,1766373599.9589086
Stats/Learning_Rate,58750,9.999999747378752e-05,1766373713.1085217
Stats/Learning_Rate,58800,9.999999747378752e-05,1766373826.4685946
Stats/Learning_Rate,58850,9.999999747378752e-05,1766373938.660264
Stats/Learning_Rate,58900,9.999999747378752e-05,1766374054.3717632
Stats/Learning_Rate,58950,9.999999747378752e-05,1766374170.994073
Stats/Learning_Rate,59000,9.999999747378752e-05,1766374280.7339785
Stats/Learning_Rate,59050,9.999999747378752e-05,1766374390.592326
Stats/Learning_Rate,59100,9.999999747378752e-05,1766374509.676023
Stats/Learning_Rate,59150,9.999999747378752e-05,1766374623.2206142
Stats/Learning_Rate,59200,9.999999747378752e-05,1766374731.9743173
Stats/Learning_Rate,59250,9.999999747378752e-05,1766374847.0480158
Stats/Learning_Rate,59300,9.999999747378752e-05,1766374962.7464142
Stats/Learning_Rate,59350,9.999999747378752e-05,1766375077.3234823
Stats/Learning_Rate,59400,9.999999747378752e-05,1766375191.5493057
Stats/Learning_Rate,59450,9.999999747378752e-05,1766375301.6959598
Stats/Learning_Rate,59500,9.999999747378752e-05,1766375419.1459231
Stats/Learning_Rate,59550,9.999999747378752e-05,1766375528.9819498
Stats/Learning_Rate,59600,9.999999747378752e-05,1766375637.6185346
Stats/Learning_Rate,59650,9.999999747378752e-05,1766375751.2854736
Stats/Learning_Rate,59700,9.999999747378752e-05,1766375867.5977395
Stats/Learning_Rate,59750,9.999999747378752e-05,1766375985.8668964
Stats/Learning_Rate,59800,9.999999747378752e-05,1766376101.470426
Stats/Learning_Rate,59850,9.999999747378752e-05,1766376213.5325665
Stats/Learning_Rate,59900,9.999999747378752e-05,1766376325.3859525
Stats/Learning_Rate,59950,9.999999747378752e-05,1766376436.3824043
Stats/Learning_Rate,60000,9.999999747378752e-05,1766376549.375944
Stats/Learning_Rate,60050,9.999999747378752e-05,1766376661.6602383
Stats/Learning_Rate,60100,9.999999747378752e-05,1766376773.9286833
Stats/Learning_Rate,60150,9.999999747378752e-05,1766376885.986246
Stats/Learning_Rate,60200,9.999999747378752e-05,1766376996.5680244
Stats/Learning_Rate,60250,9.999999747378752e-05,1766377109.036728
Stats/Learning_Rate,60300,9.999999747378752e-05,1766377218.8032978
Stats/Learning_Rate,60350,9.999999747378752e-05,1766377329.6087246
Stats/Learning_Rate,60400,9.999999747378752e-05,1766377443.4149384
Stats/Learning_Rate,60450,9.999999747378752e-05,1766377553.7008193
Stats/Learning_Rate,60500,9.999999747378752e-05,1766377669.442129
Stats/Learning_Rate,60550,9.999999747378752e-05,1766377783.1642354
Stats/Learning_Rate,60600,9.999999747378752e-05,1766377897.0753837
Stats/Learning_Rate,60650,9.999999747378752e-05,1766378013.0904171
Stats/Learning_Rate,60700,9.999999747378752e-05,1766378125.0534418
Stats/Learning_Rate,60750,9.999999747378752e-05,1766378235.5783339
Stats/Learning_Rate,60800,9.999999747378752e-05,1766378347.6577368
Stats/Learning_Rate,60850,9.999999747378752e-05,1766378458.9152977
Stats/Learning_Rate,60900,9.999999747378752e-05,1766378571.122832
Stats/Learning_Rate,60950,9.999999747378752e-05,1766378687.3733075
Stats/Learning_Rate,61000,9.999999747378752e-05,1766378805.4528136
Stats/Learning_Rate,61050,9.999999747378752e-05,1766378918.2025206
Stats/Learning_Rate,61100,9.999999747378752e-05,1766379031.9617367
Stats/Learning_Rate,61150,9.999999747378752e-05,1766379147.3692248
Stats/Learning_Rate,61200,9.999999747378752e-05,1766379261.3143444
Stats/Learning_Rate,61250,9.999999747378752e-05,1766379375.3534908
Stats/Learning_Rate,61300,9.999999747378752e-05,1766379486.259182
Stats/Learning_Rate,61350,9.999999747378752e-05,1766379601.665539
Stats/Learning_Rate,61400,9.999999747378752e-05,1766379713.7120476
Stats/Learning_Rate,61450,9.999999747378752e-05,1766379826.7984617
Stats/Learning_Rate,61500,9.999999747378752e-05,1766379939.6841505
Stats/Learning_Rate,61550,9.999999747378752e-05,1766380054.9798746
Stats/Learning_Rate,61600,9.999999747378752e-05,1766380166.0085466
Stats/Learning_Rate,61650,9.999999747378752e-05,1766380279.3062654
Stats/Learning_Rate,61700,9.999999747378752e-05,1766380389.8507516
Stats/Learning_Rate,61750,9.999999747378752e-05,1766380504.8925767
Stats/Learning_Rate,61800,9.999999747378752e-05,1766380619.5434895
Stats/Learning_Rate,61850,9.999999747378752e-05,1766380726.1227527
Stats/Learning_Rate,61900,9.999999747378752e-05,1766380841.6552813
Stats/Learning_Rate,61950,9.999999747378752e-05,1766380950.1106248
Stats/Learning_Rate,62000,9.999999747378752e-05,1766381063.868267
Stats/Learning_Rate,62050,9.999999747378752e-05,1766381174.098497
Stats/Learning_Rate,62100,9.999999747378752e-05,1766381287.9050844
Stats/Learning_Rate,62150,9.999999747378752e-05,1766381399.3555
Stats/Learning_Rate,62200,9.999999747378752e-05,1766381515.0998201
Stats/Learning_Rate,62250,9.999999747378752e-05,1766381630.689673
Stats/Learning_Rate,62300,9.999999747378752e-05,1766381743.8775964
Stats/Learning_Rate,62350,9.999999747378752e-05,1766381860.5200837
Stats/Learning_Rate,62400,9.999999747378752e-05,1766381976.8451283
Stats/Learning_Rate,62450,9.999999747378752e-05,1766382089.5073936
Stats/Learning_Rate,62500,9.999999747378752e-05,1766382203.6472654
Stats/Learning_Rate,62550,9.999999747378752e-05,1766382318.4173512
Stats/Learning_Rate,62600,9.999999747378752e-05,1766382428.8023398
Stats/Learning_Rate,62650,9.999999747378752e-05,1766382542.0554745
Stats/Learning_Rate,62700,9.999999747378752e-05,1766382651.2507029
Stats/Learning_Rate,62750,9.999999747378752e-05,1766382765.9060977
Stats/Learning_Rate,62800,9.999999747378752e-05,1766382873.75189
Stats/Learning_Rate,62850,9.999999747378752e-05,1766382985.2572544
Stats/Learning_Rate,62900,9.999999747378752e-05,1766383093.9611967
Stats/Learning_Rate,62950,9.999999747378752e-05,1766383209.2964003
Stats/Learning_Rate,63000,9.999999747378752e-05,1766383322.8152773
Stats/Learning_Rate,63050,9.999999747378752e-05,1766383433.231121
Stats/Learning_Rate,63100,9.999999747378752e-05,1766383543.4814405
Stats/Learning_Rate,63150,9.999999747378752e-05,1766383658.5673177
Stats/Learning_Rate,63200,9.999999747378752e-05,1766383772.5037003
Stats/Learning_Rate,63250,9.999999747378752e-05,1766383885.0954988
Stats/Learning_Rate,63300,9.999999747378752e-05,1766383995.9218106
Stats/Learning_Rate,63350,9.999999747378752e-05,1766384104.3108397
Stats/Learning_Rate,63400,9.999999747378752e-05,1766384218.663837
Stats/Learning_Rate,63450,9.999999747378752e-05,1766384327.472038
Stats/Learning_Rate,63500,9.999999747378752e-05,1766384442.1522264
Stats/Learning_Rate,63550,9.999999747378752e-05,1766384555.9786472
Stats/Learning_Rate,63600,9.999999747378752e-05,1766384669.1925135
Stats/Learning_Rate,63650,9.999999747378752e-05,1766384782.4305346
Stats/Learning_Rate,63700,9.999999747378752e-05,1766384893.9542782
Stats/Learning_Rate,63750,9.999999747378752e-05,1766385005.1150672
Stats/Learning_Rate,63800,9.999999747378752e-05,1766385119.2728264
Stats/Learning_Rate,63850,9.999999747378752e-05,1766385233.615491
Stats/Learning_Rate,63900,9.999999747378752e-05,1766385349.338253
Stats/Learning_Rate,63950,9.999999747378752e-05,1766385460.9787283
Stats/Learning_Rate,64000,9.999999747378752e-05,1766385569.6199436
Stats/Learning_Rate,64050,9.999999747378752e-05,1766385682.8852484
Stats/Learning_Rate,64100,9.999999747378752e-05,1766385794.6387823
Stats/Learning_Rate,64150,9.999999747378752e-05,1766385911.7150855
Stats/Learning_Rate,64200,9.999999747378752e-05,1766386029.1862833
Stats/Learning_Rate,64250,9.999999747378752e-05,1766386148.001675
Stats/Learning_Rate,64300,9.999999747378752e-05,1766386263.8318815
Stats/Learning_Rate,64350,9.999999747378752e-05,1766386377.7365093
Stats/Learning_Rate,64400,9.999999747378752e-05,1766386495.1221278
Stats/Learning_Rate,64450,9.999999747378752e-05,1766386608.3632262
Stats/Learning_Rate,64500,9.999999747378752e-05,1766386720.1188295
Stats/Learning_Rate,64550,9.999999747378752e-05,1766386832.8152595
Stats/Learning_Rate,64600,9.999999747378752e-05,1766386945.3126016
Stats/Learning_Rate,64650,9.999999747378752e-05,1766387058.6434906
Stats/Learning_Rate,64700,9.999999747378752e-05,1766387168.652014
Stats/Learning_Rate,64750,9.999999747378752e-05,1766387279.2395563
Stats/Learning_Rate,64800,9.999999747378752e-05,1766387389.9350336
Stats/Learning_Rate,64850,9.999999747378752e-05,1766387504.1397595
Stats/Learning_Rate,64900,9.999999747378752e-05,1766387613.7229233
Stats/Learning_Rate,64950,9.999999747378752e-05,1766387727.7605424
Stats/Learning_Rate,65000,9.999999747378752e-05,1766387838.151674
Stats/Learning_Rate,65050,9.999999747378752e-05,1766387952.1852822
Stats/Learning_Rate,65100,9.999999747378752e-05,1766388064.8681152
Stats/Learning_Rate,65150,9.999999747378752e-05,1766388176.858179
Stats/Learning_Rate,65200,9.999999747378752e-05,1766388291.4934955
Stats/Learning_Rate,65250,9.999999747378752e-05,1766388403.391907
Stats/Learning_Rate,65300,9.999999747378752e-05,1766388517.4761484
Stats/Learning_Rate,65350,9.999999747378752e-05,1766388627.8520057
Stats/Learning_Rate,65400,9.999999747378752e-05,1766388737.6921995
Stats/Learning_Rate,65450,9.999999747378752e-05,1766388854.8725238
Stats/Learning_Rate,65500,9.999999747378752e-05,1766388967.927468
Stats/Learning_Rate,65550,9.999999747378752e-05,1766389086.201553
Stats/Learning_Rate,65600,9.999999747378752e-05,1766389203.0473795
Stats/Learning_Rate,65650,9.999999747378752e-05,1766389316.838034
Stats/Learning_Rate,65700,9.999999747378752e-05,1766389435.0519397
Stats/Learning_Rate,65750,9.999999747378752e-05,1766389548.2634702
Stats/Learning_Rate,65800,9.999999747378752e-05,1766389661.1487525
Stats/Learning_Rate,65850,9.999999747378752e-05,1766389773.9556468
Stats/Learning_Rate,65900,9.999999747378752e-05,1766389888.4068406
Stats/Learning_Rate,65950,9.999999747378752e-05,1766390002.4282076
Stats/Learning_Rate,66000,9.999999747378752e-05,1766390114.005856
Stats/Learning_Rate,66050,9.999999747378752e-05,1766390231.1006362
Stats/Learning_Rate,66100,9.999999747378752e-05,1766390343.3279142
Stats/Learning_Rate,66150,9.999999747378752e-05,1766390455.0410154
Stats/Learning_Rate,66200,9.999999747378752e-05,1766390566.5386252
Stats/Learning_Rate,66250,9.999999747378752e-05,1766390679.9066226
Stats/Learning_Rate,66300,9.999999747378752e-05,1766390793.6148653
Stats/Learning_Rate,66350,9.999999747378752e-05,1766390905.2678673
Stats/Learning_Rate,66400,9.999999747378752e-05,1766391019.202043
Stats/Learning_Rate,66450,9.999999747378752e-05,1766391132.5117223
Stats/Learning_Rate,66500,9.999999747378752e-05,1766391244.1665773
Stats/Learning_Rate,66550,9.999999747378752e-05,1766391358.3974826
Stats/Learning_Rate,66600,9.999999747378752e-05,1766391469.66408
Stats/Learning_Rate,66650,9.999999747378752e-05,1766391582.7524388
Stats/Learning_Rate,66700,9.999999747378752e-05,1766391698.1378384
Stats/Learning_Rate,66750,9.999999747378752e-05,1766391805.9021606
Stats/Learning_Rate,66800,9.999999747378752e-05,1766391919.300757
Stats/Learning_Rate,66850,9.999999747378752e-05,1766392031.7839954
Stats/Learning_Rate,66900,9.999999747378752e-05,1766392145.9364786
Stats/Learning_Rate,66950,9.999999747378752e-05,1766392257.7093635
Stats/Learning_Rate,67000,9.999999747378752e-05,1766392370.6491406
Stats/Learning_Rate,67050,9.999999747378752e-05,1766392479.1000366
Stats/Learning_Rate,67100,9.999999747378752e-05,1766392592.1428483
Stats/Learning_Rate,67150,9.999999747378752e-05,1766392703.7163732
Stats/Learning_Rate,67200,9.999999747378752e-05,1766392816.6898103
Stats/Learning_Rate,67250,9.999999747378752e-05,1766392929.0108805
Stats/Learning_Rate,67300,9.999999747378752e-05,1766393043.2608094
Stats/Learning_Rate,67350,9.999999747378752e-05,1766393156.673055
Stats/Learning_Rate,67400,9.999999747378752e-05,1766393269.8635206
Stats/Learning_Rate,67450,9.999999747378752e-05,1766393382.9072802
Stats/Learning_Rate,67500,9.999999747378752e-05,1766393498.6570911
Stats/Learning_Rate,67550,9.999999747378752e-05,1766393609.8694842
Stats/Learning_Rate,67600,9.999999747378752e-05,1766393725.8150065
Stats/Learning_Rate,67650,9.999999747378752e-05,1766393836.8383427
Stats/Learning_Rate,67700,9.999999747378752e-05,1766393950.9387503
Stats/Learning_Rate,67750,9.999999747378752e-05,1766394061.8165529
Stats/Learning_Rate,67800,9.999999747378752e-05,1766394170.5922408
Stats/Learning_Rate,67850,9.999999747378752e-05,1766394282.0859513
Stats/Learning_Rate,67900,9.999999747378752e-05,1766394396.8334067
Stats/Learning_Rate,67950,9.999999747378752e-05,1766394513.7409725
Stats/Learning_Rate,68000,9.999999747378752e-05,1766394625.308102
Stats/Learning_Rate,68050,9.999999747378752e-05,1766394736.4343774
Stats/Learning_Rate,68100,9.999999747378752e-05,1766394850.2115443
Stats/Learning_Rate,68150,9.999999747378752e-05,1766394960.3470488
Stats/Learning_Rate,68200,9.999999747378752e-05,1766395071.970989
Stats/Learning_Rate,68250,9.999999747378752e-05,1766395188.7987747
Stats/Learning_Rate,68300,9.999999747378752e-05,1766395302.7179997
Stats/Learning_Rate,68350,9.999999747378752e-05,1766395415.624862
Stats/Learning_Rate,68400,9.999999747378752e-05,1766395530.410903
Stats/Learning_Rate,68450,9.999999747378752e-05,1766395644.2175574
Stats/Learning_Rate,68500,9.999999747378752e-05,1766395757.9673474
Stats/Learning_Rate,68550,9.999999747378752e-05,1766395870.8849287
Stats/Learning_Rate,68600,9.999999747378752e-05,1766395982.9051318
Stats/Learning_Rate,68650,9.999999747378752e-05,1766396094.2336102
Stats/Learning_Rate,68700,9.999999747378752e-05,1766396207.7422915
Stats/Learning_Rate,68750,9.999999747378752e-05,1766396321.9663665
Stats/Learning_Rate,68800,9.999999747378752e-05,1766396436.2723382
Stats/Learning_Rate,68850,9.999999747378752e-05,1766396546.8094203
Stats/Learning_Rate,68900,9.999999747378752e-05,1766396661.3897576
Stats/Learning_Rate,68950,9.999999747378752e-05,1766396775.6499453
Stats/Learning_Rate,69000,9.999999747378752e-05,1766396886.6523964
Stats/Learning_Rate,69050,9.999999747378752e-05,1766396999.1518788
Stats/Learning_Rate,69100,9.999999747378752e-05,1766397109.245277
Stats/Learning_Rate,69150,9.999999747378752e-05,1766397222.618906
Stats/Learning_Rate,69200,9.999999747378752e-05,1766397337.8784473
Stats/Learning_Rate,69250,9.999999747378752e-05,1766397449.3208034
Stats/Learning_Rate,69300,9.999999747378752e-05,1766397561.0493271
Stats/Learning_Rate,69350,9.999999747378752e-05,1766397671.6861699
Stats/Learning_Rate,69400,9.999999747378752e-05,1766397783.453992
Stats/Learning_Rate,69450,9.999999747378752e-05,1766397895.9565632
Stats/Learning_Rate,69500,9.999999747378752e-05,1766398006.1614265
Stats/Learning_Rate,69550,9.999999747378752e-05,1766398121.7156808
Stats/Learning_Rate,69600,9.999999747378752e-05,1766398235.5729008
Stats/Learning_Rate,69650,9.999999747378752e-05,1766398357.5088894
Stats/Learning_Rate,69700,9.999999747378752e-05,1766398471.3689992
Stats/Learning_Rate,69750,9.999999747378752e-05,1766398581.4227257
Stats/Learning_Rate,69800,9.999999747378752e-05,1766398695.996053
Stats/Learning_Rate,69850,9.999999747378752e-05,1766398815.2463024
Stats/Learning_Rate,69900,9.999999747378752e-05,1766398931.217225
Stats/Learning_Rate,69950,9.999999747378752e-05,1766399041.6250741
Stats/Learning_Rate,70000,9.999999747378752e-05,1766399153.2453053
Stats/Learning_Rate,70050,9.999999747378752e-05,1766399265.586067
Stats/Learning_Rate,70100,9.999999747378752e-05,1766399381.4015908
Stats/Learning_Rate,70150,9.999999747378752e-05,1766399493.4824579
Stats/Learning_Rate,70200,9.999999747378752e-05,1766399605.0905836
Stats/Learning_Rate,70250,9.999999747378752e-05,1766399717.8131266
Stats/Learning_Rate,70300,9.999999747378752e-05,1766399829.030393
Stats/Learning_Rate,70350,9.999999747378752e-05,1766399944.6009617
Stats/Learning_Rate,70400,9.999999747378752e-05,1766400058.946453
Stats/Learning_Rate,70450,9.999999747378752e-05,1766400172.7019336
Stats/Learning_Rate,70500,9.999999747378752e-05,1766400283.9438393
Stats/Learning_Rate,70550,9.999999747378752e-05,1766400397.24425
Stats/Learning_Rate,70600,9.999999747378752e-05,1766400509.507976
Stats/Learning_Rate,70650,9.999999747378752e-05,1766400622.7377913
Stats/Learning_Rate,70700,9.999999747378752e-05,1766400736.0634327
Stats/Learning_Rate,70750,9.999999747378752e-05,1766400847.9103146
Stats/Learning_Rate,70800,9.999999747378752e-05,1766400961.734428
Stats/Learning_Rate,70850,9.999999747378752e-05,1766401070.5306437
Stats/Learning_Rate,70900,9.999999747378752e-05,1766401186.1553216
Stats/Learning_Rate,70950,9.999999747378752e-05,1766401302.8813064
Stats/Learning_Rate,71000,9.999999747378752e-05,1766401414.5145464
Stats/Learning_Rate,71050,9.999999747378752e-05,1766401525.100921
Stats/Learning_Rate,71100,9.999999747378752e-05,1766401636.7647483
Stats/Learning_Rate,71150,9.999999747378752e-05,1766401746.7705421
Stats/Learning_Rate,71200,9.999999747378752e-05,1766401856.6529434
Stats/Learning_Rate,71250,9.999999747378752e-05,1766401969.2764058
Stats/Learning_Rate,71300,9.999999747378752e-05,1766402079.3917422
Stats/Learning_Rate,71350,9.999999747378752e-05,1766402192.7439218
Stats/Learning_Rate,71400,9.999999747378752e-05,1766402305.8479323
Stats/Learning_Rate,71450,9.999999747378752e-05,1766402415.689643
Stats/Learning_Rate,71500,9.999999747378752e-05,1766402524.7936969
Stats/Learning_Rate,71550,9.999999747378752e-05,1766402637.1985435
Stats/Learning_Rate,71600,9.999999747378752e-05,1766402752.3945954
Stats/Learning_Rate,71650,9.999999747378752e-05,1766402864.5694795
Stats/Learning_Rate,71700,9.999999747378752e-05,1766402980.0964208
Stats/Learning_Rate,71750,9.999999747378752e-05,1766403093.036581
Stats/Learning_Rate,71800,9.999999747378752e-05,1766403203.4743888
Stats/Learning_Rate,71850,9.999999747378752e-05,1766403311.603014
Stats/Learning_Rate,71900,9.999999747378752e-05,1766403421.7963917
Stats/Learning_Rate,71950,9.999999747378752e-05,1766403532.963055
Stats/Learning_Rate,72000,9.999999747378752e-05,1766403643.194074
Stats/Learning_Rate,72050,9.999999747378752e-05,1766403760.167039
Stats/Learning_Rate,72100,9.999999747378752e-05,1766403873.515262
Stats/Learning_Rate,72150,9.999999747378752e-05,1766403986.2897918
Stats/Learning_Rate,72200,9.999999747378752e-05,1766404095.9282014
Stats/Learning_Rate,72250,9.999999747378752e-05,1766404210.6767964
Stats/Learning_Rate,72300,9.999999747378752e-05,1766404323.7510314
Stats/Learning_Rate,72350,9.999999747378752e-05,1766404434.430856
Stats/Learning_Rate,72400,9.999999747378752e-05,1766404543.873367
Stats/Learning_Rate,72450,9.999999747378752e-05,1766404654.70563
Stats/Learning_Rate,72500,9.999999747378752e-05,1766404765.5681674
Stats/Learning_Rate,72550,9.999999747378752e-05,1766404877.1116097
Stats/Learning_Rate,72600,9.999999747378752e-05,1766404987.7796535
Stats/Learning_Rate,72650,9.999999747378752e-05,1766405102.6958985
Stats/Learning_Rate,72700,9.999999747378752e-05,1766405214.7024179
Stats/Learning_Rate,72750,9.999999747378752e-05,1766405328.9100587
Stats/Learning_Rate,72800,9.999999747378752e-05,1766405438.6446986
Stats/Learning_Rate,72850,9.999999747378752e-05,1766405552.2939558
Stats/Learning_Rate,72900,9.999999747378752e-05,1766405664.9116573
Stats/Learning_Rate,72950,9.999999747378752e-05,1766405776.0901496
Stats/Learning_Rate,73000,9.999999747378752e-05,1766405888.0576
Stats/Learning_Rate,73050,9.999999747378752e-05,1766405998.7555418
Stats/Learning_Rate,73100,9.999999747378752e-05,1766406113.6255822
Stats/Learning_Rate,73150,9.999999747378752e-05,1766406226.7297297
Stats/Learning_Rate,73200,9.999999747378752e-05,1766406339.3069673
Stats/Learning_Rate,73250,9.999999747378752e-05,1766406449.3744476
Stats/Learning_Rate,73300,9.999999747378752e-05,1766406557.3316026
Stats/Learning_Rate,73350,9.999999747378752e-05,1766406670.3287814
Stats/Learning_Rate,73400,9.999999747378752e-05,1766406784.0958338
Stats/Learning_Rate,73450,9.999999747378752e-05,1766406898.26377
Stats/Learning_Rate,73500,9.999999747378752e-05,1766407010.2165136
Stats/Learning_Rate,73550,9.999999747378752e-05,1766407123.8580532
Stats/Learning_Rate,73600,9.999999747378752e-05,1766407235.9389946
Stats/Learning_Rate,73650,9.999999747378752e-05,1766407350.2517915
Stats/Learning_Rate,73700,9.999999747378752e-05,1766407460.8009942
Stats/Learning_Rate,73750,9.999999747378752e-05,1766407570.8294883
Stats/Learning_Rate,73800,9.999999747378752e-05,1766407684.3319366
Stats/Learning_Rate,73850,9.999999747378752e-05,1766407798.691537
Stats/Learning_Rate,73900,9.999999747378752e-05,1766407912.6712592
Stats/Learning_Rate,73950,9.999999747378752e-05,1766408023.8829527
Stats/Learning_Rate,74000,9.999999747378752e-05,1766408136.5428638
Stats/Learning_Rate,74050,9.999999747378752e-05,1766408251.2088277
Stats/Learning_Rate,74100,9.999999747378752e-05,1766408367.2083557
Stats/Learning_Rate,74150,9.999999747378752e-05,1766408479.7474952
Stats/Learning_Rate,74200,9.999999747378752e-05,1766408591.9998834
Stats/Learning_Rate,74250,9.999999747378752e-05,1766408706.3655126
Stats/Learning_Rate,74300,9.999999747378752e-05,1766408818.6930463
Stats/Learning_Rate,74350,9.999999747378752e-05,1766408932.2154946
Stats/Learning_Rate,74400,9.999999747378752e-05,1766409043.418659
Stats/Learning_Rate,74450,9.999999747378752e-05,1766409158.1877732
Stats/Learning_Rate,74500,9.999999747378752e-05,1766409270.696192
Stats/Learning_Rate,74550,9.999999747378752e-05,1766409386.9838488
Stats/Learning_Rate,74600,9.999999747378752e-05,1766409498.7051077
Stats/Learning_Rate,74650,9.999999747378752e-05,1766409612.7295263
Stats/Learning_Rate,74700,9.999999747378752e-05,1766409720.321081
Stats/Learning_Rate,74750,9.999999747378752e-05,1766409834.0854297
Stats/Learning_Rate,74800,9.999999747378752e-05,1766409946.6198592
Stats/Learning_Rate,74850,9.999999747378752e-05,1766410063.6842482
Stats/Learning_Rate,74900,9.999999747378752e-05,1766410177.372525
Stats/Learning_Rate,74950,9.999999747378752e-05,1766410290.1878443
Stats/Learning_Rate,75000,9.999999747378752e-05,1766410400.983636
Stats/Learning_Rate,75050,9.999999747378752e-05,1766410511.501759
Stats/Learning_Rate,75100,9.999999747378752e-05,1766410622.1355684
Stats/Learning_Rate,75150,9.999999747378752e-05,1766410732.324266
Stats/Learning_Rate,75200,9.999999747378752e-05,1766410845.8907902
Stats/Learning_Rate,75250,9.999999747378752e-05,1766410958.4218404
Stats/Learning_Rate,75300,9.999999747378752e-05,1766411071.2688727
Stats/Learning_Rate,75350,9.999999747378752e-05,1766411188.213377
Stats/Learning_Rate,75400,9.999999747378752e-05,1766411303.6877577
Stats/Learning_Rate,75450,9.999999747378752e-05,1766411415.2607255
Stats/Learning_Rate,75500,9.999999747378752e-05,1766411528.607264
Stats/Learning_Rate,75550,9.999999747378752e-05,1766411642.5807898
Stats/Learning_Rate,75600,9.999999747378752e-05,1766411753.7293384
Stats/Learning_Rate,75650,9.999999747378752e-05,1766411869.295108
Stats/Learning_Rate,75700,9.999999747378752e-05,1766411983.3270004
Stats/Learning_Rate,75750,9.999999747378752e-05,1766412095.3692443
Stats/Learning_Rate,75800,9.999999747378752e-05,1766412206.955048
Stats/Learning_Rate,75850,9.999999747378752e-05,1766412317.1037214
Stats/Learning_Rate,75900,9.999999747378752e-05,1766412432.0717566
Stats/Learning_Rate,75950,9.999999747378752e-05,1766412544.7416947
Stats/Learning_Rate,76000,9.999999747378752e-05,1766412654.7976515
Stats/Learning_Rate,76050,9.999999747378752e-05,1766412762.6186023
Stats/Learning_Rate,76100,9.999999747378752e-05,1766412875.667133
Stats/Learning_Rate,76150,9.999999747378752e-05,1766412987.2864418
Stats/Learning_Rate,76200,9.999999747378752e-05,1766413099.6765914
Stats/Learning_Rate,76250,9.999999747378752e-05,1766413212.6407733
Stats/Learning_Rate,76300,9.999999747378752e-05,1766413325.8732834
Stats/Learning_Rate,76350,9.999999747378752e-05,1766413438.3508315
Stats/Learning_Rate,76400,9.999999747378752e-05,1766413553.5286043
Stats/Learning_Rate,76450,9.999999747378752e-05,1766413667.7812135
Stats/Learning_Rate,76500,9.999999747378752e-05,1766413780.8555484
Stats/Learning_Rate,76550,9.999999747378752e-05,1766413894.5097632
Stats/Learning_Rate,76600,9.999999747378752e-05,1766414008.5857968
Stats/Learning_Rate,76650,9.999999747378752e-05,1766414121.0902772
Stats/Learning_Rate,76700,9.999999747378752e-05,1766414234.0250106
Stats/Learning_Rate,76750,9.999999747378752e-05,1766414341.6943562
Stats/Learning_Rate,76800,9.999999747378752e-05,1766414452.2257147
Stats/Learning_Rate,76850,9.999999747378752e-05,1766414566.4093375
Stats/Learning_Rate,76900,9.999999747378752e-05,1766414676.5649312
Stats/Learning_Rate,76950,9.999999747378752e-05,1766414789.1856413
Stats/Learning_Rate,77000,9.999999747378752e-05,1766414902.5447152
Stats/Learning_Rate,77050,9.999999747378752e-05,1766415014.5219657
Stats/Learning_Rate,77100,9.999999747378752e-05,1766415126.8210154
Stats/Learning_Rate,77150,9.999999747378752e-05,1766415237.3033144
Stats/Learning_Rate,77200,9.999999747378752e-05,1766415348.470657
Stats/Learning_Rate,77250,9.999999747378752e-05,1766415461.3716085
Stats/Learning_Rate,77300,9.999999747378752e-05,1766415573.8363945
Stats/Learning_Rate,77350,9.999999747378752e-05,1766415684.720847
Stats/Learning_Rate,77400,9.999999747378752e-05,1766415798.418581
Stats/Learning_Rate,77450,9.999999747378752e-05,1766415911.4519687
Stats/Learning_Rate,77500,9.999999747378752e-05,1766416021.9339504
Stats/Learning_Rate,77550,9.999999747378752e-05,1766416134.3394303
Stats/Learning_Rate,77600,9.999999747378752e-05,1766416246.7788336
Stats/Learning_Rate,77650,9.999999747378752e-05,1766416356.628571
Stats/Learning_Rate,77700,9.999999747378752e-05,1766416470.6531734
Stats/Learning_Rate,77750,9.999999747378752e-05,1766416586.5800107
Stats/Learning_Rate,77800,9.999999747378752e-05,1766416704.529126
Stats/Learning_Rate,77850,9.999999747378752e-05,1766416821.5807285
Stats/Learning_Rate,77900,9.999999747378752e-05,1766416936.2881906
Stats/Learning_Rate,77950,9.999999747378752e-05,1766417048.1586854
Stats/Learning_Rate,78000,9.999999747378752e-05,1766417160.2263236
Stats/Learning_Rate,78050,9.999999747378752e-05,1766417266.6300685
Stats/Learning_Rate,78100,9.999999747378752e-05,1766417379.764139
Stats/Learning_Rate,78150,9.999999747378752e-05,1766417493.0486963
Stats/Learning_Rate,78200,9.999999747378752e-05,1766417607.896397
Stats/Learning_Rate,78250,9.999999747378752e-05,1766417717.3798602
Stats/Learning_Rate,78300,9.999999747378752e-05,1766417831.3189557
Stats/Learning_Rate,78350,9.999999747378752e-05,1766417944.4115453
Stats/Learning_Rate,78400,9.999999747378752e-05,1766418058.4374824
Stats/Learning_Rate,78450,9.999999747378752e-05,1766418173.3356512
Stats/Learning_Rate,78500,9.999999747378752e-05,1766418286.5746984
Stats/Learning_Rate,78550,9.999999747378752e-05,1766418402.6397045
Stats/Learning_Rate,78600,9.999999747378752e-05,1766418512.3715901
Stats/Learning_Rate,78650,9.999999747378752e-05,1766418625.7081761
Stats/Learning_Rate,78700,9.999999747378752e-05,1766418738.3040025
Stats/Learning_Rate,78750,9.999999747378752e-05,1766418852.2134268
Stats/Learning_Rate,78800,9.999999747378752e-05,1766418965.281327
Stats/Learning_Rate,78850,9.999999747378752e-05,1766419078.3962638
Stats/Learning_Rate,78900,9.999999747378752e-05,1766419191.680298
Stats/Learning_Rate,78950,9.999999747378752e-05,1766419305.8854325
Stats/Learning_Rate,79000,9.999999747378752e-05,1766419419.5671313
Stats/Learning_Rate,79050,9.999999747378752e-05,1766419533.415388
Stats/Learning_Rate,79100,9.999999747378752e-05,1766419648.880869
Stats/Learning_Rate,79150,9.999999747378752e-05,1766419762.3163252
Stats/Learning_Rate,79200,9.999999747378752e-05,1766419878.937497
Stats/Learning_Rate,79250,9.999999747378752e-05,1766419990.7954412
Stats/Learning_Rate,79300,9.999999747378752e-05,1766420103.755067
Stats/Learning_Rate,79350,9.999999747378752e-05,1766420218.9377613
Stats/Learning_Rate,79400,9.999999747378752e-05,1766420333.1725883
Stats/Learning_Rate,79450,9.999999747378752e-05,1766420442.709351
Stats/Learning_Rate,79500,9.999999747378752e-05,1766420556.8190749
Stats/Learning_Rate,79550,9.999999747378752e-05,1766420667.3135347
Stats/Learning_Rate,79600,9.999999747378752e-05,1766420779.9351046
Stats/Learning_Rate,79650,9.999999747378752e-05,1766420893.0148208
Stats/Learning_Rate,79700,9.999999747378752e-05,1766421005.4920058
Stats/Learning_Rate,79750,9.999999747378752e-05,1766421113.296341
Stats/Learning_Rate,79800,9.999999747378752e-05,1766421227.392328
Stats/Learning_Rate,79850,9.999999747378752e-05,1766421343.1036742
Stats/Learning_Rate,79900,9.999999747378752e-05,1766421456.3745694
Stats/Learning_Rate,79950,9.999999747378752e-05,1766421568.741784
Stats/Learning_Rate,80000,9.999999747378752e-05,1766421680.2151608
Stats/Learning_Rate,80050,9.999999747378752e-05,1766421789.4389014
Stats/Learning_Rate,80100,9.999999747378752e-05,1766421900.756876
Stats/Learning_Rate,80150,9.999999747378752e-05,1766422010.298152
Stats/Learning_Rate,80200,9.999999747378752e-05,1766422120.80563
Stats/Learning_Rate,80250,9.999999747378752e-05,1766422232.428327
Stats/Learning_Rate,80300,9.999999747378752e-05,1766422348.5216703
Stats/Learning_Rate,80350,9.999999747378752e-05,1766422460.8943555
Stats/Learning_Rate,80400,9.999999747378752e-05,1766422576.796376
Stats/Learning_Rate,80450,9.999999747378752e-05,1766422689.4749808
Stats/Learning_Rate,80500,9.999999747378752e-05,1766422799.3669956
Stats/Learning_Rate,80550,9.999999747378752e-05,1766422912.8462617
Stats/Learning_Rate,80600,9.999999747378752e-05,1766423025.2216656
Stats/Learning_Rate,80650,9.999999747378752e-05,1766423134.4904208
Stats/Learning_Rate,80700,9.999999747378752e-05,1766423248.1653147
Stats/Learning_Rate,80750,9.999999747378752e-05,1766423360.3355203
Stats/Learning_Rate,80800,9.999999747378752e-05,1766423471.5014935
Stats/Learning_Rate,80850,9.999999747378752e-05,1766423584.9050841
Stats/Learning_Rate,80900,9.999999747378752e-05,1766423698.9588146
Stats/Learning_Rate,80950,9.999999747378752e-05,1766423810.6204007
Stats/Learning_Rate,81000,9.999999747378752e-05,1766423925.1804066
Stats/Learning_Rate,81050,9.999999747378752e-05,1766424034.5829802
Stats/Learning_Rate,81100,9.999999747378752e-05,1766424141.3583555
Stats/Learning_Rate,81150,9.999999747378752e-05,1766424253.5037103
Stats/Learning_Rate,81200,9.999999747378752e-05,1766424364.356962
Stats/Learning_Rate,81250,9.999999747378752e-05,1766424470.6185215
Stats/Learning_Rate,81300,9.999999747378752e-05,1766424587.250056
Stats/Learning_Rate,81350,9.999999747378752e-05,1766424697.5111609
Stats/Learning_Rate,81400,9.999999747378752e-05,1766424810.713188
Stats/Learning_Rate,81450,9.999999747378752e-05,1766424923.3493588
Stats/Learning_Rate,81500,9.999999747378752e-05,1766425035.7312093
Stats/Learning_Rate,81550,9.999999747378752e-05,1766425146.321678
Stats/Learning_Rate,81600,9.999999747378752e-05,1766425260.1906228
Stats/Learning_Rate,81650,9.999999747378752e-05,1766425374.7740126
Stats/Learning_Rate,81700,9.999999747378752e-05,1766425487.0657387
Stats/Learning_Rate,81750,9.999999747378752e-05,1766425601.883808
Stats/Learning_Rate,81800,9.999999747378752e-05,1766425714.0275202
Stats/Learning_Rate,81850,9.999999747378752e-05,1766425826.5804574
Stats/Learning_Rate,81900,9.999999747378752e-05,1766425938.0399852
Stats/Learning_Rate,81950,9.999999747378752e-05,1766426052.0740466
Stats/Learning_Rate,82000,9.999999747378752e-05,1766426164.6525493
Stats/Learning_Rate,82050,9.999999747378752e-05,1766426275.2099774
Stats/Learning_Rate,82100,9.999999747378752e-05,1766426387.856104
Stats/Learning_Rate,82150,9.999999747378752e-05,1766426497.8128436
Stats/Learning_Rate,82200,9.999999747378752e-05,1766426612.2024066
Stats/Learning_Rate,82250,9.999999747378752e-05,1766426726.5456314
Stats/Learning_Rate,82300,9.999999747378752e-05,1766426838.7565978
Stats/Learning_Rate,82350,9.999999747378752e-05,1766426950.7775278
Stats/Learning_Rate,82400,9.999999747378752e-05,1766427062.7231677
Stats/Learning_Rate,82450,9.999999747378752e-05,1766427173.4687533
Stats/Learning_Rate,82500,9.999999747378752e-05,1766427284.4982388
Stats/Learning_Rate,82550,9.999999747378752e-05,1766427401.9644105
Stats/Learning_Rate,82600,9.999999747378752e-05,1766427514.556284
Stats/Learning_Rate,82650,9.999999747378752e-05,1766427628.4982445
Stats/Learning_Rate,82700,9.999999747378752e-05,1766427738.7782366
Stats/Learning_Rate,82750,9.999999747378752e-05,1766427850.4167445
Stats/Learning_Rate,82800,9.999999747378752e-05,1766427965.3782244
Stats/Learning_Rate,82850,9.999999747378752e-05,1766428076.4278836
Stats/Learning_Rate,82900,9.999999747378752e-05,1766428189.3408911
Stats/Learning_Rate,82950,9.999999747378752e-05,1766428301.8723125
Stats/Learning_Rate,83000,9.999999747378752e-05,1766428409.3374598
Stats/Learning_Rate,83050,9.999999747378752e-05,1766428521.4620664
Stats/Learning_Rate,83100,9.999999747378752e-05,1766428631.6821558
Stats/Learning_Rate,83150,9.999999747378752e-05,1766428747.171242
Stats/Learning_Rate,83200,9.999999747378752e-05,1766428859.1490383
Stats/Learning_Rate,83250,9.999999747378752e-05,1766428974.1517365
Stats/Learning_Rate,83300,9.999999747378752e-05,1766429084.7702396
Stats/Learning_Rate,83350,9.999999747378752e-05,1766429194.79958
Stats/Learning_Rate,83400,9.999999747378752e-05,1766429308.2397714
Stats/Learning_Rate,83450,9.999999747378752e-05,1766429423.1550167
Stats/Learning_Rate,83500,9.999999747378752e-05,1766429536.4639776
Stats/Learning_Rate,83550,9.999999747378752e-05,1766429650.548225
Stats/Learning_Rate,83600,9.999999747378752e-05,1766429765.0169365
Stats/Learning_Rate,83650,9.999999747378752e-05,1766429879.3099525
Stats/Learning_Rate,83700,9.999999747378752e-05,1766429991.5756707
Stats/Learning_Rate,83750,9.999999747378752e-05,1766430106.8924067
Stats/Learning_Rate,83800,9.999999747378752e-05,1766430221.66459
Stats/Learning_Rate,83850,9.999999747378752e-05,1766430333.7388911
Stats/Learning_Rate,83900,9.999999747378752e-05,1766430447.4696114
Stats/Learning_Rate,83950,9.999999747378752e-05,1766430557.9311554
Stats/Learning_Rate,84000,9.999999747378752e-05,1766430671.9498162
Stats/Learning_Rate,84050,9.999999747378752e-05,1766430783.5287929
Stats/Learning_Rate,84100,9.999999747378752e-05,1766430897.8917155
Stats/Learning_Rate,84150,9.999999747378752e-05,1766431010.813184
Stats/Learning_Rate,84200,9.999999747378752e-05,1766431125.6087177
Stats/Learning_Rate,84250,9.999999747378752e-05,1766431238.1281023
Stats/Learning_Rate,84300,9.999999747378752e-05,1766431350.2774498
Stats/Learning_Rate,84350,9.999999747378752e-05,1766431462.4692843
Stats/Learning_Rate,84400,9.999999747378752e-05,1766431577.36751
Stats/Learning_Rate,84450,9.999999747378752e-05,1766431689.0845878
Stats/Learning_Rate,84500,9.999999747378752e-05,1766431805.0012612
Stats/Learning_Rate,84550,9.999999747378752e-05,1766431921.5448015
Stats/Learning_Rate,84600,9.999999747378752e-05,1766432034.729717
Stats/Learning_Rate,84650,9.999999747378752e-05,1766432144.920703
Stats/Learning_Rate,84700,9.999999747378752e-05,1766432254.5082297
Stats/Learning_Rate,84750,9.999999747378752e-05,1766432364.9990633
Stats/Learning_Rate,84800,9.999999747378752e-05,1766432479.7341871
Stats/Learning_Rate,84850,9.999999747378752e-05,1766432590.1446078
Stats/Learning_Rate,84900,9.999999747378752e-05,1766432703.2791812
Stats/Learning_Rate,84950,9.999999747378752e-05,1766432816.329625
Stats/Learning_Rate,85000,9.999999747378752e-05,1766432931.0289392
Stats/Learning_Rate,85050,9.999999747378752e-05,1766433044.1724067
Stats/Learning_Rate,85100,9.999999747378752e-05,1766433154.8607576
Stats/Learning_Rate,85150,9.999999747378752e-05,1766433269.0547383
Stats/Learning_Rate,85200,9.999999747378752e-05,1766433378.6031184
Stats/Learning_Rate,85250,9.999999747378752e-05,1766433492.6842108
Stats/Learning_Rate,85300,9.999999747378752e-05,1766433605.7616944
Stats/Learning_Rate,85350,9.999999747378752e-05,1766433720.640528
Stats/Learning_Rate,85400,9.999999747378752e-05,1766433833.9457204
Stats/Learning_Rate,85450,9.999999747378752e-05,1766433948.2647898
Stats/Learning_Rate,85500,9.999999747378752e-05,1766434060.426969
Stats/Learning_Rate,85550,9.999999747378752e-05,1766434172.7848773
Stats/Learning_Rate,85600,9.999999747378752e-05,1766434283.0729284
Stats/Learning_Rate,85650,9.999999747378752e-05,1766434395.057494
Stats/Learning_Rate,85700,9.999999747378752e-05,1766434508.494925
Stats/Learning_Rate,85750,9.999999747378752e-05,1766434617.0200584
Stats/Learning_Rate,85800,9.999999747378752e-05,1766434729.3660839
Stats/Learning_Rate,85850,9.999999747378752e-05,1766434841.8956003
Stats/Learning_Rate,85900,9.999999747378752e-05,1766434957.4669785
Stats/Learning_Rate,85950,9.999999747378752e-05,1766435069.7816272
Stats/Learning_Rate,86000,9.999999747378752e-05,1766435176.9589858
Stats/Learning_Rate,86050,9.999999747378752e-05,1766435290.9552708
Stats/Learning_Rate,86100,9.999999747378752e-05,1766435402.7990093
Stats/Learning_Rate,86150,9.999999747378752e-05,1766435515.4107351
Stats/Learning_Rate,86200,9.999999747378752e-05,1766435628.9288611
Stats/Learning_Rate,86250,9.999999747378752e-05,1766435738.4155953
Stats/Learning_Rate,86300,9.999999747378752e-05,1766435851.369822
Stats/Learning_Rate,86350,9.999999747378752e-05,1766435967.116654
Stats/Learning_Rate,86400,9.999999747378752e-05,1766436080.252403
Stats/Learning_Rate,86450,9.999999747378752e-05,1766436191.6385634
Stats/Learning_Rate,86500,9.999999747378752e-05,1766436300.8226857
Stats/Learning_Rate,86550,9.999999747378752e-05,1766436412.7464566
Stats/Learning_Rate,86600,9.999999747378752e-05,1766436526.7892628
Stats/Learning_Rate,86650,9.999999747378752e-05,1766436640.1407921
Stats/Learning_Rate,86700,9.999999747378752e-05,1766436756.5330288
Stats/Learning_Rate,86750,9.999999747378752e-05,1766436868.0286295
Stats/Learning_Rate,86800,9.999999747378752e-05,1766436981.7301838
Stats/Learning_Rate,86850,9.999999747378752e-05,1766437095.0564928
Stats/Learning_Rate,86900,9.999999747378752e-05,1766437207.7504559
Stats/Learning_Rate,86950,9.999999747378752e-05,1766437321.9761066
Stats/Learning_Rate,87000,9.999999747378752e-05,1766437436.3282413
Stats/Learning_Rate,87050,9.999999747378752e-05,1766437548.2935877
Stats/Learning_Rate,87100,9.999999747378752e-05,1766437661.1209695
Stats/Learning_Rate,87150,9.999999747378752e-05,1766437771.8956482
Stats/Learning_Rate,87200,9.999999747378752e-05,1766437882.6333077
Stats/Learning_Rate,87250,9.999999747378752e-05,1766437996.6941054
Stats/Learning_Rate,87300,9.999999747378752e-05,1766438107.659108
Stats/Learning_Rate,87350,9.999999747378752e-05,1766438222.697869
Stats/Learning_Rate,87400,9.999999747378752e-05,1766438333.7042403
Stats/Learning_Rate,87450,9.999999747378752e-05,1766438448.459209
Stats/Learning_Rate,87500,9.999999747378752e-05,1766438557.2284665
Stats/Learning_Rate,87550,9.999999747378752e-05,1766438667.807978
Stats/Learning_Rate,87600,9.999999747378752e-05,1766438782.0404642
Stats/Learning_Rate,87650,9.999999747378752e-05,1766438894.7845345
Stats/Learning_Rate,87700,9.999999747378752e-05,1766439013.5922005
Stats/Learning_Rate,87750,9.999999747378752e-05,1766439130.6190317
Stats/Learning_Rate,87800,9.999999747378752e-05,1766439242.184907
Stats/Learning_Rate,87850,9.999999747378752e-05,1766439354.9615571
Stats/Learning_Rate,87900,9.999999747378752e-05,1766439471.2455983
Stats/Learning_Rate,87950,9.999999747378752e-05,1766439585.0824144
Stats/Learning_Rate,88000,9.999999747378752e-05,1766439702.4219575
Stats/Learning_Rate,88050,9.999999747378752e-05,1766439809.8793488
Stats/Learning_Rate,88100,9.999999747378752e-05,1766439919.5115988
Stats/Learning_Rate,88150,9.999999747378752e-05,1766440027.3219144
Stats/Learning_Rate,88200,9.999999747378752e-05,1766440139.7055204
Stats/Learning_Rate,88250,9.999999747378752e-05,1766440252.293937
Stats/Learning_Rate,88300,9.999999747378752e-05,1766440366.7126644
Stats/Learning_Rate,88350,9.999999747378752e-05,1766440481.08637
Stats/Learning_Rate,88400,9.999999747378752e-05,1766440593.4128704
Stats/Learning_Rate,88450,9.999999747378752e-05,1766440710.0155432
Stats/Learning_Rate,88500,9.999999747378752e-05,1766440821.505548
Stats/Learning_Rate,88550,9.999999747378752e-05,1766440934.4806554
Stats/Learning_Rate,88600,9.999999747378752e-05,1766441045.4524117
Stats/Learning_Rate,88650,9.999999747378752e-05,1766441163.1513968
Stats/Learning_Rate,88700,9.999999747378752e-05,1766441276.6293056
Stats/Learning_Rate,88750,9.999999747378752e-05,1766441387.9415913
Stats/Learning_Rate,88800,9.999999747378752e-05,1766441500.2594657
Stats/Learning_Rate,88850,9.999999747378752e-05,1766441612.9887085
Stats/Learning_Rate,88900,9.999999747378752e-05,1766441727.5777194
Stats/Learning_Rate,88950,9.999999747378752e-05,1766441833.3594015
Stats/Learning_Rate,89000,9.999999747378752e-05,1766441946.724565
Stats/Learning_Rate,89050,9.999999747378752e-05,1766442060.986077
Stats/Learning_Rate,89100,9.999999747378752e-05,1766442175.2708986
Stats/Learning_Rate,89150,9.999999747378752e-05,1766442289.651075
Stats/Learning_Rate,89200,9.999999747378752e-05,1766442403.0569108
Stats/Learning_Rate,89250,9.999999747378752e-05,1766442512.8633153
Stats/Learning_Rate,89300,9.999999747378752e-05,1766442627.0087395
Stats/Learning_Rate,89350,9.999999747378752e-05,1766442742.0629613
Stats/Learning_Rate,89400,9.999999747378752e-05,1766442853.928769
Stats/Learning_Rate,89450,9.999999747378752e-05,1766442968.1573687
Stats/Learning_Rate,89500,9.999999747378752e-05,1766443079.0347996
Stats/Learning_Rate,89550,9.999999747378752e-05,1766443191.7785957
Stats/Learning_Rate,89600,9.999999747378752e-05,1766443301.777978
Stats/Learning_Rate,89650,9.999999747378752e-05,1766443417.1688414
Stats/Learning_Rate,89700,9.999999747378752e-05,1766443529.4094133
Stats/Learning_Rate,89750,9.999999747378752e-05,1766443641.7161846
Stats/Learning_Rate,89800,9.999999747378752e-05,1766443754.4562824
Stats/Learning_Rate,89850,9.999999747378752e-05,1766443866.0505545
Stats/Learning_Rate,89900,9.999999747378752e-05,1766443975.9101567
Stats/Learning_Rate,89950,9.999999747378752e-05,1766444087.0130606
Stats/Learning_Rate,90000,9.999999747378752e-05,1766444199.9361718
Stats/Learning_Rate,90050,9.999999747378752e-05,1766444315.8368146
Stats/Learning_Rate,90100,9.999999747378752e-05,1766444430.6850367
Stats/Learning_Rate,90150,9.999999747378752e-05,1766444543.0572724
Stats/Learning_Rate,90200,9.999999747378752e-05,1766444657.6943243
Stats/Learning_Rate,90250,9.999999747378752e-05,1766444773.5821352
Stats/Learning_Rate,90300,9.999999747378752e-05,1766444886.13384
Stats/Learning_Rate,90350,9.999999747378752e-05,1766444997.2787964
Stats/Learning_Rate,90400,9.999999747378752e-05,1766445110.801155
Stats/Learning_Rate,90450,9.999999747378752e-05,1766445220.0217843
Stats/Learning_Rate,90500,9.999999747378752e-05,1766445332.6989007
Stats/Learning_Rate,90550,9.999999747378752e-05,1766445445.343428
Stats/Learning_Rate,90600,9.999999747378752e-05,1766445557.7402332
Stats/Learning_Rate,90650,9.999999747378752e-05,1766445670.9591548
Stats/Learning_Rate,90700,9.999999747378752e-05,1766445780.4435563
Stats/Learning_Rate,90750,9.999999747378752e-05,1766445894.1083272
Stats/Learning_Rate,90800,9.999999747378752e-05,1766446005.2041132
Stats/Learning_Rate,90850,9.999999747378752e-05,1766446116.9999385
Stats/Learning_Rate,90900,9.999999747378752e-05,1766446230.211857
Stats/Learning_Rate,90950,9.999999747378752e-05,1766446340.277124
Stats/Learning_Rate,91000,9.999999747378752e-05,1766446455.48743
Stats/Learning_Rate,91050,9.999999747378752e-05,1766446568.2665572
Stats/Learning_Rate,91100,9.999999747378752e-05,1766446681.3461964
Stats/Learning_Rate,91150,9.999999747378752e-05,1766446794.8472857
Stats/Learning_Rate,91200,9.999999747378752e-05,1766446908.8835983
Stats/Learning_Rate,91250,9.999999747378752e-05,1766447022.0486434
Stats/Learning_Rate,91300,9.999999747378752e-05,1766447133.3563292
Stats/Learning_Rate,91350,9.999999747378752e-05,1766447244.3069594
Stats/Learning_Rate,91400,9.999999747378752e-05,1766447356.7537696
Stats/Learning_Rate,91450,9.999999747378752e-05,1766447466.2514336
Stats/Learning_Rate,91500,9.999999747378752e-05,1766447576.5225725
Stats/Learning_Rate,91550,9.999999747378752e-05,1766447684.6031606
Stats/Learning_Rate,91600,9.999999747378752e-05,1766447799.480826
Stats/Learning_Rate,91650,9.999999747378752e-05,1766447914.0196917
Stats/Learning_Rate,91700,9.999999747378752e-05,1766448029.418348
Stats/Learning_Rate,91750,9.999999747378752e-05,1766448141.9160268
Stats/Learning_Rate,91800,9.999999747378752e-05,1766448252.7318275
Stats/Learning_Rate,91850,9.999999747378752e-05,1766448366.8470154
Stats/Learning_Rate,91900,9.999999747378752e-05,1766448476.5611043
Stats/Learning_Rate,91950,9.999999747378752e-05,1766448587.8030517
Stats/Learning_Rate,92000,9.999999747378752e-05,1766448697.3319328
Stats/Learning_Rate,92050,9.999999747378752e-05,1766448812.1141353
Stats/Learning_Rate,92100,9.999999747378752e-05,1766448925.2320385
Stats/Learning_Rate,92150,9.999999747378752e-05,1766449042.2996228
Stats/Learning_Rate,92200,9.999999747378752e-05,1766449152.2055428
Stats/Learning_Rate,92250,9.999999747378752e-05,1766449262.3080487
Stats/Learning_Rate,92300,9.999999747378752e-05,1766449374.1377387
Stats/Learning_Rate,92350,9.999999747378752e-05,1766449485.0988204
Stats/Learning_Rate,92400,9.999999747378752e-05,1766449599.0165074
Stats/Learning_Rate,92450,9.999999747378752e-05,1766449711.3723989
Stats/Learning_Rate,92500,9.999999747378752e-05,1766449821.7938616
Stats/Learning_Rate,92550,9.999999747378752e-05,1766449931.2778018
Stats/Learning_Rate,92600,9.999999747378752e-05,1766450044.9157367
Stats/Learning_Rate,92650,9.999999747378752e-05,1766450156.7841232
Stats/Learning_Rate,92700,9.999999747378752e-05,1766450271.242169
Stats/Learning_Rate,92750,9.999999747378752e-05,1766450380.0098968
Stats/Learning_Rate,92800,9.999999747378752e-05,1766450493.6838095
Stats/Learning_Rate,92850,9.999999747378752e-05,1766450609.0026445
Stats/Learning_Rate,92900,9.999999747378752e-05,1766450722.763557
Stats/Learning_Rate,92950,9.999999747378752e-05,1766450832.404241
Stats/Learning_Rate,93000,9.999999747378752e-05,1766450941.353634
Stats/Learning_Rate,93050,9.999999747378752e-05,1766451054.4103105
Stats/Learning_Rate,93100,9.999999747378752e-05,1766451166.7833266
Stats/Learning_Rate,93150,9.999999747378752e-05,1766451278.396398
Stats/Learning_Rate,93200,9.999999747378752e-05,1766451390.4131036
Stats/Learning_Rate,93250,9.999999747378752e-05,1766451507.3143992
Stats/Learning_Rate,93300,9.999999747378752e-05,1766451618.9644306
Stats/Learning_Rate,93350,9.999999747378752e-05,1766451730.2625797
Stats/Learning_Rate,93400,9.999999747378752e-05,1766451845.1466262
Stats/Learning_Rate,93450,9.999999747378752e-05,1766451960.5581274
Stats/Learning_Rate,93500,9.999999747378752e-05,1766452072.952836
Stats/Learning_Rate,93550,9.999999747378752e-05,1766452184.9927092
Stats/Learning_Rate,93600,9.999999747378752e-05,1766452302.7447681
Stats/Learning_Rate,93650,9.999999747378752e-05,1766452410.7591403
Stats/Learning_Rate,93700,9.999999747378752e-05,1766452519.3345573
Stats/Learning_Rate,93750,9.999999747378752e-05,1766452629.3295133
Stats/Learning_Rate,93800,9.999999747378752e-05,1766452743.6426797
Stats/Learning_Rate,93850,9.999999747378752e-05,1766452857.20808
Stats/Learning_Rate,93900,9.999999747378752e-05,1766452971.51155
Stats/Learning_Rate,93950,9.999999747378752e-05,1766453084.089792
Stats/Learning_Rate,94000,9.999999747378752e-05,1766453194.5170243
Stats/Learning_Rate,94050,9.999999747378752e-05,1766453308.6232967
Stats/Learning_Rate,94100,9.999999747378752e-05,1766453419.452021
Stats/Learning_Rate,94150,9.999999747378752e-05,1766453533.6657724
Stats/Learning_Rate,94200,9.999999747378752e-05,1766453644.6805706
Stats/Learning_Rate,94250,9.999999747378752e-05,1766453758.76551
Stats/Learning_Rate,94300,9.999999747378752e-05,1766453870.690562
Stats/Learning_Rate,94350,9.999999747378752e-05,1766453984.7429595
Stats/Learning_Rate,94400,9.999999747378752e-05,1766454098.1962385
Stats/Learning_Rate,94450,9.999999747378752e-05,1766454211.9336548
Stats/Learning_Rate,94500,9.999999747378752e-05,1766454325.8783994
Stats/Learning_Rate,94550,9.999999747378752e-05,1766454436.5234804
Stats/Learning_Rate,94600,9.999999747378752e-05,1766454546.3553388
Stats/Learning_Rate,94650,9.999999747378752e-05,1766454658.8316152
Stats/Learning_Rate,94700,9.999999747378752e-05,1766454772.7289765
Stats/Learning_Rate,94750,9.999999747378752e-05,1766454884.6505716
Stats/Learning_Rate,94800,9.999999747378752e-05,1766454995.2420888
Stats/Learning_Rate,94850,9.999999747378752e-05,1766455108.484864
Stats/Learning_Rate,94900,9.999999747378752e-05,1766455218.7681956
Stats/Learning_Rate,94950,9.999999747378752e-05,1766455330.9540212
Stats/Learning_Rate,95000,9.999999747378752e-05,1766455442.8054347
Stats/Learning_Rate,95050,9.999999747378752e-05,1766455553.7199824
Stats/Learning_Rate,95100,9.999999747378752e-05,1766455665.9021435
Stats/Learning_Rate,95150,9.999999747378752e-05,1766455778.6538472
Stats/Learning_Rate,95200,9.999999747378752e-05,1766455890.9902716
Stats/Learning_Rate,95250,9.999999747378752e-05,1766456000.688034
Stats/Learning_Rate,95300,9.999999747378752e-05,1766456116.1627197
Stats/Learning_Rate,95350,9.999999747378752e-05,1766456224.425404
Stats/Learning_Rate,95400,9.999999747378752e-05,1766456339.5243816
Stats/Learning_Rate,95450,9.999999747378752e-05,1766456451.4968119
Stats/Learning_Rate,95500,9.999999747378752e-05,1766456562.584551
Stats/Learning_Rate,95550,9.999999747378752e-05,1766456675.4681957
Stats/Learning_Rate,95600,9.999999747378752e-05,1766456788.2485437
Stats/Learning_Rate,95650,9.999999747378752e-05,1766456901.9756162
Stats/Learning_Rate,95700,9.999999747378752e-05,1766457018.181845
Stats/Learning_Rate,95750,9.999999747378752e-05,1766457130.4095185
Stats/Learning_Rate,95800,9.999999747378752e-05,1766457244.814007
Stats/Learning_Rate,95850,9.999999747378752e-05,1766457356.1302211
Stats/Learning_Rate,95900,9.999999747378752e-05,1766457466.3888154
Stats/Learning_Rate,95950,9.999999747378752e-05,1766457574.0690534
Stats/Learning_Rate,96000,9.999999747378752e-05,1766457689.609742
Stats/Learning_Rate,96050,9.999999747378752e-05,1766457802.0508142
Stats/Learning_Rate,96100,9.999999747378752e-05,1766457914.6347513
Stats/Learning_Rate,96150,9.999999747378752e-05,1766458029.2094426
Stats/Learning_Rate,96200,9.999999747378752e-05,1766458145.5178452
Stats/Learning_Rate,96250,9.999999747378752e-05,1766458256.3729355
Stats/Learning_Rate,96300,9.999999747378752e-05,1766458368.5856078
Stats/Learning_Rate,96350,9.999999747378752e-05,1766458481.8619835
Stats/Learning_Rate,96400,9.999999747378752e-05,1766458593.3650327
Stats/Learning_Rate,96450,9.999999747378752e-05,1766458704.978138
Stats/Learning_Rate,96500,9.999999747378752e-05,1766458816.6946547
Stats/Learning_Rate,96550,9.999999747378752e-05,1766458927.371724
Stats/Learning_Rate,96600,9.999999747378752e-05,1766459040.8877149
Stats/Learning_Rate,96650,9.999999747378752e-05,1766459153.8015678
Stats/Learning_Rate,96700,9.999999747378752e-05,1766459267.6341295
Stats/Learning_Rate,96750,9.999999747378752e-05,1766459378.1989868
Stats/Learning_Rate,96800,9.999999747378752e-05,1766459486.3995104
Stats/Learning_Rate,96850,9.999999747378752e-05,1766459602.0208576
Stats/Learning_Rate,96900,9.999999747378752e-05,1766459716.8215504
Stats/Learning_Rate,96950,9.999999747378752e-05,1766459824.954023
Stats/Learning_Rate,97000,9.999999747378752e-05,1766459936.3574638
Stats/Learning_Rate,97050,9.999999747378752e-05,1766460049.541594
Stats/Learning_Rate,97100,9.999999747378752e-05,1766460161.324577
Stats/Learning_Rate,97150,9.999999747378752e-05,1766460272.0181248
Stats/Learning_Rate,97200,9.999999747378752e-05,1766460387.2269247
Stats/Learning_Rate,97250,9.999999747378752e-05,1766460500.4997807
Stats/Learning_Rate,97300,9.999999747378752e-05,1766460612.0183032
Stats/Learning_Rate,97350,9.999999747378752e-05,1766460720.4019034
Stats/Learning_Rate,97400,9.999999747378752e-05,1766460834.1776521
Stats/Learning_Rate,97450,9.999999747378752e-05,1766460946.5570443
Stats/Learning_Rate,97500,9.999999747378752e-05,1766461060.6777678
Stats/Learning_Rate,97550,9.999999747378752e-05,1766461167.8055978
Stats/Learning_Rate,97600,9.999999747378752e-05,1766461279.2980785
Stats/Learning_Rate,97650,9.999999747378752e-05,1766461392.3205185
Stats/Learning_Rate,97700,9.999999747378752e-05,1766461503.7457812
Stats/Learning_Rate,97750,9.999999747378752e-05,1766461617.8314087
Stats/Learning_Rate,97800,9.999999747378752e-05,1766461729.5845249
Stats/Learning_Rate,97850,9.999999747378752e-05,1766461842.0475466
Stats/Learning_Rate,97900,9.999999747378752e-05,1766461957.5550127
Stats/Learning_Rate,97950,9.999999747378752e-05,1766462075.5235133
Stats/Learning_Rate,98000,9.999999747378752e-05,1766462187.721984
Stats/Learning_Rate,98050,9.999999747378752e-05,1766462302.1690438
Stats/Learning_Rate,98100,9.999999747378752e-05,1766462414.9860997
Stats/Learning_Rate,98150,9.999999747378752e-05,1766462524.8875134
Stats/Learning_Rate,98200,9.999999747378752e-05,1766462634.5651245
Stats/Learning_Rate,98250,9.999999747378752e-05,1766462746.5145018
Stats/Learning_Rate,98300,9.999999747378752e-05,1766462860.4541392
Stats/Learning_Rate,98350,9.999999747378752e-05,1766462973.2843351
Stats/Learning_Rate,98400,9.999999747378752e-05,1766463086.4026203
Stats/Learning_Rate,98450,9.999999747378752e-05,1766463201.5864484
Stats/Learning_Rate,98500,9.999999747378752e-05,1766463314.7449155
Stats/Learning_Rate,98550,9.999999747378752e-05,1766463427.3009722
Stats/Learning_Rate,98600,9.999999747378752e-05,1766463539.5693111
Stats/Learning_Rate,98650,9.999999747378752e-05,1766463653.1823165
Stats/Learning_Rate,98700,9.999999747378752e-05,1766463764.337148
Stats/Learning_Rate,98750,9.999999747378752e-05,1766463879.581951
Stats/Learning_Rate,98800,9.999999747378752e-05,1766463992.8333347
Stats/Learning_Rate,98850,9.999999747378752e-05,1766464103.4160297
Stats/Learning_Rate,98900,9.999999747378752e-05,1766464216.9640386
Stats/Learning_Rate,98950,9.999999747378752e-05,1766464325.5959272
Stats/Learning_Rate,99000,9.999999747378752e-05,1766464437.6027086
Stats/Learning_Rate,99050,9.999999747378752e-05,1766464553.128762
Stats/Learning_Rate,99100,9.999999747378752e-05,1766464667.451823
Stats/Learning_Rate,99150,9.999999747378752e-05,1766464779.1766694
Stats/Learning_Rate,99200,9.999999747378752e-05,1766464890.3615992
Stats/Learning_Rate,99250,9.999999747378752e-05,1766465003.766553
Stats/Learning_Rate,99300,9.999999747378752e-05,1766465118.3188436
Stats/Learning_Rate,99350,9.999999747378752e-05,1766465234.2213001
Stats/Learning_Rate,99400,9.999999747378752e-05,1766465343.0112116
Stats/Learning_Rate,99450,9.999999747378752e-05,1766465452.5320575
Stats/Learning_Rate,99500,9.999999747378752e-05,1766465566.412955
Stats/Learning_Rate,99550,9.999999747378752e-05,1766465682.3523724
Stats/Learning_Rate,99600,9.999999747378752e-05,1766465794.2612157
Stats/Learning_Rate,99650,9.999999747378752e-05,1766465902.50679
Stats/Learning_Rate,99700,9.999999747378752e-05,1766466016.4758165
Stats/Learning_Rate,99750,9.999999747378752e-05,1766466130.0618725
Stats/Learning_Rate,99800,9.999999747378752e-05,1766466240.1084929
Stats/Learning_Rate,99850,9.999999747378752e-05,1766466353.9674478
Stats/Learning_Rate,99900,9.999999747378752e-05,1766466466.5613735
Stats/Learning_Rate,99950,9.999999747378752e-05,1766466581.0337968
Stats/Learning_Rate,100000,9.999999747378752e-05,1766466692.9719348
Stats/Learning_Rate,100050,9.999999747378752e-05,1766466806.5633605
Stats/Learning_Rate,100100,9.999999747378752e-05,1766466923.5684464
Stats/Learning_Rate,100150,9.999999747378752e-05,1766467035.9883113
Stats/Learning_Rate,100200,9.999999747378752e-05,1766467146.598238
Stats/Learning_Rate,100250,9.999999747378752e-05,1766467260.798876
Stats/Learning_Rate,100300,9.999999747378752e-05,1766467377.5264268
Stats/Learning_Rate,100350,9.999999747378752e-05,1766467489.9436197
Stats/Learning_Rate,100400,9.999999747378752e-05,1766467604.5465386
Stats/Learning_Rate,100450,9.999999747378752e-05,1766467719.194959
Stats/Learning_Rate,100500,9.999999747378752e-05,1766467832.6641915
Stats/Learning_Rate,100550,9.999999747378752e-05,1766467943.3526597
Stats/Learning_Rate,100600,9.999999747378752e-05,1766468058.8058915
Stats/Learning_Rate,100650,9.999999747378752e-05,1766468175.4804964
Stats/Learning_Rate,100700,9.999999747378752e-05,1766468290.522077
Stats/Learning_Rate,100750,9.999999747378752e-05,1766468403.801597
Stats/Learning_Rate,100800,9.999999747378752e-05,1766468516.003736
Stats/Learning_Rate,100850,9.999999747378752e-05,1766468626.430047
Stats/Learning_Rate,100900,9.999999747378752e-05,1766468740.1200728
Stats/Learning_Rate,100950,9.999999747378752e-05,1766468855.0393968
Stats/Learning_Rate,101000,9.999999747378752e-05,1766468966.6303408
Stats/Learning_Rate,101050,9.999999747378752e-05,1766469080.5052001
Stats/Learning_Rate,101100,9.999999747378752e-05,1766469192.2139401
Stats/Learning_Rate,101150,9.999999747378752e-05,1766469302.5312083
Stats/Learning_Rate,101200,9.999999747378752e-05,1766469413.8446372
Stats/Learning_Rate,101250,9.999999747378752e-05,1766469528.7759895
Stats/Learning_Rate,101300,9.999999747378752e-05,1766469642.063887
Stats/Learning_Rate,101350,9.999999747378752e-05,1766469751.351907
Stats/Learning_Rate,101400,9.999999747378752e-05,1766469862.452325
Stats/Learning_Rate,101450,9.999999747378752e-05,1766469973.4389484
Stats/Learning_Rate,101500,9.999999747378752e-05,1766470084.3401642
Stats/Learning_Rate,101550,9.999999747378752e-05,1766470194.1706798
Stats/Learning_Rate,101600,9.999999747378752e-05,1766470307.9267063
Stats/Learning_Rate,101650,9.999999747378752e-05,1766470420.9884715
Stats/Learning_Rate,101700,9.999999747378752e-05,1766470534.0425029
Stats/Learning_Rate,101750,9.999999747378752e-05,1766470652.2922516
Stats/Learning_Rate,101800,9.999999747378752e-05,1766470761.3461797
Stats/Learning_Rate,101850,9.999999747378752e-05,1766470874.082263
Stats/Learning_Rate,101900,9.999999747378752e-05,1766470990.5662823
Stats/Learning_Rate,101950,9.999999747378752e-05,1766471107.149215
Stats/Learning_Rate,102000,9.999999747378752e-05,1766471219.2830157
Stats/Learning_Rate,102050,9.999999747378752e-05,1766471331.0767522
Stats/Learning_Rate,102100,9.999999747378752e-05,1766471441.221906
Stats/Learning_Rate,102150,9.999999747378752e-05,1766471554.1853626
Stats/Learning_Rate,102200,9.999999747378752e-05,1766471667.441988
Stats/Learning_Rate,102250,9.999999747378752e-05,1766471782.2808847
Stats/Learning_Rate,102300,9.999999747378752e-05,1766471892.2405043
Stats/Learning_Rate,102350,9.999999747378752e-05,1766472005.553468
Stats/Learning_Rate,102400,9.999999747378752e-05,1766472118.9154475
Stats/Learning_Rate,102450,9.999999747378752e-05,1766472232.658227
Stats/Learning_Rate,102500,9.999999747378752e-05,1766472344.2055862
Stats/Learning_Rate,102550,9.999999747378752e-05,1766472451.7489784
Stats/Learning_Rate,102600,9.999999747378752e-05,1766472558.3877988
Stats/Learning_Rate,102650,9.999999747378752e-05,1766472669.5900376
Stats/Learning_Rate,102700,9.999999747378752e-05,1766472781.5843115
Stats/Learning_Rate,102750,9.999999747378752e-05,1766472890.4766238
Stats/Learning_Rate,102800,9.999999747378752e-05,1766473003.326184
Stats/Learning_Rate,102850,9.999999747378752e-05,1766473114.4077604
Stats/Learning_Rate,102900,9.999999747378752e-05,1766473228.235789
Stats/Learning_Rate,102950,9.999999747378752e-05,1766473342.9943893
Stats/Learning_Rate,103000,9.999999747378752e-05,1766473455.2803965
Stats/Learning_Rate,103050,9.999999747378752e-05,1766473568.146151
Stats/Learning_Rate,103100,9.999999747378752e-05,1766473680.857933
Stats/Learning_Rate,103150,9.999999747378752e-05,1766473795.851889
Stats/Learning_Rate,103200,9.999999747378752e-05,1766473907.5196962
Stats/Learning_Rate,103250,9.999999747378752e-05,1766474020.0654037
Stats/Learning_Rate,103300,9.999999747378752e-05,1766474135.6018248
Stats/Learning_Rate,103350,9.999999747378752e-05,1766474247.382467
Stats/Learning_Rate,103400,9.999999747378752e-05,1766474358.6862495
Stats/Learning_Rate,103450,9.999999747378752e-05,1766474468.3055515
Stats/Learning_Rate,103500,9.999999747378752e-05,1766474587.4925582
Stats/Learning_Rate,103550,9.999999747378752e-05,1766474700.3192399
Stats/Learning_Rate,103600,9.999999747378752e-05,1766474810.9778953
Stats/Learning_Rate,103650,9.999999747378752e-05,1766474922.3867745
Stats/Learning_Rate,103700,9.999999747378752e-05,1766475035.564275
Stats/Learning_Rate,103750,9.999999747378752e-05,1766475150.3309422
Stats/Learning_Rate,103800,9.999999747378752e-05,1766475262.0937448
Stats/Learning_Rate,103850,9.999999747378752e-05,1766475373.8279915
Stats/Learning_Rate,103900,9.999999747378752e-05,1766475487.1336489
Stats/Learning_Rate,103950,9.999999747378752e-05,1766475600.356082
Stats/Learning_Rate,104000,9.999999747378752e-05,1766475714.1636
Stats/Learning_Rate,104050,9.999999747378752e-05,1766475828.2414715
Stats/Learning_Rate,104100,9.999999747378752e-05,1766475937.8749669
Stats/Learning_Rate,104150,9.999999747378752e-05,1766476047.763033
Stats/Learning_Rate,104200,9.999999747378752e-05,1766476161.6530535
Stats/Learning_Rate,104250,9.999999747378752e-05,1766476276.9032817
Stats/Learning_Rate,104300,9.999999747378752e-05,1766476387.0411232
Stats/Learning_Rate,104350,9.999999747378752e-05,1766476500.3858645
Stats/Learning_Rate,104400,9.999999747378752e-05,1766476614.1441977
Stats/Learning_Rate,104450,9.999999747378752e-05,1766476724.7202637
Stats/Learning_Rate,104500,9.999999747378752e-05,1766476838.5841289
Stats/Learning_Rate,104550,9.999999747378752e-05,1766476951.8838809
Stats/Learning_Rate,104600,9.999999747378752e-05,1766477061.612707
Stats/Learning_Rate,104650,9.999999747378752e-05,1766477176.393947
Stats/Learning_Rate,104700,9.999999747378752e-05,1766477286.6053686
Stats/Learning_Rate,104750,9.999999747378752e-05,1766477400.2622118
Stats/Learning_Rate,104800,9.999999747378752e-05,1766477515.9618616
Stats/Learning_Rate,104850,9.999999747378752e-05,1766477625.9459991
Stats/Learning_Rate,104900,9.999999747378752e-05,1766477743.0710943
Stats/Learning_Rate,104950,9.999999747378752e-05,1766477856.7176561
Stats/Learning_Rate,105000,9.999999747378752e-05,1766477972.5006473
Stats/Learning_Rate,105050,9.999999747378752e-05,1766478084.7932394
Stats/Learning_Rate,105100,9.999999747378752e-05,1766478201.5514848
Stats/Learning_Rate,105150,9.999999747378752e-05,1766478314.5053794
Stats/Learning_Rate,105200,9.999999747378752e-05,1766478426.7789001
Stats/Learning_Rate,105250,9.999999747378752e-05,1766478535.745673
Stats/Learning_Rate,105300,9.999999747378752e-05,1766478648.206132
Stats/Learning_Rate,105350,9.999999747378752e-05,1766478762.073307
Stats/Learning_Rate,105400,9.999999747378752e-05,1766478877.9104104
Stats/Learning_Rate,105450,9.999999747378752e-05,1766478990.2792566
Stats/Learning_Rate,105500,9.999999747378752e-05,1766479101.1028717
Stats/Learning_Rate,105550,9.999999747378752e-05,1766479210.4614987
Stats/Learning_Rate,105600,9.999999747378752e-05,1766479322.3876789
Stats/Learning_Rate,105650,9.999999747378752e-05,1766479435.810567
Stats/Learning_Rate,105700,9.999999747378752e-05,1766479550.571532
Stats/Learning_Rate,105750,9.999999747378752e-05,1766479662.6887178
Stats/Learning_Rate,105800,9.999999747378752e-05,1766479778.8271873
Stats/Learning_Rate,105850,9.999999747378752e-05,1766479893.6986966
Stats/Learning_Rate,105900,9.999999747378752e-05,1766480006.6696253
Stats/Learning_Rate,105950,9.999999747378752e-05,1766480117.9513605
Stats/Learning_Rate,106000,9.999999747378752e-05,1766480232.1569197
Stats/Learning_Rate,106050,9.999999747378752e-05,1766480348.2513232
Stats/Learning_Rate,106100,9.999999747378752e-05,1766480464.4694765
Stats/Learning_Rate,106150,9.999999747378752e-05,1766480579.0341253
Stats/Learning_Rate,106200,9.999999747378752e-05,1766480688.1797924
Stats/Learning_Rate,106250,9.999999747378752e-05,1766480804.6269708
Stats/Learning_Rate,106300,9.999999747378752e-05,1766480919.0273216
Stats/Learning_Rate,106350,9.999999747378752e-05,1766481032.4324183
Stats/Learning_Rate,106400,9.999999747378752e-05,1766481142.5662892
Stats/Learning_Rate,106450,9.999999747378752e-05,1766481256.7030673
Stats/Learning_Rate,106500,9.999999747378752e-05,1766481367.5122457
Stats/Learning_Rate,106550,9.999999747378752e-05,1766481485.2973883
Stats/Learning_Rate,106600,9.999999747378752e-05,1766481596.7093554
Stats/Learning_Rate,106650,9.999999747378752e-05,1766481706.8637042
Stats/Learning_Rate,106700,9.999999747378752e-05,1766481817.2163649
Stats/Learning_Rate,106750,9.999999747378752e-05,1766481929.8618977
Stats/Learning_Rate,106800,9.999999747378752e-05,1766482040.9756875
Stats/Learning_Rate,106850,9.999999747378752e-05,1766482154.4148374
Stats/Learning_Rate,106900,9.999999747378752e-05,1766482270.2635465
Stats/Learning_Rate,106950,9.999999747378752e-05,1766482382.551823
Stats/Learning_Rate,107000,9.999999747378752e-05,1766482493.7716124
Stats/Learning_Rate,107050,9.999999747378752e-05,1766482608.259259
Stats/Learning_Rate,107100,9.999999747378752e-05,1766482724.4251568
Stats/Learning_Rate,107150,9.999999747378752e-05,1766482840.7129169
Stats/Learning_Rate,107200,9.999999747378752e-05,1766482953.7631454
Stats/Learning_Rate,107250,9.999999747378752e-05,1766483068.713344
Stats/Learning_Rate,107300,9.999999747378752e-05,1766483180.1537075
Stats/Learning_Rate,107350,9.999999747378752e-05,1766483290.9344823
Stats/Learning_Rate,107400,9.999999747378752e-05,1766483402.6592093
Stats/Learning_Rate,107450,9.999999747378752e-05,1766483517.034406
Stats/Learning_Rate,107500,9.999999747378752e-05,1766483634.8970926
Stats/Learning_Rate,107550,9.999999747378752e-05,1766483749.06399
Stats/Learning_Rate,107600,9.999999747378752e-05,1766483865.328012
Stats/Learning_Rate,107650,9.999999747378752e-05,1766483980.2508829
Stats/Learning_Rate,107700,9.999999747378752e-05,1766484085.3062615
Stats/Learning_Rate,107750,9.999999747378752e-05,1766484198.5510323
Stats/Learning_Rate,107800,9.999999747378752e-05,1766484311.0627882
Stats/Learning_Rate,107850,9.999999747378752e-05,1766484420.6613178
Stats/Learning_Rate,107900,9.999999747378752e-05,1766484530.5214233
Stats/Learning_Rate,107950,9.999999747378752e-05,1766484646.5049849
Stats/Learning_Rate,108000,9.999999747378752e-05,1766484762.9044054
Stats/Learning_Rate,108050,9.999999747378752e-05,1766484873.6857955
Stats/Learning_Rate,108100,9.999999747378752e-05,1766484991.6246834
Stats/Learning_Rate,108150,9.999999747378752e-05,1766485107.5166907
Stats/Learning_Rate,108200,9.999999747378752e-05,1766485221.9150093
Stats/Learning_Rate,108250,9.999999747378752e-05,1766485336.3287876
Stats/Learning_Rate,108300,9.999999747378752e-05,1766485451.0994706
Stats/Learning_Rate,108350,9.999999747378752e-05,1766485565.8881361
Stats/Learning_Rate,108400,9.999999747378752e-05,1766485679.1369438
Stats/Learning_Rate,108450,9.999999747378752e-05,1766485789.0673006
Stats/Learning_Rate,108500,9.999999747378752e-05,1766485900.1107454
Stats/Learning_Rate,108550,9.999999747378752e-05,1766486009.8419144
Stats/Learning_Rate,108600,9.999999747378752e-05,1766486124.6591008
Stats/Learning_Rate,108650,9.999999747378752e-05,1766486237.5448835
Stats/Learning_Rate,108700,9.999999747378752e-05,1766486350.9517975
Stats/Learning_Rate,108750,9.999999747378752e-05,1766486462.573813
Stats/Learning_Rate,108800,9.999999747378752e-05,1766486573.6968887
Stats/Learning_Rate,108850,9.999999747378752e-05,1766486690.9251804
Stats/Learning_Rate,108900,9.999999747378752e-05,1766486803.16012
Stats/Learning_Rate,108950,9.999999747378752e-05,1766486913.378841
Stats/Learning_Rate,109000,9.999999747378752e-05,1766487024.846455
Stats/Learning_Rate,109050,9.999999747378752e-05,1766487136.9718926
Stats/Learning_Rate,109100,9.999999747378752e-05,1766487250.1416736
Stats/Learning_Rate,109150,9.999999747378752e-05,1766487363.553119
Stats/Learning_Rate,109200,9.999999747378752e-05,1766487475.4076853
Stats/Learning_Rate,109250,9.999999747378752e-05,1766487587.2583466
Stats/Learning_Rate,109300,9.999999747378752e-05,1766487699.74798
Stats/Learning_Rate,109350,9.999999747378752e-05,1766487811.8707511
Stats/Learning_Rate,109400,9.999999747378752e-05,1766487925.0416012
Stats/Learning_Rate,109450,9.999999747378752e-05,1766488037.358734
Stats/Learning_Rate,109500,9.999999747378752e-05,1766488148.9295125
Stats/Learning_Rate,109550,9.999999747378752e-05,1766488259.5261493
Stats/Learning_Rate,109600,9.999999747378752e-05,1766488374.6320214
Stats/Learning_Rate,109650,9.999999747378752e-05,1766488488.291656
Stats/Learning_Rate,109700,9.999999747378752e-05,1766488599.0853043
Stats/Learning_Rate,109750,9.999999747378752e-05,1766488708.013973
Stats/Learning_Rate,109800,9.999999747378752e-05,1766488821.7141533
Stats/Learning_Rate,109850,9.999999747378752e-05,1766488931.159782
Stats/Learning_Rate,109900,9.999999747378752e-05,1766489041.6237037
Stats/Learning_Rate,109950,9.999999747378752e-05,1766489152.6884549
Stats/Learning_Rate,110000,9.999999747378752e-05,1766489267.3938062
Stats/Learning_Rate,110050,9.999999747378752e-05,1766489381.8716254
Stats/Learning_Rate,110100,9.999999747378752e-05,1766489490.8709853
Stats/Learning_Rate,110150,9.999999747378752e-05,1766489602.0996487
Stats/Learning_Rate,110200,9.999999747378752e-05,1766489715.1119196
Stats/Learning_Rate,110250,9.999999747378752e-05,1766489827.7858493
Stats/Learning_Rate,110300,9.999999747378752e-05,1766489940.3821323
Stats/Learning_Rate,110350,9.999999747378752e-05,1766490053.3225632
Stats/Learning_Rate,110400,9.999999747378752e-05,1766490163.512388
Stats/Learning_Rate,110450,9.999999747378752e-05,1766490275.6572933
Stats/Learning_Rate,110500,9.999999747378752e-05,1766490389.3313167
Stats/Learning_Rate,110550,9.999999747378752e-05,1766490503.5131264
Stats/Learning_Rate,110600,9.999999747378752e-05,1766490613.221794
Stats/Learning_Rate,110650,9.999999747378752e-05,1766490726.881424
Stats/Learning_Rate,110700,9.999999747378752e-05,1766490837.7911448
Stats/Learning_Rate,110750,9.999999747378752e-05,1766490950.088055
Stats/Learning_Rate,110800,9.999999747378752e-05,1766491061.5696177
Stats/Learning_Rate,110850,9.999999747378752e-05,1766491173.3114626
Stats/Learning_Rate,110900,9.999999747378752e-05,1766491289.8528588
Stats/Learning_Rate,110950,9.999999747378752e-05,1766491406.2209988
Stats/Learning_Rate,111000,9.999999747378752e-05,1766491520.7684333
Stats/Learning_Rate,111050,9.999999747378752e-05,1766491634.4122782
Stats/Learning_Rate,111100,9.999999747378752e-05,1766491746.9754639
Stats/Learning_Rate,111150,9.999999747378752e-05,1766491860.2483425
Stats/Learning_Rate,111200,9.999999747378752e-05,1766491974.6441178
Stats/Learning_Rate,111250,9.999999747378752e-05,1766492083.0736434
Stats/Learning_Rate,111300,9.999999747378752e-05,1766492193.371208
Stats/Learning_Rate,111350,9.999999747378752e-05,1766492305.309334
Stats/Learning_Rate,111400,9.999999747378752e-05,1766492415.8684025
Stats/Learning_Rate,111450,9.999999747378752e-05,1766492526.1835017
Stats/Learning_Rate,111500,9.999999747378752e-05,1766492640.7868578
Stats/Learning_Rate,111550,9.999999747378752e-05,1766492755.6908162
Stats/Learning_Rate,111600,9.999999747378752e-05,1766492870.8166544
Stats/Learning_Rate,111650,9.999999747378752e-05,1766492982.1096036
Stats/Learning_Rate,111700,9.999999747378752e-05,1766493097.7687457
Stats/Learning_Rate,111750,9.999999747378752e-05,1766493208.9829552
Stats/Learning_Rate,111800,9.999999747378752e-05,1766493325.0278628
Stats/Learning_Rate,111850,9.999999747378752e-05,1766493436.2491
Stats/Learning_Rate,111900,9.999999747378752e-05,1766493546.860727
Stats/Learning_Rate,111950,9.999999747378752e-05,1766493659.4747152
Stats/Learning_Rate,112000,9.999999747378752e-05,1766493771.2571492
Stats/Learning_Rate,112050,9.999999747378752e-05,1766493883.1909533
Stats/Learning_Rate,112100,9.999999747378752e-05,1766493998.5457003
Stats/Learning_Rate,112150,9.999999747378752e-05,1766494109.4599223
Stats/Learning_Rate,112200,9.999999747378752e-05,1766494220.2762113
Stats/Learning_Rate,112250,9.999999747378752e-05,1766494329.4735
Stats/Learning_Rate,112300,9.999999747378752e-05,1766494439.8392012
Stats/Learning_Rate,112350,9.999999747378752e-05,1766494553.0130951
Stats/Learning_Rate,112400,9.999999747378752e-05,1766494664.9838042
Stats/Learning_Rate,112450,9.999999747378752e-05,1766494776.7297215
Stats/Learning_Rate,112500,9.999999747378752e-05,1766494890.2577908
Stats/Learning_Rate,112550,9.999999747378752e-05,1766495003.024513
Stats/Learning_Rate,112600,9.999999747378752e-05,1766495113.629812
Stats/Learning_Rate,112650,9.999999747378752e-05,1766495221.937512
Stats/Learning_Rate,112700,9.999999747378752e-05,1766495333.9914489
Stats/Learning_Rate,112750,9.999999747378752e-05,1766495448.1337366
Stats/Learning_Rate,112800,9.999999747378752e-05,1766495559.4179056
Stats/Learning_Rate,112850,9.999999747378752e-05,1766495672.9117897
Stats/Learning_Rate,112900,9.999999747378752e-05,1766495780.8066049
Stats/Learning_Rate,112950,9.999999747378752e-05,1766495891.694501
Stats/Learning_Rate,113000,9.999999747378752e-05,1766496004.8160121
Stats/Learning_Rate,113050,9.999999747378752e-05,1766496118.1453793
Stats/Learning_Rate,113100,9.999999747378752e-05,1766496233.0813138
Stats/Learning_Rate,113150,9.999999747378752e-05,1766496342.8304636
Stats/Learning_Rate,113200,9.999999747378752e-05,1766496455.7167764
Stats/Learning_Rate,113250,9.999999747378752e-05,1766496569.2279925
Stats/Learning_Rate,113300,9.999999747378752e-05,1766496683.177869
Stats/Learning_Rate,113350,9.999999747378752e-05,1766496795.6409276
Stats/Learning_Rate,113400,9.999999747378752e-05,1766496909.0826154
Stats/Learning_Rate,113450,9.999999747378752e-05,1766497020.3909614
Stats/Learning_Rate,113500,9.999999747378752e-05,1766497131.1266236
Stats/Learning_Rate,113550,9.999999747378752e-05,1766497241.7589865
Stats/Learning_Rate,113600,9.999999747378752e-05,1766497354.9981184
Stats/Learning_Rate,113650,9.999999747378752e-05,1766497465.349005
Stats/Learning_Rate,113700,9.999999747378752e-05,1766497579.1396513
Stats/Learning_Rate,113750,9.999999747378752e-05,1766497696.6598911
Stats/Learning_Rate,113800,9.999999747378752e-05,1766497806.3561625
Stats/Learning_Rate,113850,9.999999747378752e-05,1766497918.8916132
Stats/Learning_Rate,113900,9.999999747378752e-05,1766498033.147158
Stats/Learning_Rate,113950,9.999999747378752e-05,1766498144.8985465
Stats/Learning_Rate,114000,9.999999747378752e-05,1766498254.0076258
Stats/Learning_Rate,114050,9.999999747378752e-05,1766498365.8381789
Stats/Learning_Rate,114100,9.999999747378752e-05,1766498478.0284774
Stats/Learning_Rate,114150,9.999999747378752e-05,1766498590.3282964
Stats/Learning_Rate,114200,9.999999747378752e-05,1766498707.0069063
Stats/Learning_Rate,114250,9.999999747378752e-05,1766498816.8390837
Stats/Learning_Rate,114300,9.999999747378752e-05,1766498925.8807127
Stats/Learning_Rate,114350,9.999999747378752e-05,1766499034.7528574
Stats/Learning_Rate,114400,9.999999747378752e-05,1766499149.6201468
Stats/Learning_Rate,114450,9.999999747378752e-05,1766499263.2293751
Stats/Learning_Rate,114500,9.999999747378752e-05,1766499376.9586446
Stats/Learning_Rate,114550,9.999999747378752e-05,1766499488.6617498
Stats/Learning_Rate,114600,9.999999747378752e-05,1766499598.9984894
Stats/Learning_Rate,114650,9.999999747378752e-05,1766499712.843991
Stats/Learning_Rate,114700,9.999999747378752e-05,1766499822.3062942
Stats/Learning_Rate,114750,9.999999747378752e-05,1766499932.1442378
Stats/Learning_Rate,114800,9.999999747378752e-05,1766500048.4549952
Stats/Learning_Rate,114850,9.999999747378752e-05,1766500161.200153
Stats/Learning_Rate,114900,9.999999747378752e-05,1766500274.8700774
Stats/Learning_Rate,114950,9.999999747378752e-05,1766500387.9885776
Stats/Learning_Rate,115000,9.999999747378752e-05,1766500501.2641785
Stats/Learning_Rate,115050,9.999999747378752e-05,1766500615.0912616
Stats/Learning_Rate,115100,9.999999747378752e-05,1766500729.8609128
Stats/Learning_Rate,115150,9.999999747378752e-05,1766500844.0290785
Stats/Learning_Rate,115200,9.999999747378752e-05,1766500956.2610168
Stats/Learning_Rate,115250,9.999999747378752e-05,1766501068.1147146
Stats/Learning_Rate,115300,9.999999747378752e-05,1766501181.000861
Stats/Learning_Rate,115350,9.999999747378752e-05,1766501290.580557
Stats/Learning_Rate,115400,9.999999747378752e-05,1766501404.2700949
Stats/Learning_Rate,115450,9.999999747378752e-05,1766501512.6287808
Stats/Learning_Rate,115500,9.999999747378752e-05,1766501622.7577794
Stats/Learning_Rate,115550,9.999999747378752e-05,1766501735.761048
Stats/Learning_Rate,115600,9.999999747378752e-05,1766501842.1646292
Stats/Learning_Rate,115650,9.999999747378752e-05,1766501953.6877913
Stats/Learning_Rate,115700,9.999999747378752e-05,1766502068.361178
Stats/Learning_Rate,115750,9.999999747378752e-05,1766502177.2953413
Stats/Learning_Rate,115800,9.999999747378752e-05,1766502290.2802663
Stats/Learning_Rate,115850,9.999999747378752e-05,1766502402.954635
Stats/Learning_Rate,115900,9.999999747378752e-05,1766502515.7459517
Stats/Learning_Rate,115950,9.999999747378752e-05,1766502628.45656
Stats/Learning_Rate,116000,9.999999747378752e-05,1766502739.1826334
Stats/Learning_Rate,116050,9.999999747378752e-05,1766502854.4548821
Stats/Learning_Rate,116100,9.999999747378752e-05,1766502965.3460717
Stats/Learning_Rate,116150,9.999999747378752e-05,1766503075.3083239
Stats/Learning_Rate,116200,9.999999747378752e-05,1766503189.8240488
Stats/Learning_Rate,116250,9.999999747378752e-05,1766503307.448643
Stats/Learning_Rate,116300,9.999999747378752e-05,1766503421.8547611
Stats/Learning_Rate,116350,9.999999747378752e-05,1766503535.567068
Stats/Learning_Rate,116400,9.999999747378752e-05,1766503649.1901271
Stats/Learning_Rate,116450,9.999999747378752e-05,1766503763.5050986
Stats/Learning_Rate,116500,9.999999747378752e-05,1766503872.361414
Stats/Learning_Rate,116550,9.999999747378752e-05,1766503984.307344
Stats/Learning_Rate,116600,9.999999747378752e-05,1766504098.9190025
Stats/Learning_Rate,116650,9.999999747378752e-05,1766504213.0303335
Stats/Learning_Rate,116700,9.999999747378752e-05,1766504327.993396
Stats/Learning_Rate,116750,9.999999747378752e-05,1766504441.4255376
Stats/Learning_Rate,116800,9.999999747378752e-05,1766504553.318639
Stats/Learning_Rate,116850,9.999999747378752e-05,1766504665.4171543
Stats/Learning_Rate,116900,9.999999747378752e-05,1766504776.8627417
Stats/Learning_Rate,116950,9.999999747378752e-05,1766504890.2806823
Stats/Learning_Rate,117000,9.999999747378752e-05,1766505002.1988251
Stats/Learning_Rate,117050,9.999999747378752e-05,1766505116.0056443
Stats/Learning_Rate,117100,9.999999747378752e-05,1766505226.1142037
Stats/Learning_Rate,117150,9.999999747378752e-05,1766505336.7169116
Stats/Learning_Rate,117200,9.999999747378752e-05,1766505447.3261461
Stats/Learning_Rate,117250,9.999999747378752e-05,1766505558.787775
Stats/Learning_Rate,117300,9.999999747378752e-05,1766505670.108367
Stats/Learning_Rate,117350,9.999999747378752e-05,1766505780.723263
Stats/Learning_Rate,117400,9.999999747378752e-05,1766505892.8169537
Stats/Learning_Rate,117450,9.999999747378752e-05,1766506001.8438387
Stats/Learning_Rate,117500,9.999999747378752e-05,1766506114.668957
Stats/Learning_Rate,117550,9.999999747378752e-05,1766506229.1095855
Stats/Learning_Rate,117600,9.999999747378752e-05,1766506342.5178463
Stats/Learning_Rate,117650,9.999999747378752e-05,1766506456.1110473
Stats/Learning_Rate,117700,9.999999747378752e-05,1766506567.162938
Stats/Learning_Rate,117750,9.999999747378752e-05,1766506675.894437
Stats/Learning_Rate,117800,9.999999747378752e-05,1766506788.627189
Stats/Learning_Rate,117850,9.999999747378752e-05,1766506901.500427
Stats/Learning_Rate,117900,9.999999747378752e-05,1766507016.71933
Stats/Learning_Rate,117950,9.999999747378752e-05,1766507127.4226003
Stats/Learning_Rate,118000,9.999999747378752e-05,1766507240.4772613
Stats/Learning_Rate,118050,9.999999747378752e-05,1766507353.615668
Stats/Learning_Rate,118100,9.999999747378752e-05,1766507467.6499553
Stats/Learning_Rate,118150,9.999999747378752e-05,1766507579.9497209
Stats/Learning_Rate,118200,9.999999747378752e-05,1766507691.1963315
Stats/Learning_Rate,118250,9.999999747378752e-05,1766507800.9398391
Stats/Learning_Rate,118300,9.999999747378752e-05,1766507914.6723936
Stats/Learning_Rate,118350,9.999999747378752e-05,1766508025.3812737
Stats/Learning_Rate,118400,9.999999747378752e-05,1766508137.9088204
Stats/Learning_Rate,118450,9.999999747378752e-05,1766508248.0188332
Stats/Learning_Rate,118500,9.999999747378752e-05,1766508361.5825782
Stats/Learning_Rate,118550,9.999999747378752e-05,1766508471.711573
Stats/Learning_Rate,118600,9.999999747378752e-05,1766508585.4107041
Stats/Learning_Rate,118650,9.999999747378752e-05,1766508700.9728203
Stats/Learning_Rate,118700,9.999999747378752e-05,1766508815.70996
Stats/Learning_Rate,118750,9.999999747378752e-05,1766508928.812701
Stats/Learning_Rate,118800,9.999999747378752e-05,1766509039.231038
Stats/Learning_Rate,118850,9.999999747378752e-05,1766509152.0556293
Stats/Learning_Rate,118900,9.999999747378752e-05,1766509262.6162708
Stats/Learning_Rate,118950,9.999999747378752e-05,1766509377.18274
Stats/Learning_Rate,119000,9.999999747378752e-05,1766509491.029444
Stats/Learning_Rate,119050,9.999999747378752e-05,1766509606.5538304
Stats/Learning_Rate,119100,9.999999747378752e-05,1766509718.266694
Stats/Learning_Rate,119150,9.999999747378752e-05,1766509828.679768
Stats/Learning_Rate,119200,9.999999747378752e-05,1766509939.9827332
Stats/Learning_Rate,119250,9.999999747378752e-05,1766510051.9707534
Stats/Learning_Rate,119300,9.999999747378752e-05,1766510162.9759705
Stats/Learning_Rate,119350,9.999999747378752e-05,1766510273.9142046
Stats/Learning_Rate,119400,9.999999747378752e-05,1766510385.630386
Stats/Learning_Rate,119450,9.999999747378752e-05,1766510498.1525471
Stats/Learning_Rate,119500,9.999999747378752e-05,1766510611.3736804
Stats/Learning_Rate,119550,9.999999747378752e-05,1766510725.7296596
Stats/Learning_Rate,119600,9.999999747378752e-05,1766510837.6576717
Stats/Learning_Rate,119650,9.999999747378752e-05,1766510950.2261472
Stats/Learning_Rate,119700,9.999999747378752e-05,1766511061.4885378
Stats/Learning_Rate,119750,9.999999747378752e-05,1766511174.350654
Stats/Learning_Rate,119800,9.999999747378752e-05,1766511283.6551187
Stats/Learning_Rate,119850,9.999999747378752e-05,1766511399.2481852
Stats/Learning_Rate,119900,9.999999747378752e-05,1766511513.4831128
Stats/Learning_Rate,119950,9.999999747378752e-05,1766511627.044324
Stats/Learning_Rate,120000,9.999999747378752e-05,1766511739.8617089
Stats/Learning_Rate,120050,9.999999747378752e-05,1766511853.5983977
Stats/Learning_Rate,120100,9.999999747378752e-05,1766511967.7270432
Stats/Learning_Rate,120150,9.999999747378752e-05,1766512078.4733493
Stats/Learning_Rate,120200,9.999999747378752e-05,1766512192.6573262
Stats/Learning_Rate,120250,9.999999747378752e-05,1766512306.493269
Stats/Learning_Rate,120300,9.999999747378752e-05,1766512416.659072
Stats/Learning_Rate,120350,9.999999747378752e-05,1766512530.882774
Stats/Learning_Rate,120400,9.999999747378752e-05,1766512645.3750973
Stats/Learning_Rate,120450,9.999999747378752e-05,1766512757.6761801
Stats/Learning_Rate,120500,9.999999747378752e-05,1766512872.8790877
Stats/Learning_Rate,120550,9.999999747378752e-05,1766512984.417903
Stats/Learning_Rate,120600,9.999999747378752e-05,1766513096.3600743
Stats/Learning_Rate,120650,9.999999747378752e-05,1766513206.7501905
Stats/Learning_Rate,120700,9.999999747378752e-05,1766513314.8433304
Stats/Learning_Rate,120750,9.999999747378752e-05,1766513428.4202995
Stats/Learning_Rate,120800,9.999999747378752e-05,1766513539.225637
Stats/Learning_Rate,120850,9.999999747378752e-05,1766513651.5330033
Stats/Learning_Rate,120900,9.999999747378752e-05,1766513763.9781806
Stats/Learning_Rate,120950,9.999999747378752e-05,1766513873.6139598
Stats/Learning_Rate,121000,9.999999747378752e-05,1766513985.1043136
Stats/Learning_Rate,121050,9.999999747378752e-05,1766514099.3915162
Stats/Learning_Rate,121100,9.999999747378752e-05,1766514211.4927995
Stats/Learning_Rate,121150,9.999999747378752e-05,1766514323.4831312
Stats/Learning_Rate,121200,9.999999747378752e-05,1766514433.451123
Stats/Learning_Rate,121250,9.999999747378752e-05,1766514545.1787777
Stats/Learning_Rate,121300,9.999999747378752e-05,1766514657.698826
Stats/Learning_Rate,121350,9.999999747378752e-05,1766514772.1337874
Stats/Learning_Rate,121400,9.999999747378752e-05,1766514883.7865674
Stats/Learning_Rate,121450,9.999999747378752e-05,1766514995.917581
Stats/Learning_Rate,121500,9.999999747378752e-05,1766515110.4872231
Stats/Learning_Rate,121550,9.999999747378752e-05,1766515223.6480455
Stats/Learning_Rate,121600,9.999999747378752e-05,1766515337.584953
Stats/Learning_Rate,121650,9.999999747378752e-05,1766515448.3092046
Stats/Learning_Rate,121700,9.999999747378752e-05,1766515564.5816927
Stats/Learning_Rate,121750,9.999999747378752e-05,1766515677.3568451
Stats/Learning_Rate,121800,9.999999747378752e-05,1766515792.1347733
Stats/Learning_Rate,121850,9.999999747378752e-05,1766515903.5895245
Stats/Learning_Rate,121900,9.999999747378752e-05,1766516015.6492047
Stats/Learning_Rate,121950,9.999999747378752e-05,1766516128.0843234
Stats/Learning_Rate,122000,9.999999747378752e-05,1766516236.6198463
Stats/Learning_Rate,122050,9.999999747378752e-05,1766516348.9681134
Stats/Learning_Rate,122100,9.999999747378752e-05,1766516463.6774259
Stats/Learning_Rate,122150,9.999999747378752e-05,1766516578.3191216
Stats/Learning_Rate,122200,9.999999747378752e-05,1766516689.112631
Stats/Learning_Rate,122250,9.999999747378752e-05,1766516796.191489
Stats/Learning_Rate,122300,9.999999747378752e-05,1766516905.7791607
Stats/Learning_Rate,122350,9.999999747378752e-05,1766517017.4006743
Stats/Learning_Rate,122400,9.999999747378752e-05,1766517129.0164664
Stats/Learning_Rate,122450,9.999999747378752e-05,1766517243.2924445
Stats/Learning_Rate,122500,9.999999747378752e-05,1766517353.9858859
Stats/Learning_Rate,122550,9.999999747378752e-05,1766517466.5862553
Stats/Learning_Rate,122600,9.999999747378752e-05,1766517577.6904037
Stats/Learning_Rate,122650,9.999999747378752e-05,1766517688.7885911
Stats/Learning_Rate,122700,9.999999747378752e-05,1766517797.833156
Stats/Learning_Rate,122750,9.999999747378752e-05,1766517909.77422
Stats/Learning_Rate,122800,9.999999747378752e-05,1766518020.6220322
Stats/Learning_Rate,122850,9.999999747378752e-05,1766518135.0289912
Stats/Learning_Rate,122900,9.999999747378752e-05,1766518247.604796
Stats/Learning_Rate,122950,9.999999747378752e-05,1766518361.2937589
Stats/Learning_Rate,123000,9.999999747378752e-05,1766518473.0459344
Stats/Learning_Rate,123050,9.999999747378752e-05,1766518584.4931562
Stats/Learning_Rate,123100,9.999999747378752e-05,1766518697.4440815
Stats/Learning_Rate,123150,9.999999747378752e-05,1766518813.2976663
Stats/Learning_Rate,123200,9.999999747378752e-05,1766518927.396425
Stats/Learning_Rate,123250,9.999999747378752e-05,1766519038.9796755
Stats/Learning_Rate,123300,9.999999747378752e-05,1766519148.2202437
Stats/Learning_Rate,123350,9.999999747378752e-05,1766519262.086506
Stats/Learning_Rate,123400,9.999999747378752e-05,1766519374.556479
Stats/Learning_Rate,123450,9.999999747378752e-05,1766519486.0712085
Stats/Learning_Rate,123500,9.999999747378752e-05,1766519596.340082
Stats/Learning_Rate,123550,9.999999747378752e-05,1766519706.361058
Stats/Learning_Rate,123600,9.999999747378752e-05,1766519818.913947
Stats/Learning_Rate,123650,9.999999747378752e-05,1766519935.6085868
Stats/Learning_Rate,123700,9.999999747378752e-05,1766520052.128473
Stats/Learning_Rate,123750,9.999999747378752e-05,1766520166.5879917
Stats/Learning_Rate,123800,9.999999747378752e-05,1766520277.0536327
Stats/Learning_Rate,123850,9.999999747378752e-05,1766520392.6297472
Stats/Learning_Rate,123900,9.999999747378752e-05,1766520502.9481812
Stats/Learning_Rate,123950,9.999999747378752e-05,1766520618.0395627
Stats/Learning_Rate,124000,9.999999747378752e-05,1766520729.451282
Stats/Learning_Rate,124050,9.999999747378752e-05,1766520835.9569838
Stats/Learning_Rate,124100,9.999999747378752e-05,1766520949.3285925
Stats/Learning_Rate,124150,9.999999747378752e-05,1766521062.5364583
Stats/Learning_Rate,124200,9.999999747378752e-05,1766521180.857369
Stats/Learning_Rate,124250,9.999999747378752e-05,1766521289.5668194
Stats/Learning_Rate,124300,9.999999747378752e-05,1766521406.4978764
Stats/Learning_Rate,124350,9.999999747378752e-05,1766521518.3007286
Stats/Learning_Rate,124400,9.999999747378752e-05,1766521630.271019
Stats/Learning_Rate,124450,9.999999747378752e-05,1766521743.2689567
Stats/Learning_Rate,124500,9.999999747378752e-05,1766521856.2544756
Stats/Learning_Rate,124550,9.999999747378752e-05,1766521967.8157892
Stats/Learning_Rate,124600,9.999999747378752e-05,1766522081.9667528
Stats/Learning_Rate,124650,9.999999747378752e-05,1766522194.7419906
Stats/Learning_Rate,124700,9.999999747378752e-05,1766522309.9464846
Stats/Learning_Rate,124750,9.999999747378752e-05,1766522423.557457
Stats/Learning_Rate,124800,9.999999747378752e-05,1766522538.676661
Stats/Learning_Rate,124850,9.999999747378752e-05,1766522648.8615978
Stats/Learning_Rate,124900,9.999999747378752e-05,1766522763.0095477
Stats/Learning_Rate,124950,9.999999747378752e-05,1766522873.8207357
Stats/Learning_Rate,125000,9.999999747378752e-05,1766522988.898155
Stats/Learning_Rate,125050,9.999999747378752e-05,1766523102.2402802
Stats/Learning_Rate,125100,9.999999747378752e-05,1766523210.4806955
Stats/Learning_Rate,125150,9.999999747378752e-05,1766523328.2040782
Stats/Learning_Rate,125200,9.999999747378752e-05,1766523434.9213183
Stats/Learning_Rate,125250,9.999999747378752e-05,1766523550.8878696
Stats/Learning_Rate,125300,9.999999747378752e-05,1766523662.0614264
Stats/Learning_Rate,125350,9.999999747378752e-05,1766523774.7406254
Stats/Learning_Rate,125400,9.999999747378752e-05,1766523881.294261
Stats/Learning_Rate,125450,9.999999747378752e-05,1766523995.3318975
Stats/Learning_Rate,125500,9.999999747378752e-05,1766524107.3600276
Stats/Learning_Rate,125550,9.999999747378752e-05,1766524219.1025858
Stats/Learning_Rate,125600,9.999999747378752e-05,1766524334.0627728
Stats/Learning_Rate,125650,9.999999747378752e-05,1766524445.4499063
Stats/Learning_Rate,125700,9.999999747378752e-05,1766524556.6403384
Stats/Learning_Rate,125750,9.999999747378752e-05,1766524672.5415282
Stats/Learning_Rate,125800,9.999999747378752e-05,1766524786.4354596
Stats/Learning_Rate,125850,9.999999747378752e-05,1766524899.1617534
Stats/Learning_Rate,125900,9.999999747378752e-05,1766525011.9768343
Stats/Learning_Rate,125950,9.999999747378752e-05,1766525124.421403
Stats/Learning_Rate,126000,9.999999747378752e-05,1766525235.5658822
Stats/Learning_Rate,126050,9.999999747378752e-05,1766525345.202408
Stats/Learning_Rate,126100,9.999999747378752e-05,1766525454.995847
Stats/Learning_Rate,126150,9.999999747378752e-05,1766525566.3227494
Stats/Learning_Rate,126200,9.999999747378752e-05,1766525685.255727
Stats/Learning_Rate,126250,9.999999747378752e-05,1766525796.3713572
Stats/Learning_Rate,126300,9.999999747378752e-05,1766525911.6165266
Stats/Learning_Rate,126350,9.999999747378752e-05,1766526028.5931556
Stats/Learning_Rate,126400,9.999999747378752e-05,1766526139.5339892
Stats/Learning_Rate,126450,9.999999747378752e-05,1766526247.263577
Stats/Learning_Rate,126500,9.999999747378752e-05,1766526361.253555
Stats/Learning_Rate,126550,9.999999747378752e-05,1766526474.5976832
Stats/Learning_Rate,126600,9.999999747378752e-05,1766526585.6479301
Stats/Learning_Rate,126650,9.999999747378752e-05,1766526695.2381084
Stats/Learning_Rate,126700,9.999999747378752e-05,1766526805.6737843
Stats/Learning_Rate,126750,9.999999747378752e-05,1766526918.7641342
Stats/Learning_Rate,126800,9.999999747378752e-05,1766527030.8443828
Stats/Learning_Rate,126850,9.999999747378752e-05,1766527142.6366756
Stats/Learning_Rate,126900,9.999999747378752e-05,1766527256.2327287
Stats/Learning_Rate,126950,9.999999747378752e-05,1766527368.1160302
Stats/Learning_Rate,127000,9.999999747378752e-05,1766527479.0449991
Stats/Learning_Rate,127050,9.999999747378752e-05,1766527594.2157106
Stats/Learning_Rate,127100,9.999999747378752e-05,1766527707.092981
Stats/Learning_Rate,127150,9.999999747378752e-05,1766527820.4046762
Stats/Learning_Rate,127200,9.999999747378752e-05,1766527933.4035878
Stats/Learning_Rate,127250,9.999999747378752e-05,1766528045.89928
Stats/Learning_Rate,127300,9.999999747378752e-05,1766528158.887121
Stats/Learning_Rate,127350,9.999999747378752e-05,1766528273.2117295
Stats/Learning_Rate,127400,9.999999747378752e-05,1766528386.300923
Stats/Learning_Rate,127450,9.999999747378752e-05,1766528496.1473649
Stats/Learning_Rate,127500,9.999999747378752e-05,1766528611.431575
Stats/Learning_Rate,127550,9.999999747378752e-05,1766528724.2654872
Stats/Learning_Rate,127600,9.999999747378752e-05,1766528838.7703118
Stats/Learning_Rate,127650,9.999999747378752e-05,1766528951.0594156
Stats/Learning_Rate,127700,9.999999747378752e-05,1766529062.7460272
Stats/Learning_Rate,127750,9.999999747378752e-05,1766529177.1175933
Stats/Learning_Rate,127800,9.999999747378752e-05,1766529292.0967915
Stats/Learning_Rate,127850,9.999999747378752e-05,1766529403.1140475
Stats/Learning_Rate,127900,9.999999747378752e-05,1766529513.2110083
Stats/Learning_Rate,127950,9.999999747378752e-05,1766529625.448411
Stats/Learning_Rate,128000,9.999999747378752e-05,1766529738.1068528
Stats/Learning_Rate,128050,9.999999747378752e-05,1766529847.6442974
Stats/Learning_Rate,128100,9.999999747378752e-05,1766529962.5243742
Stats/Learning_Rate,128150,9.999999747378752e-05,1766530075.4915946
Stats/Learning_Rate,128200,9.999999747378752e-05,1766530182.1246686
Stats/Learning_Rate,128250,9.999999747378752e-05,1766530297.895529
Stats/Learning_Rate,128300,9.999999747378752e-05,1766530408.4577103
Stats/Learning_Rate,128350,9.999999747378752e-05,1766530525.5323453
Stats/Learning_Rate,128400,9.999999747378752e-05,1766530637.0976634
Stats/Learning_Rate,128450,9.999999747378752e-05,1766530753.9051135
Stats/Learning_Rate,128500,9.999999747378752e-05,1766530863.2733722
Stats/Learning_Rate,128550,9.999999747378752e-05,1766530975.2408204
Stats/Learning_Rate,128600,9.999999747378752e-05,1766531086.5941205
Stats/Learning_Rate,128650,9.999999747378752e-05,1766531200.4443903
Stats/Learning_Rate,128700,9.999999747378752e-05,1766531311.615316
Stats/Learning_Rate,128750,9.999999747378752e-05,1766531424.920259
Stats/Learning_Rate,128800,9.999999747378752e-05,1766531541.6174965
Stats/Learning_Rate,128850,9.999999747378752e-05,1766531657.5284092
Stats/Learning_Rate,128900,9.999999747378752e-05,1766531769.4781153
Stats/Learning_Rate,128950,9.999999747378752e-05,1766531881.5072749
Stats/Learning_Rate,129000,9.999999747378752e-05,1766531989.2895827
Stats/Learning_Rate,129050,9.999999747378752e-05,1766532097.3399389
Stats/Learning_Rate,129100,9.999999747378752e-05,1766532211.0088758
Stats/Learning_Rate,129150,9.999999747378752e-05,1766532326.3026567
Stats/Learning_Rate,129200,9.999999747378752e-05,1766532441.99169
Stats/Learning_Rate,129250,9.999999747378752e-05,1766532556.1271803
Stats/Learning_Rate,129300,9.999999747378752e-05,1766532668.9965034
Stats/Learning_Rate,129350,9.999999747378752e-05,1766532782.6141627
Stats/Learning_Rate,129400,9.999999747378752e-05,1766532898.8465402
Stats/Learning_Rate,129450,9.999999747378752e-05,1766533015.6007771
Stats/Learning_Rate,129500,9.999999747378752e-05,1766533133.969415
Stats/Learning_Rate,129550,9.999999747378752e-05,1766533245.6088054
Stats/Learning_Rate,129600,9.999999747378752e-05,1766533354.802457
Stats/Learning_Rate,129650,9.999999747378752e-05,1766533467.2765636
Stats/Learning_Rate,129700,9.999999747378752e-05,1766533576.8677194
Stats/Learning_Rate,129750,9.999999747378752e-05,1766533688.3863585
Stats/Learning_Rate,129800,9.999999747378752e-05,1766533804.5869184
Stats/Learning_Rate,129850,9.999999747378752e-05,1766533919.010156
Stats/Learning_Rate,129900,9.999999747378752e-05,1766534033.0551887
Stats/Learning_Rate,129950,9.999999747378752e-05,1766534143.5348117
Stats/Learning_Rate,130000,9.999999747378752e-05,1766534256.0791934
Stats/Learning_Rate,130050,9.999999747378752e-05,1766534364.3960388
Stats/Learning_Rate,130100,9.999999747378752e-05,1766534478.3496933
Stats/Learning_Rate,130150,9.999999747378752e-05,1766534596.0982077
Stats/Learning_Rate,130200,9.999999747378752e-05,1766534707.718391
Stats/Learning_Rate,130250,9.999999747378752e-05,1766534820.0952916
Stats/Learning_Rate,130300,9.999999747378752e-05,1766534929.3225286
Stats/Learning_Rate,130350,9.999999747378752e-05,1766535039.9428763
Stats/Learning_Rate,130400,9.999999747378752e-05,1766535154.7883391
Stats/Learning_Rate,130450,9.999999747378752e-05,1766535265.9298885
Stats/Learning_Rate,130500,9.999999747378752e-05,1766535377.5259151
Stats/Learning_Rate,130550,9.999999747378752e-05,1766535488.7018344
Stats/Learning_Rate,130600,9.999999747378752e-05,1766535599.4547322
Stats/Learning_Rate,130650,9.999999747378752e-05,1766535712.2733357
Stats/Learning_Rate,130700,9.999999747378752e-05,1766535826.9250147
Stats/Learning_Rate,130750,9.999999747378752e-05,1766535940.2384095
Stats/Learning_Rate,130800,9.999999747378752e-05,1766536053.265435
Stats/Learning_Rate,130850,9.999999747378752e-05,1766536166.8704538
Stats/Learning_Rate,130900,9.999999747378752e-05,1766536279.533819
Stats/Learning_Rate,130950,9.999999747378752e-05,1766536390.951818
Stats/Learning_Rate,131000,9.999999747378752e-05,1766536501.1379151
Stats/Learning_Rate,131050,9.999999747378752e-05,1766536612.4920251
Stats/Learning_Rate,131100,9.999999747378752e-05,1766536723.8158305
Stats/Learning_Rate,131150,9.999999747378752e-05,1766536832.846818
Stats/Learning_Rate,131200,9.999999747378752e-05,1766536945.7363694
Stats/Learning_Rate,131250,9.999999747378752e-05,1766537057.851992
Stats/Learning_Rate,131300,9.999999747378752e-05,1766537166.0488994
Stats/Learning_Rate,131350,9.999999747378752e-05,1766537278.7910156
Stats/Learning_Rate,131400,9.999999747378752e-05,1766537391.0723102
Stats/Learning_Rate,131450,9.999999747378752e-05,1766537505.646401
Stats/Learning_Rate,131500,9.999999747378752e-05,1766537620.3308647
Stats/Learning_Rate,131550,9.999999747378752e-05,1766537732.2727175
Stats/Learning_Rate,131600,9.999999747378752e-05,1766537840.1586416
Stats/Learning_Rate,131650,9.999999747378752e-05,1766537953.8479629
Stats/Learning_Rate,131700,9.999999747378752e-05,1766538068.9554641
Stats/Learning_Rate,131750,9.999999747378752e-05,1766538178.710826
Stats/Learning_Rate,131800,9.999999747378752e-05,1766538296.3240879
Stats/Learning_Rate,131850,9.999999747378752e-05,1766538412.538029
Stats/Learning_Rate,131900,9.999999747378752e-05,1766538525.309504
Stats/Learning_Rate,131950,9.999999747378752e-05,1766538640.4139235
Stats/Learning_Rate,132000,9.999999747378752e-05,1766538752.2108088
Stats/Learning_Rate,132050,9.999999747378752e-05,1766538862.3918555
Stats/Learning_Rate,132100,9.999999747378752e-05,1766538972.1144974
Stats/Learning_Rate,132150,9.999999747378752e-05,1766539085.6844976
Stats/Learning_Rate,132200,9.999999747378752e-05,1766539196.703211
Stats/Learning_Rate,132250,9.999999747378752e-05,1766539311.5532725
Stats/Learning_Rate,132300,9.999999747378752e-05,1766539430.3789644
Stats/Learning_Rate,132350,9.999999747378752e-05,1766539543.5495045
Stats/Learning_Rate,132400,9.999999747378752e-05,1766539656.1276581
Stats/Learning_Rate,132450,9.999999747378752e-05,1766539765.7813995
Stats/Learning_Rate,132500,9.999999747378752e-05,1766539875.402943
Stats/Learning_Rate,132550,9.999999747378752e-05,1766539987.1067758
Stats/Learning_Rate,132600,9.999999747378752e-05,1766540098.9627512
Stats/Learning_Rate,132650,9.999999747378752e-05,1766540210.843181
Stats/Learning_Rate,132700,9.999999747378752e-05,1766540320.7163215
Stats/Learning_Rate,132750,9.999999747378752e-05,1766540432.6518004
Stats/Learning_Rate,132800,9.999999747378752e-05,1766540545.7216868
Stats/Learning_Rate,132850,9.999999747378752e-05,1766540655.5568697
Stats/Learning_Rate,132900,9.999999747378752e-05,1766540766.539294
Stats/Learning_Rate,132950,9.999999747378752e-05,1766540885.0080247
Stats/Learning_Rate,133000,9.999999747378752e-05,1766540997.253747
Stats/Learning_Rate,133050,9.999999747378752e-05,1766541109.5171406
Stats/Learning_Rate,133100,9.999999747378752e-05,1766541220.402163
Stats/Learning_Rate,133150,9.999999747378752e-05,1766541332.0341535
Stats/Learning_Rate,133200,9.999999747378752e-05,1766541442.880749
Stats/Learning_Rate,133250,9.999999747378752e-05,1766541557.418035
Stats/Learning_Rate,133300,9.999999747378752e-05,1766541668.8263073
Stats/Learning_Rate,133350,9.999999747378752e-05,1766541784.1822457
Stats/Learning_Rate,133400,9.999999747378752e-05,1766541900.2813013
Stats/Learning_Rate,133450,9.999999747378752e-05,1766542011.4746776
Stats/Learning_Rate,133500,9.999999747378752e-05,1766542125.9061134
Stats/Learning_Rate,133550,9.999999747378752e-05,1766542241.0072303
Stats/Learning_Rate,133600,9.999999747378752e-05,1766542353.199963
Stats/Learning_Rate,133650,9.999999747378752e-05,1766542466.9710848
Stats/Learning_Rate,133700,9.999999747378752e-05,1766542580.0539925
Stats/Learning_Rate,133750,9.999999747378752e-05,1766542690.620321
Stats/Learning_Rate,133800,9.999999747378752e-05,1766542804.3805997
Stats/Learning_Rate,133850,9.999999747378752e-05,1766542910.3294349
Stats/Learning_Rate,133900,9.999999747378752e-05,1766543025.5954425
Stats/Learning_Rate,133950,9.999999747378752e-05,1766543136.326563
Stats/Learning_Rate,134000,9.999999747378752e-05,1766543246.4078007
Stats/Learning_Rate,134050,9.999999747378752e-05,1766543361.7568104
Stats/Learning_Rate,134100,9.999999747378752e-05,1766543473.25604
Stats/Learning_Rate,134150,9.999999747378752e-05,1766543581.73648
Stats/Learning_Rate,134200,9.999999747378752e-05,1766543692.9445155
Stats/Learning_Rate,134250,9.999999747378752e-05,1766543806.1103601
Stats/Learning_Rate,134300,9.999999747378752e-05,1766543914.292074
Stats/Learning_Rate,134350,9.999999747378752e-05,1766544024.541707
Stats/Learning_Rate,134400,9.999999747378752e-05,1766544137.8274748
Stats/Learning_Rate,134450,9.999999747378752e-05,1766544254.0370858
Stats/Learning_Rate,134500,9.999999747378752e-05,1766544362.3286781
Stats/Learning_Rate,134550,9.999999747378752e-05,1766544475.3473692
Stats/Learning_Rate,134600,9.999999747378752e-05,1766544587.0257645
Stats/Learning_Rate,134650,9.999999747378752e-05,1766544700.5933309
Stats/Learning_Rate,134700,9.999999747378752e-05,1766544813.4609518
Stats/Learning_Rate,134750,9.999999747378752e-05,1766544924.659433
Stats/Learning_Rate,134800,9.999999747378752e-05,1766545038.6199126
Stats/Learning_Rate,134850,9.999999747378752e-05,1766545153.3899555
Stats/Learning_Rate,134900,9.999999747378752e-05,1766545268.8484807
Stats/Learning_Rate,134950,9.999999747378752e-05,1766545380.5770993
Stats/Learning_Rate,135000,9.999999747378752e-05,1766545491.89254
Stats/Learning_Rate,135050,9.999999747378752e-05,1766545601.828924
Stats/Learning_Rate,135100,9.999999747378752e-05,1766545714.6676877
Stats/Learning_Rate,135150,9.999999747378752e-05,1766545828.3079224
Stats/Learning_Rate,135200,9.999999747378752e-05,1766545939.4376745
Stats/Learning_Rate,135250,9.999999747378752e-05,1766546052.1741765
Stats/Learning_Rate,135300,9.999999747378752e-05,1766546164.3770618
Stats/Learning_Rate,135350,9.999999747378752e-05,1766546275.3449068
Stats/Learning_Rate,135400,9.999999747378752e-05,1766546387.5726295
Stats/Learning_Rate,135450,9.999999747378752e-05,1766546500.2222495
Stats/Learning_Rate,135500,9.999999747378752e-05,1766546612.133513
Stats/Learning_Rate,135550,9.999999747378752e-05,1766546724.910096
Stats/Learning_Rate,135600,9.999999747378752e-05,1766546836.6719277
Stats/Learning_Rate,135650,9.999999747378752e-05,1766546948.2226353
Stats/Learning_Rate,135700,9.999999747378752e-05,1766547059.195416
Stats/Learning_Rate,135750,9.999999747378752e-05,1766547173.4469686
Stats/Learning_Rate,135800,9.999999747378752e-05,1766547282.7587855
Stats/Learning_Rate,135850,9.999999747378752e-05,1766547391.3055055
Stats/Learning_Rate,135900,9.999999747378752e-05,1766547499.684542
Stats/Learning_Rate,135950,9.999999747378752e-05,1766547609.9437983
Stats/Learning_Rate,136000,9.999999747378752e-05,1766547721.9371135
Stats/Learning_Rate,136050,9.999999747378752e-05,1766547832.753049
Stats/Learning_Rate,136100,9.999999747378752e-05,1766547948.236696
Stats/Learning_Rate,136150,9.999999747378752e-05,1766548057.3613954
Stats/Learning_Rate,136200,9.999999747378752e-05,1766548167.6053112
Stats/Learning_Rate,136250,9.999999747378752e-05,1766548277.1032398
Stats/Learning_Rate,136300,9.999999747378752e-05,1766548390.880396
Stats/Learning_Rate,136350,9.999999747378752e-05,1766548501.9842527
Stats/Learning_Rate,136400,9.999999747378752e-05,1766548615.6177018
Stats/Learning_Rate,136450,9.999999747378752e-05,1766548725.739463
Stats/Learning_Rate,136500,9.999999747378752e-05,1766548837.3844268
Stats/Learning_Rate,136550,9.999999747378752e-05,1766548950.2395625
Stats/Learning_Rate,136600,9.999999747378752e-05,1766549061.7673101
Stats/Learning_Rate,136650,9.999999747378752e-05,1766549174.7875752
Stats/Learning_Rate,136700,9.999999747378752e-05,1766549285.6690297
Stats/Learning_Rate,136750,9.999999747378752e-05,1766549397.0591846
Stats/Learning_Rate,136800,9.999999747378752e-05,1766549507.925598
Stats/Learning_Rate,136850,9.999999747378752e-05,1766549619.9835837
Stats/Learning_Rate,136900,9.999999747378752e-05,1766549735.938203
Stats/Learning_Rate,136950,9.999999747378752e-05,1766549847.7747753
Stats/Learning_Rate,137000,9.999999747378752e-05,1766549962.6540067
Stats/Learning_Rate,137050,9.999999747378752e-05,1766550074.5446181
Stats/Learning_Rate,137100,9.999999747378752e-05,1766550187.3721287
Stats/Learning_Rate,137150,9.999999747378752e-05,1766550298.9240108
Stats/Learning_Rate,137200,9.999999747378752e-05,1766550410.5021503
Stats/Learning_Rate,137250,9.999999747378752e-05,1766550520.8558328
Stats/Learning_Rate,137300,9.999999747378752e-05,1766550633.8353848
Stats/Learning_Rate,137350,9.999999747378752e-05,1766550740.9249156
Stats/Learning_Rate,137400,9.999999747378752e-05,1766550849.1931548
Stats/Learning_Rate,137450,9.999999747378752e-05,1766550959.9853113
Stats/Learning_Rate,137500,9.999999747378752e-05,1766551077.074759
Stats/Learning_Rate,137550,9.999999747378752e-05,1766551188.8702848
Stats/Learning_Rate,137600,9.999999747378752e-05,1766551298.834974
Stats/Learning_Rate,137650,9.999999747378752e-05,1766551409.7598646
Stats/Learning_Rate,137700,9.999999747378752e-05,1766551523.9278889
Stats/Learning_Rate,137750,9.999999747378752e-05,1766551637.5392647
Stats/Learning_Rate,137800,9.999999747378752e-05,1766551748.939364
Stats/Learning_Rate,137850,9.999999747378752e-05,1766551863.727881
Stats/Learning_Rate,137900,9.999999747378752e-05,1766551975.6166458
Stats/Learning_Rate,137950,9.999999747378752e-05,1766552089.5425622
Stats/Learning_Rate,138000,9.999999747378752e-05,1766552202.328956
Stats/Learning_Rate,138050,9.999999747378752e-05,1766552314.2050738
Stats/Learning_Rate,138100,9.999999747378752e-05,1766552430.1013873
Stats/Learning_Rate,138150,9.999999747378752e-05,1766552543.2089381
Stats/Learning_Rate,138200,9.999999747378752e-05,1766552656.6339436
Stats/Learning_Rate,138250,9.999999747378752e-05,1766552770.451605
Stats/Learning_Rate,138300,9.999999747378752e-05,1766552883.657866
Stats/Learning_Rate,138350,9.999999747378752e-05,1766552996.2763832
Stats/Learning_Rate,138400,9.999999747378752e-05,1766553111.4148278
Stats/Learning_Rate,138450,9.999999747378752e-05,1766553223.0652711
Stats/Learning_Rate,138500,9.999999747378752e-05,1766553341.1976984
Stats/Learning_Rate,138550,9.999999747378752e-05,1766553453.088017
Stats/Learning_Rate,138600,9.999999747378752e-05,1766553568.1928194
Stats/Learning_Rate,138650,9.999999747378752e-05,1766553678.4097333
Stats/Learning_Rate,138700,9.999999747378752e-05,1766553791.6460302
Stats/Learning_Rate,138750,9.999999747378752e-05,1766553903.1045554
Stats/Learning_Rate,138800,9.999999747378752e-05,1766554013.4447193
Stats/Learning_Rate,138850,9.999999747378752e-05,1766554127.2232215
Stats/Learning_Rate,138900,9.999999747378752e-05,1766554241.8412013
Stats/Learning_Rate,138950,9.999999747378752e-05,1766554355.430751
Stats/Learning_Rate,139000,9.999999747378752e-05,1766554466.1465256
Stats/Learning_Rate,139050,9.999999747378752e-05,1766554573.7928274
Stats/Learning_Rate,139100,9.999999747378752e-05,1766554686.3613615
Stats/Learning_Rate,139150,9.999999747378752e-05,1766554797.939923
Stats/Learning_Rate,139200,9.999999747378752e-05,1766554908.3745353
Stats/Learning_Rate,139250,9.999999747378752e-05,1766555023.3528113
Stats/Learning_Rate,139300,9.999999747378752e-05,1766555135.3858824
Stats/Learning_Rate,139350,9.999999747378752e-05,1766555250.5123878
Stats/Learning_Rate,139400,9.999999747378752e-05,1766555362.1925735
Stats/Learning_Rate,139450,9.999999747378752e-05,1766555478.6706223
Stats/Learning_Rate,139500,9.999999747378752e-05,1766555590.5861373
Stats/Learning_Rate,139550,9.999999747378752e-05,1766555704.0470002
Stats/Learning_Rate,139600,9.999999747378752e-05,1766555814.353553
Stats/Learning_Rate,139650,9.999999747378752e-05,1766555927.977233
Stats/Learning_Rate,139700,9.999999747378752e-05,1766556038.97606
Stats/Learning_Rate,139750,9.999999747378752e-05,1766556151.365489
Stats/Learning_Rate,139800,9.999999747378752e-05,1766556263.287784
Stats/Learning_Rate,139850,9.999999747378752e-05,1766556377.0969622
Stats/Learning_Rate,139900,9.999999747378752e-05,1766556491.3770056
Stats/Learning_Rate,139950,9.999999747378752e-05,1766556603.2483118
Stats/Learning_Rate,140000,9.999999747378752e-05,1766556717.7925603
Stats/Learning_Rate,140050,9.999999747378752e-05,1766556834.4231586
Stats/Learning_Rate,140100,9.999999747378752e-05,1766556948.906265
Stats/Learning_Rate,140150,9.999999747378752e-05,1766557064.7661612
Stats/Learning_Rate,140200,9.999999747378752e-05,1766557176.5165803
Stats/Learning_Rate,140250,9.999999747378752e-05,1766557291.4777467
Stats/Learning_Rate,140300,9.999999747378752e-05,1766557405.5691164
Stats/Learning_Rate,140350,9.999999747378752e-05,1766557521.9522717
Stats/Learning_Rate,140400,9.999999747378752e-05,1766557633.9315677
Stats/Learning_Rate,140450,9.999999747378752e-05,1766557742.3272269
Stats/Learning_Rate,140500,9.999999747378752e-05,1766557855.7372918
Stats/Learning_Rate,140550,9.999999747378752e-05,1766557966.5140257
Stats/Learning_Rate,140600,9.999999747378752e-05,1766558075.7339807
Stats/Learning_Rate,140650,9.999999747378752e-05,1766558186.5631196
Stats/Learning_Rate,140700,9.999999747378752e-05,1766558301.093905
Stats/Learning_Rate,140750,9.999999747378752e-05,1766558411.1096866
Stats/Learning_Rate,140800,9.999999747378752e-05,1766558524.3703427
Stats/Learning_Rate,140850,9.999999747378752e-05,1766558633.465837
Stats/Learning_Rate,140900,9.999999747378752e-05,1766558745.6202478
Stats/Learning_Rate,140950,9.999999747378752e-05,1766558856.1010008
Stats/Learning_Rate,141000,9.999999747378752e-05,1766558967.1828802
Stats/Learning_Rate,141050,9.999999747378752e-05,1766559079.3123696
Stats/Learning_Rate,141100,9.999999747378752e-05,1766559191.3836603
Stats/Learning_Rate,141150,9.999999747378752e-05,1766559304.466343
Stats/Learning_Rate,141200,9.999999747378752e-05,1766559417.612459
Stats/Learning_Rate,141250,9.999999747378752e-05,1766559530.0628018
Stats/Learning_Rate,141300,9.999999747378752e-05,1766559640.1028302
Stats/Learning_Rate,141350,9.999999747378752e-05,1766559750.614381
Stats/Learning_Rate,141400,9.999999747378752e-05,1766559863.618574
Stats/Learning_Rate,141450,9.999999747378752e-05,1766559977.271483
Stats/Learning_Rate,141500,9.999999747378752e-05,1766560087.1522853
Stats/Learning_Rate,141550,9.999999747378752e-05,1766560198.0150208
Stats/Learning_Rate,141600,9.999999747378752e-05,1766560312.0471168
Stats/Learning_Rate,141650,9.999999747378752e-05,1766560424.1587896
Stats/Learning_Rate,141700,9.999999747378752e-05,1766560532.7389526
Stats/Learning_Rate,141750,9.999999747378752e-05,1766560642.4263427
Stats/Learning_Rate,141800,9.999999747378752e-05,1766560760.6062837
Stats/Learning_Rate,141850,9.999999747378752e-05,1766560868.3157034
Stats/Learning_Rate,141900,9.999999747378752e-05,1766560981.0964391
Stats/Learning_Rate,141950,9.999999747378752e-05,1766561090.2833765
Stats/Learning_Rate,142000,9.999999747378752e-05,1766561203.405007
Stats/Learning_Rate,142050,9.999999747378752e-05,1766561317.345102
Stats/Learning_Rate,142100,9.999999747378752e-05,1766561432.3662014
Stats/Learning_Rate,142150,9.999999747378752e-05,1766561546.9696553
Stats/Learning_Rate,142200,9.999999747378752e-05,1766561659.112394
Stats/Learning_Rate,142250,9.999999747378752e-05,1766561769.5890565
Stats/Learning_Rate,142300,9.999999747378752e-05,1766561885.4008985
Stats/Learning_Rate,142350,9.999999747378752e-05,1766561997.3531828
Stats/Learning_Rate,142400,9.999999747378752e-05,1766562111.5933206
